User @,Comment Text
nadyamgdlnn,"Guys ini aku pake untuk bagian atasnya aja yahh (bawah perut), buat pertengahannya pake gunting sih, krn gak berani kalo pake cukuranpun🥲"
ulfalatifah80,wah apa kk di perut juga tumbuh rambut saat hamil?
nadyamgdlnn,apakah kaka gatau ada usg transvaginal yang bukan cuma lewat perut doang?😅
rny.dn,kak pelembab ny pake apa?
abee.y,@kstrniss takut tambah dewasa
claraswannn,sama🤣
ratuuuuuuuuuuuuuu_,kak spill shopeenya plis
suciwahyuu,@kv
ferranaaa,Sampe gundul ga mba?
nadyamgdlnn,Enggaaaak
18putrimoes,"aku pernah cukur gundul si hutan rimba nya, pas tumbuh masha allah gatel2, sampe skrg troma saya 😅"
destyayu02,"ga bakal gatel ka klo cukurnya ngikutin arah bulunya, aku udh biasa botak😅"
gakkmaufyp,"Uda gatell trs perih kyk dicucuk cucuk gituu yaallah,aku jga trauma..kmnaa mana jln smbil ngegaruk+nahan perih😭😭"
18putrimoes,"haha bener bgt, skrg cuma di pangkas dikit pake gunting aja 😅"
whiphiphype,biasa nyukur pake apa kak?
destyayu02,"pke cukuran yg pink itu, apa ya namanya yg ada di indo/Alfa. yg sebungkus dpt 2"
huangrey,jadi cukurnya kebawah gt ya kak?
destyayu02,yes
ddipaaww,sama aku jg pake yg pink tp skrng dah jrng beralih ke wax
chocolatemilkyy23,emg keliatan kak? kan perut lagi melendungg
nadyamgdlnn,"Itu makanya ada kaca kak, jd liat kaca gitu WKWK atau kalo suami adaaa mnt bantuan paksuu"
summerr_light,kak pelembabnya pake apa? makasihh
puttpratw_,"ada suaminya juga mba wkwk, kali sama suaminya😅"
xpgxs,@moshilollyx rimba🌳🌳
haicapekysama,emangnya ngga boleh ya kalo di bagian itu?
louisedarkk,sma di perut juga ada bulunya☺️
bellala.05,spill tutor pemakaiannya ka ditangan ato dikaki gitu🥺
wulansa0611,pliiissss jangan ada yg kasih foto testi after pemakaian yaaa 😭😭
jevoislavieen.rosee,Trauma ya mbak😭
yeonwoo2970,emnk pernh ad yg testi ya😳
aliyyeeeeen,diingetin lagi 😭😭😭😭😭
ismifidia_,😭
punyaikaandrew,Msh trauma ya bund😌
yay_601,astagfirullah kaan ngakak lagi dan ke ingat lagiii[excited][tears]
rindyrizal03,wkwkwkwk ngakak😂
18desember.ultah,😭😭😭😭@_nopi.id
ayangnyaaldii,@tbls123 testi pemakaian
woeyyy__,😂
argafta_11,@laxjng
4firzyq,@siapasajabisa__ 😭😭
siapasajabisa__,😂
taniaaa66,hahaha😂
nnslwpwpdm,hah? emng ada😂
____guurlwtluv,@justmee336
sherlyagstia,Padahal dalupa 🥺
megayuniarti0,Heh wkwkwk 😅😅
aretasalma08,😅😂
teumegz,heh yaallah nangid
yogisp32_,ahahhaa membekas sekali epribadeehh😂😂
groove28,😂😂😂😂😂
haii98_,ngakak wee😭😭
n_otfound11111,HAHAHAHAHAHAHHAHAHAHAHAHAAHHAHAHA
lindaaass8,Benerrr 😭😭
...ilysmmmm,iya bkin trauma plz 😭🙏
dewiarraffi,"yg ibu2 itu yah,, aku prnah baca tp ga liat😂"
harimau_9,jadi penasaran 😅
ucidahh,haha baru tau USG gtu haha
anesrrr,usg transvaginal biasanya dipake pas usia kehamilan masih awal2 gitu mbak
mamamudaa238,iya biasanya usg Transvaginal bisa lebih jelas untuk mendeteksi kelainan dll didalam rahim.
kentang.kintung17,"eh aku baru 2 bulan dan dokterku cowok, tp belum di usg transvaginal knpa ya 😭😭😭 kok jadi deg""an"
raline_mikayla,"biasanyaa kalo ketauan hamil langsung di usg transv loh,aku sampe usia 12mgg di transv untuk liat perkembangan bayinyaa"
jawa_bos0,"istri saya, saya Carikan dokter cewek"
mamamudaa238,"better cr dokter cewe aja, sy jga wkt hamil smpe lahiran cri nya dokter cewe, krn rasanya malu aja klo dokter cowo, jd ga nyaman"
makhsanulfiqri,takutnya dokternya khilap wkwk
mama.azqila,yaa enggala udh berapa ribu yg diliat wkwk lagian kalo doknya cowo yg bagian gitu” susternya sih
blessvla,"dokter itu udh ada spesialisasi nya ya kak, mau cewe cowo kalo udh berurusan sama kerjaan apalagi mata pencaharian nya itu inshaallah ga ada khilaf2"
lee.link,"aku punya anak 2, gak pernah usg transvaginal koq selama kehamilan. usg yg biasa aja tiap kontrol"
hayolohsiapa1234,"usg TransV kalau kata dokter aku kalau pas awal tau hamil tp ga kedetect di usg biasa baru pakai transv, tp kalau uda bsa keliatan di usg 2d ya engga"
diutara,"Dokter punya prinsip masing2 kok mb, ad yg merasa suda cukup pakai usg abdominal ad jg yg perlu USG TV. Jd kalo ga dilakukan ya bukan nya salah 😁"
mitasulistiyani01,duh 😭 malu sii kalo dokter nya cowo
lidiandratmika_bian,"sampe lahiran dan yang ngejahit pun pak dokter itu, tp gak kepikiran ke arah Malu sama sekali, krna lebih mikir kalau dia dokter 😅🥺"
nasonohallebaim,Iya wkwk lagian suasananya jg ga sekaku itu sih kan. Ad suster dan dokternya jg datar2 aja profesional aja
lidiandratmika_bian,"dlu aku dokternya cwok, sampe lahiran gak ganti2.. tiap usg sama suami, ttp positif aja krna emang pkrjaan dia itu dan lagi Dokternya telaten"
dhevyvy__,"Sama bgt 😂 + dokter obgyn ku religi bgt, tiap usg diruangan setel tilawah quran tp pelan. 2 kali lahiran sama dia terus sih😁"
lidiandratmika_bian,"Iya btull mba, aku jg kalau rejeki mau sma dokter itu lgi sbgai dokter yg nnganin smpe lhiran😅"
yuliastuti1994,gpp bun..sy usg selalu cwo dokternya..tp biasa aja rasanya..dulu sempet mikir gtu juga
firaaaei,@njgns_ njir
lvf.you,@mhdabiil 😭
mhdabiil,woiii
ayupandita91,"Pas dipriksa langsung ngelag, jantung dah jedag jedug.. Apalagi dokternya cakep auto gagal fokus.. 😂😂"
ica19980,B aja plis ga usah alay kalo belom hamil ga bakal ngerti dokter cwo lebih teliti
amadeaaaww,tp sepengalaman ku dokter kandungan enakan cowok sih daripada cewek
tuty2186,"tapi sama dokter cwok lebih enak mba, extra hati2 sama ngomong ny lembut bnget"
user24687828597971,Hahaha Auto Salting Hutan nya😂😂
asss.uu,tpi bnyk dr kandungan cwo
sherinanaw,alatnya yg panjang itu yaa?😭
nadyamgdlnn,IYA NJIR
chacashaskia09,wakakak😭
rifawrdh_,tbll😭😭
hllo_v,hih😭😭
shin.ama,takut
anaklol3,😭😭😭
im_noza,"pernah 😂😂, malah belum cukuran 😂😂😂"
unaytayokucing,Sakit ga ka ?
nadyamgdlnn,"kalo aku kayanya kebal ya, jd ga sakit cuma kaku aja"
unaytayokucing,Takut 😂😂
minchimmm,sakit enggak kak?
dyxyln_,😭😭
hann_xx1,Engga. Asal jgn lama2 didiemin cream perontoknya
minchimmm,maksudnya alat usg nya kak
hann_xx1,Wkwkwk owalah salah 😅 alat usg nya juga gak sakit sih. Kan udh dikasih cairan gt ama dokternya biar gk sakit pas masuk
mmikenza,"mantap sakit bangettttt kak bagi aku, dua kali pula sebelum lahiran."
mmikenza,klo ak ttap skit kk sampe merem
unaytayokucing,😭😭😭😭 takut
arrums0,ya ampun bumil😭
bi.l.aa,@raynaaaaaaaaaaaaa
junimutiara06,@freaaaxxx
toxicgirlsv,Heh
chika5183,😅😅 udh pernah🥲
trisnaraw,Usg transvgnl kak
caramelstd,takuuttt 😭😭😭😭😭
urdewdrop,"tapi alatnya sakit sih, ga kaya punyanya tetangga sebelah"
sherinanaw,jiakh tetangga sebelah pura pura gatau deh🫣
mbapiitrii,🥺
ehaiyaya,emng usg skrng dr bgian bawah bukan perut lg????
dilafatdillah3103,yang panjang gimana?
meisy.aa,buat ngeruk bulunya
indrianispipin_aa,lebih malu lagii Kalok mau oprasi SC😂😅 aku oprasi emergency Dadakan banget eh hutan rimbanya jadi gundul sendiri bingung siapa yg nyukur🤭🙄😅
miwabyaka,"aku dulu pas zaman praktek di rs sbg mahasiswa bidan, kami yang nyukur mba 😅😅"
indrianispipin_aa,Yakan malu banget😅😅
ekayuli018,"dulu taun 2010 lahiran anak pertama, karna gk ada yg ngasih tau,JD aku gk cukur eehh abis lahiran, yg cukur cowo lagi😂😂😂"
zezaaa7,"aku juga mau sc gadikasih tau kalo harus cukur , eh pas diruang bersalin dicukurin sm bidannya😂"
peachyogurt_,@smoothlikefever 🙃
dory_nchim,"serius mba nanya, kalo SC itu dicukurnya bener bener habis dicukur dari bagian atas sampe bawah?"
zezaaa7,iya habis😅
smoothlikefever,anjir anjir untung lo baca
indrianispipin_aa,kalok aku habisss🙄🙄
auxyy2,@xnad1az7 😭
mantumamasuh,maafin ya 😭
sfvia1,@fifiiiii.16
fifiiiii.16,hmm
tiara.ro,Wow 🥺
ratuuuuuuuuuuuuuu_,waaaa maluu banget ya Allah
donatobakeryreal,😭😭😭😭 nangis kalau aku malu bangettt sih😭😭😭😭 tolong suamikuu
neko_chan449,Aku juga dlu pas praktekk biasa nyukur punya bunda2 hehe.. gpp🥰
mineeeee.h,@dillaamelia543 didewakan oleh tiktok:)
dillaamelia543,hadeh😭
xxxboyc,@dyxsab 😭😭
dyxsab,meduro😌
hallowinn26,aku juga gini kak sc dadakan yg nyukut bidan dari rs nya😅 malu bgt asli
rolikesahhh,@gollieye @uahaeng
indahf44,ngakak aku mba🤣🤣
your_favgirl17,ngakak 😂
yaraaa_75,@_disinisaya_
okk.lulu,hahahaha bun ya Allah aku ngakakkk
intan.lia08,"Perawat nya biasa nya yg cukur. Ataupun mereka tanya dulu sm kita udh di cukur blm bund? Kalau blm, tugas mereka utk mencukur 😬"
ikaaarrr,@alvinaryni 😭😭😭
nrwandaaaa,@errrrrikaaaa
gityu_,Sumpaaah ngakak bun 🤣🤣🤣🤣🤣🤣🤣
rahayusantika194,aaa sama bun.. niatnya mau usg ternyata sudah pembukaan akhirnya SC.. abiss itu kok hutan rimbanya hilang bersih tak tersisa..😂
fastyani,"suster mam 😂 aku pas lahiran udh di certain tmn klo bakal di cukurin, aku cukur lah sendiri krna malu kan di cukurin org. eh ttp aja di cukurin lg🤧"
serly1232,iaa ni jaman ank pertama ky gni ... krn ga tau apa2😅😅
_rizkaabcd,@ini_aakuu @aadk2k2 TBL🙈
indomienyamnyam,maaf kak salah tag😬
ini_aakuu,😌
ppluknow_,@_dibs.v anjrot😌
_dibs.v,😅😅😅
melinachand1905,"ketakutanku sblm nikah skrng byk bgt, tkt mlm pertama, tkt melahirkan, tmbh lg ini tkt dicukurin sama suster. Bkn tkt sih tp maluuu 😭"
indrianispipin_aa,"Yaampun ngakak😁😅..
ingetin ya beatiee sebelum lahiran Suruh Paksu cukurin dulu biar gak maluu😂🤭😭"
eskrimterus,@sasaava
irdinazraa,AHAHAHa auto gak malu lagi🙏🏻
nadyamgdlnn,"dokternya mah gpp, kitanya malu kalo gak mangkas😭🙏"
jklmngh,tp kan yg masukin susternya bukan dokter. aku sama dokter cowo jg soalnya
teresiams,dokternya awet muda
tuty2186,"lebih enak sama dokter yg cwok kan kak,extra hati2 sama ngomong ny lembut bnget"
diutara,"Bantu jwb ak anak koas, kerjaan ku bantu dokternya, stlh sdh masuk lalu ditutup selimut. Dokternya ga lihat sm sekali, dia cm liat layar usg 😁"
hasna.naf,Harusnya sih ada penutupnyaa
gingsul_hadid,"Mohon doa semuanya, semoga tahun ini aku bisa merasakan nikmatnya hamil. Semoga kalian yg membaca komenku ini dimudahkan segala urusannya, Aamiin 🤲"
nadyamgdlnn,AMINNN kakk
w.hy.2,"kak😭 sumpah malu banget kemarin pertama kali tes USG karna telat haid, dikira USG tuh di perut eh ternyata disitu mana ga cukur lagi, sumpah maluuu😭"
ccmanggadua,😭😭😭
anvvlia8,@yiyyiyiyi
falsegodvv,ANJIR TRS GIMANAAAA
w.hy.2,"ya gitu.. hutan nya keliatan dikit, terus diolesin gel lagi, yaallah malu nyaa😭😭"
moon.jjcc,"KAKKK, MAAF AKU NGAKAK BGT[cry][cry][cry]"
tgfrhdva,HAHAHA PERNAH
lapollux,"SERIUS NANYA, GAK PERIH BUND?"
nadyamgdlnn,ENGGAAAKKK BUNDD
lapollux,"woww otw beli, thx u infonyaa"
buble_co,"ga tau cara makenya pliss,takut salah pake malah sakit"
lixieboba,"ngga kok kak asal pakenya cuma di permukaan luar aja terus pastiin waktunya sesuai sama petunjuk, nanti bulunya pada kerut sendiri, tinggal serok deh"
buble_co,serok ke atas /bawah/kanan/kiri?
lixieboba,kalo aku biasanya sesuain sama arah tumbuh bulu sih
mingstore.id,pakenya kondisi basah apa kering?
_nonamatchaaa,"gua waktu check up masalah M dokternya cewek aja malu bangetttt sampe dokternya bilang ""gapapa buka aja""😩🙏🏼"
andinadiaahz,bau gak kak? soalnya saya pakai merk lain bau nya nyenyak banget🥺
giiegiee,"ngga samsekkk,gadaa baunyaaa enakkk bgt😭😭"
h.a.e.c.h.a.n_,buat miaw bnrn aman? trs itu boleh dipake buat yg di tengah nya ga?
nadyamgdlnn,gablh buat yg tengah. cm boleh bwh perut aja
h.a.e.c.h.a.n_,trs klo buat yg tengah pke apa ya?
nadyamgdlnn,Gunt1n9 aja ka
h.a.e.c.h.a.n_,"ohh okee, tapi ini kalo buat ketiak aman kan?"
nadyamgdlnn,Aman ka
ddpoee,aman bgt aku mke 3 menit an ku kerok langsung dah rontok hhha suka bgt
lidydyn,hah kok nyenyak😭😭 gimana gimana?
arum_fitria301,"dulu trend ny merk ve*t,. gw pas pkek buat ktiak howek2 mulu njir bisa gitu bauk cream nya yak,.😂"
uf0riaa,.
lulas4toru,baunya lagi tidur ya kak?😭
andinadiaahz,nyengat kakk typoo😭😭😭
ayupandita91,ku kira apa yg nyenyak.. 😭😭
rxdamxncy,Wkwkwk
anfzyh,yang sebelah ya? zuzur baunya awet bgt dan muak jadinya bahkan sampe seminggu masih kecium😩 bahkan kecium orang lain yg disebelah kitaa
andinadiaahz,iyaaa ih bener banger😂
powteto,"bau banget, bau obat kimia gitu"
cancerebi29,nyenyak sampe ketiduran ya bun? 😆
lnrrl_,bau si lumayan tpi ga lama baunya
lennycalistapjtn,nyenyak? tidur dong bund
ayyy_1595,"bknnya usg transvaginal cuma dr 0 minggu smpe 10minggu doang yah,, klo kehamilan udh lwt dr 10minggu itu biasa usg nya dr perut..."
nadyamgdlnn,"kadang suka disaranin bun kalo dokternya ngerasa kandungannya ada masalah, krn kan lebih keliatan, tp emg ga tiap bulannn kok"
ayyy_1595,"ohh bgtu yah baru tau sy bun, cz wktu tu sy usg transvaginal pas usia 4minggu doang, trus dokternya blng bgtu. klo lebih dr 10 minggu aku usg di perut"
kimjensoo__,"walaupun buka usg tv, setiap mau usg 2d/3d saya juga cukuran dulu, btw mom, ini kandungannya ngga bahaya ya?"
nadyamgdlnn,"benerr bun, soalnya rimbaku sampe atas atas gitu menjalar, mungkin moms yg lain engga kaliya🥲 aman kok tp jgn sampe bawah ya bun"
kimjensoo__,makasiu infonya ya kak 🙏🏻
halutanpabatas,pliss gue kira masker wajah sebelum usg😭
nindapurwasih2,emg alatnya lewat hutan ya? udah mo nikah tp ga mudeng😳 @Nadya Magdalena
nadyamgdlnn,"bukan lewat lagi kak kalo yg transvaginal mah, dimasukin🙁"
marnechidiredja,"Aku baru aja usg transvaginal, kaget ya bun dimasukin panjang bgt ampe perih. Terus pas mau selesai disuruh tarik nafas, buset perih bet😂"
kyopwis,kak mw tanya dong. usg transvaginal itu emg diwajibkan kh? trus fungsi nya buat apa ya?
jenijisya1620,aku dlu kok gak terasa apa2 ya kan di alat nya dikasih cream pelicin gtu jdi gak sakit
marnechidiredja,"Kalo aku pribadi kata dokternya, kandungan ku masih hitungan minggu jadi janinnya masih kecil bgt, untuk memastikan beneran hamil apa engga sih"
marnechidiredja,"Kalo usg perut itu nanti setelah janinnya di usia 4 bulan, dan janin hitungan minggu tu masih cilik bgt di rahim. Gitu sih penjelasannya kurang lebih"
marnechidiredja,"Beda2 sih kak, ada yg ga kerasa ada yg berasa tergantung dokternya kali ya 😂"
ariniamsr,apani kaga paham😩
17sky,"aku kok gaada dicek ya kak, cuma USG doang keliatan kantong janinnya aja"
marnechidiredja,"Tergantung kak, kakak cek kandungan untuk pertama kali bukan ? Kalo aku kemaren ditanya kapan hphtnya kak"
17sky,"iya pertama kali kak, tapi lgsg diusg karna janinnya blm keliatan. Bisa kita minta ga ya kak? kalo transvaginal kayanya lebih akurat ya"
marnechidiredja,"Nah iya kalo transvaginal lebih keliatan kak daripada usg, janin ku jg msh 0.5 cm tp keliatan dan didengerin detak jantungnya hehe coba di rs hermina"
17sky,"tapi janinku blm keliatan kak msh kantungnya aja, mau transvaginal brrti pindah RS lah ya. btw aku tinggal di riau kak😅"
inilau23,"usg perut janin 9weeks udah keliatan 12 weeks udah jelas bgt gaperlu nunggu sampe 4 bulan, aku dari awal hanya usg perut ga tranvaginal"
marnechidiredja,Lah gue kan ngomongin pengalaman dan cerita janin gue kak kok jadi adu nasib 😂 lol
inilau23,"lah sape jg yg adu nasib, gue jg ngomongin pengalaman gue, lo bilang nunggu 4bulan kan buat usg perut? gue bilang 9weeks aja udah keliatan"
azani_9,@pscxgrl takutt 😭😭😭😭
ellfrsn,"Hehe macem2
Kalo usg biasa sih cuman usap2 di perut bawah. Kalo transvaginal tuh yg harus menembus hutan belantara 😅😅"
mbaktri2310,berarti usg macam macam ya kak
mbaktri2310,dan apa di haruskan kak ? usg transvigal maaf tanya
ynaprsss_,"Bantu jawab ya ka, usg transvaginal ga diharuskan kok, bagi yg mau aja dan tergantung tempat kita usg aja, tp emang iya lebih bagus usg transV sih"
mmikenza,"kalo diawal khamilan biar akurat pake transvaginal kk
trs kalo udah masuk 9blan ak kemarin di cek juga tranvaginal buat cek apa lah gitu"
mbaktri2310,mksh kak☺️
eviiicul,"lah, msa iya udh hamil gde..ttp boleh usg transvaginal mbk? dlu sy gaboleh.. usg TG cuma pas promil doank, pas udh ngisi gaboleh ktny"
nadyamgdlnn,"usg transvaginal pas awal kehamilan pun boleh aja bun, karna lebih akurat buat mendeteksi kelainan janin dll"
eviiicul,"iya pas awl khmiilan emg iya bwt deteksi lbh akurat, tp pas udh gde kyk di vt mah gaboleh.. di transvaginap"
mmikenza,boleh kok aku udah 9 bulan dicek tranvaginal buat cek apa gitu dokter kandungan nya.
mbaktri2310,usg transvaginal di haruskan ya kak maaf tanya
ontionta__,Mau tau kaca nya beli dimana 🥺🥺🥺
ontionta__,Makasih kak 🥰🥰
g_nakl,spill kakak plisss
ferlyfjnrr,bener2 gada sakit2nya samsek anjaay
istiqomahsweet,Kalau USG itu yg 4D bukan kak?
nadyamgdlnn,"engga kak, yg 4d masi diperut kok"
istiqomahsweet,kalau yg itu buat apa kak? soalnya mau USG lagi
thenacne,Nanti tinggal tanya aja ke dokter biasanya dokter yg saranin transvaginal atau lewat perut. Karna saya masih promil jadi selalu transvaginal
blessvla,"usg transvaginal biasanya untuk yg usia kehamilan nya masih muda kak, kalo yg udh mendekati tafsiran lahir biasanya engga lagi, tpi tergantung arahan-"
blessvla,- si dokter
akuanisaa2_,gasabarr liat dedenyaa🥰
hdini266,"Aku kerja di RSIA dan jd asisten dr.spog USG, ini memudahkan aku saat persiapan USG pasien, kalo blm dipangkas aku takutnya bu**nya ikutan ketarik 😂"
meimei_564,Emg ini boleh di pake di V?
unknownusernotfound123,"Maaf mba, pengen nanya, ga pengen dokter yg perempuan aja buat usg transv? Setau aku di islam kalo tdk urgent msh ada yg cwek, pake obgyn cwek aja"
nadyamgdlnn,aku bukan Islam
lia_arfianita,jujur sih hasilnya bagus cuma aroma produknya bikin sesak nafas 😅
jamukunyit11,ini khusus untuk bumil. aman?
heoljinja,Aman kak buat di area situ?
nadyamgdlnn,"bagian atasnya aja kak, buat pertengahannya pake gunting sih, gak berani kalo cukuranpun🥲"
meiaws,kak pelembapnya pake apa ya? aku mau pakeeee juga😳
nadyamgdlnn,"kak aku pake brighty, tp kalo kaka mau cari yg lebih murce aloe vera aja cari di minimarket"
meiaws,oteyy makasih kak 🥰
eyescantlie,kak itu aman buat make di area situ???
nadyamgdlnn,"bagian atasnya aja kak, buat pertengahannya pake gunting sih, gak berani kalo cukuranpun🥲"
biya.id,atasnya itu batasnya dimana ka???
nadyamgdlnn,"kalo aku sebelum area yang terbagi dua, paham gasi🙃"
biya.id,trs kesananya pake gunting? aku jg lg hamil nih 5bulan😅 ga perih kan
piwnaraa,kalo perut gede emang bisa ngguntingnya?
gapenting109,loh guna nya suami buat apah
zaimatunnafisa1,anjr😭🤣
dhytaa3,@helsiapriyana
helsiapriyana,kn mlilh
miyamiyooo,ehhh serius bisa ya buat itu? aku punya tapi takut nyobanya🥲
nadyamgdlnn,"bagian atasnya aja kak, buat pertengahannya pake gunting sih, gak berani kalo cukuranpun🥲"
_mochibusan_,aku nanya emang harus dicukur ya hutannya?? gua ga pernah😂😂😂
rikaapriyani_,aku pernah waktu USG pertama kali d periksa sama dokter dan asisten ny pas d USG dokter ny bilang wah Bili nyi binyik sikili yi🥺jadi malu bgt😳
nadyamgdlnn,HEHHHHH kok sampe dibilang gitu😭
rikaapriyani_,iya kak sampai sekarang aku gk mau d periksa di RS itu lagi 😭Malu bgt harus ny meriksa aja gk usah ngomongin ke situ😂pdhal yg meriksa dokter ny cewe
yourgirlfriend_99,Gua yg malu😭
cancer06798,"pernh sekali usg kyk gtuu gg enak bngtt😌maluu bngt sma dokternya, akhirnya suruh suami cari tempt usg lain😁"
jaenab256,"prtma kali usg TV
mantul malu bgttt
mana gk tau klo lewat situ 😩😩😩"
aguieliru,"sepertinya saya tidak tertarik untuk membeli, karena apa yang mau dicukur? punya saya hampir gaada😭"
im_urjoyyy,"lah ko bisaaa, umur brp emg kak"
mamaririsshaha,Kak ini aman buat bumil? Aku punya tapi semenjak hamil ga brni pake
loey359,aku juga punya dan setau aku mlh gk boleh buat miss v cuma diketiak aj..
nadyamgdlnn,"jgn sampe pertengahan bun, bagian atas aja bwh perut"
shine.laila,bagus itu aku dah pake tapi ga betah sm baunya🥺😅
caicaatn,dipendekin ato digundulin? aahh jdi malu ntr diliat dokternya
nadyamgdlnn,pendekin aja jgn gundulll
reyyf0,emng knapa kak klo gundul?
matchahari,"izin bantu jawab, soalnya kalo di islam perintah nya hanya cukurlah bukan pangkas habis bund. cmiiw"
riskaalfyni09,"Huu samaa banget. Jangan kan USG, periksa bulanan di bidan aja harus cukurr dulu😂"
roswdyt_,Lucu ih liat komen2ny 😂
tehjusgulabatu232,"pen liat testinya, tapi takut trauma😌takutt tambah dewasa😌😌"
apaansihanj_,jadi pengen jadi dokter
u.unii,"anjir tapi bau bgt sumpah, tadi pagi nyoba😭"
ardianfitriaa,salfok oil nya @puritydrops
manusyakenyall,bukanya kalo buat puspus gabole ya bun?
akunspam106,usg bukannya diperut?
ulyfransyscas,beneran boleh di mecdi?
vibes_my2,@aulialtfa1 @ulllll36 ngakak baca komenan
cikimuu,save dulu @istrisahkimtaehyung.30 @ksjsalsa
pwetyygurll00,@Mlighuy ngakak
denarfa899,@farah1506 pakek besok USG
xxoaya,gas rsh rabi aseli😭 @user1352258161202112
user1352258161202112,medeni
xxoaya,selain medeni jg nyusahi
syifaaaaa252,@icaaaa484 weh
zkdrinn29,@jamall492 nihhh yaaa yg ini
aaraxxxx,bru tau usg kudu gini😭😭@bintanginiuntukmu
bintanginiuntukmu,Harus cwe g mau cwo😌
illahnurw,Wkwkwk aku jg gt pas hamil Tm 1 bun. Krn msh pake usg transvaginal.
bundael_97,Kalau aku milih dokter ny yg perempuan aja deh😁😁
daisich,aman ya emg kalo buat daerah itu?
messy0,pelembabnya pake apa ka?
hitamitugelap_,SPIL SHOPE
theresia_villa,DI SHOPEE ADA KAN YAAA???
susannagirsang,mau cewe aja 😄 klo bisa milih
nyonyanero,"kalean kalo potong sampai gundul ga si, saya takut soalnya kalo sampe gundul"
dancowbubuk_,gmn caranya
cici9.99,usg transvaginal itu apa ka? setauku usg cuma lewat atas perut 😅 maklum saya baru hamil anak pertama gatau apa²
icnoritz,emang boleh ya bagian itu di pakein cream hair removal?
firfirfir31,emg aman bund dipake disana? kukira kl modelnya krim begini cm bisa tangan kaki
akunyta_,Ka emang ini boleh dipake di makdi? Soalnya kalo veet kan ga boleh ada tulisan di dusnya
spicypanas1,nitip yang@jarrzk_26
12385292532ab,aman gak sih buat bumil ? takutnya ada efek
ratusekecamatan,Apa ga perih kena luka?
satsetgurl,tp cepet tumbuh lagiii
paji_000,eh gapapa itu kalau dipakein buat nyukur rambut itu🥺
nisastro,udah BPOM blum ka? mau beli juga 😅
riskacasmi1,"aku awal tm smpe tm2 ga pernh usg transvaginal😁
usg perut aja.dokter ya cowok soalnya😂"
saa.renny,tpi susah. minta bantuan paksu mlhn silaturahmi😂😂😂
jecristaelamelia0,@bukakelekdor buat bumil kyok kn
nabilaaanisa2,Sy wktu sblm SC dicukurin sama perawatnya😅 Dr. Spog nya cowo
faridafarid320,komennya nambah ilmu 😂
hippopink3,aku prnh awal usg mana dokternya cowo uda sepuh. plgnya diketawain sama suami
kikoenaktau717,maluuuuu apalagi cowo hehhe
wildakhr,gimana gua pas nykur pitak ga kebayang diotak dokternya apa ya kira2:’( suami aja bilang yaAllah itu pitak😅
cochomocha,troma sama dokter cwo 😅😂😂
muk.tyy,ka ini ada aroma nya gak?
mbalion,solusi yang tepat
userrhatih97,"bukanya dokter ya engga lihat ya ka,yg masukin suster ya waktu aku trus di tutup juga"
abuyynih,Spill scincare bukilnya kak🥰
bebinalaa,Kalau mau usg trans harus dicukur ya kak?
rnyvl,kirain usg lewat perut nya doang😭
lllladu,kaka biasanya pelembabnya apa kak setelah dipangkas??
futaimah,nama produknya apasi?
rahmatramadan_23,bisa buat cowok?
almanamirra,wktu hamil kok aku gaoernah USG transvaginal ya
nabila_2169,emang ada dokternya cowo?
aaeerii19,"pertama kali ke spkk, kaget karena dokternya cowo😳😭"
moreee2301,bentar lagi mau jadi bunda mau rabi nih persiapin nek hamidun besok @fadaummah @mymindvsuniverse
mymindvsuniverse,astagaa haahha
batariyeo,saya pake ini di ketiak perihnya seharian
apaanzyyy,"ha udah gede bgt perutnyaaa, sehat slalu bumil dan debay❤️"
teesariwangi_,bisa buat bultek gasih?
wild.cat23,boleh ya smentara hamil cukur rambut apapun itu? soalnya ada yg bilang org hamil gk boleh cukuran
saktyayu,Aman buat bumil?
raspberychocolate,Perna blm cukur tbtb si dede sembunyi jd harus transvaginal :( hwaaa malu bgttttt wkwk
gudanggalau00,jadi bisa dipake disitu yaaah? serius nanya!!!
lachibolala527,"""hutan rimbaa 😂😂"" sehat selalu bumil, doakan aku biar dpat judul skripsi 😂😂"
mamiiwiid,bisa buat keti kah?
likeamagma,udah BPOM belom ka?
boobaebaby,mau nanya pelembab untuk itu contohnya apa aja ya?
picasscoo,buat kaki bisa?
marachmarach27,ini aman kak?
cuan4lyfee,siapa yanh mangkas?itu pertanyaan nya hahaha
windyolan,ko aku USG masih lewat perut yah ka.. apa di Brebes belum ada yah 🤣
akuzurain,"lah pasti kesulitan bund, ttp dibantu suaminya ya😳"
cookies.ys,blh minta link shopee ny g KA?plis pengen beli skrng juga
oolterboolbool,jangan sampe siibuk itu beli terus review
2that2,ini nama produknya apa?
ddeayaa8,spill baju merahnya kka
fitrinovianti04,thx infonya sangat2 bermanfaat 🥰
eudorashay,"serius nanya buat yg udh nikah, kalo lg ML kalian pangkas dulu gak sih?"
firdauss_saputra02,spill olshop nya kk
pecintabuayajantan,klo boleh tau pelembabnya pake apa kak?
xxcantiqs,wadu😳
abcdxyz402,takuttt🥺😳
abcdeiuy,ya gimana obgyn kebanyakan couooo 😌
sbuxw,@Aihaibara baca komentarnya kak 😳😭🤣
thrudistears,pantesan lu kmrn make itu @jjjkspnwz
akumoodyanbgt,gimana kak ngelihatnya pas ngebersihin ? ga keganjel perut ? serius nanya gue
kanghalu517,"lah gw pas hamil kok ga ada malu""nya ya🤣, skrng bayangin kok jadi malu🤣"
heyyheyyo_,gw beli itu tapi dikirim nya lama banget 🙂👍
puteedcba,Pelembabnya pakai apa kak?
q0.0p9,Kalo ga di pangkas jg gapapa kokk
ghoulthecat,Ini hasilnya bisa kaya brazilian??
zulfi.ka,hahaha 🤣🤣 sama ternyata ya?
hai_dindaaa,lama ngirimnya
dahliachyni,gimana makenya 😭🙏
_amelllaja,pliss jawab ini cepet ga sih tumbuhnya ?
lorentzliam,"Aku kl usg slalu lupa cukur,😭😭😭 malubgttt"
sem._73,rekomendasi banget 😁
fryhelda_02,yuu jangan lupa pada salin link yaa🥰
ervinarahmadhani22,biasanya ditutupin pake tissue ama perawatnya
adelbaixx,Punyaku udah 2mggu belum dikirim
disingkatt,aku dulu jg gt mana dokternya cowok lg 😂😂
metthia,@yaakya ges
u.ugres,review nya aman😌
wjdhusndhdjdh_,spill pelembabnya😂
cahyaniaxx,@yaudeiyein pke ini
diraxxiv,@yulgurl beli
notnotnotoon,spill hasilnya kak mau lihat beneran ampuh ngilangin bulunya atau tidak😌
_unknown899,aman buat bumil?
kuncirkudaind,emg panjang alatnya seberapa sih
choigunz,Punten saya masih polos :v
haisalyel,serok2 nya beli dmn kak?
xzypy,@ivaclira nangis😭
rerepiteh,bpom ka?
namakusiapa276,Kulit sensitif bisa pake ga kak?
milady.may,emang cream 3in1 aman buat bagian itu?????
arrakd,@civicha bisa dicoba
nainaike,"gue kira ini buat keti doang, soalnya make di keti aja agak perih soalnya"
akangyakult,rasa ingin jadi dokter kandungan 📈
noordesy,Btw mau nanya takutnya itu makin lebat hutannya habis pemakaian???
straberisss,buat tangan sama kaki bisa kan?
aurrrz,di shopee ga ada ya
lia.meliaa,Waduh ayang @ranggaramadanandriana
slmfzh,@anayadiana4 baca komen jd takut
liibragurll0,lucu bgt si kak nadd kalo hamil😂
nurmaaaaa7,sehat selalu bumil 😍
cintaaamuuuuu,"@dillaekarrr moon maap saya kesasar disini dan membaca komen""nya jadi keterusan😭😂😂😂😂😂"
dillaekarrr,otakku ngelag😂
aprilktn,emng harus cwo y kan bisa cwe git pak suami g cemburu kah??
nn.lidy,@liya🌈 belii yuk
not.found.this,emang kalau usg diperiksa dimananya?
yanteas86,q di pangkas dama suami kak... susah nunduk
meghameghaa01,bismillah semoga nular
shin_dy4n,"@jajavwxyz_ @abcdajagin tuhh Yatt🤣 kd perlu pakai mesin rumput, kd perlu ditabas🤣"
ayquariuz,Nih persiapan lu @raracuuun
icaris23,"Aku pernah tanya tokonya ka, tidak di sarankan daerah itu kata nya"
_simpanaja,"Ya Allah kenapa akhir2 ini fyp di TikTok aku semuanya ibu hamil, ya Allah semoga aku bisa hamil kayak mereka amin ya allah🥰🥰🥰"
sooove,@pawangnyaosop harus cari bidan cewe ga siii
bielalala_,"pelembab nya yang kaya gimanaa kak, aku gapernah liat pelembab buat itu"
cieegamonya11,eh ada link shope atau link keranjang kuning nya ga kak?
chuaaaa_123,gimana kak caranya? apa ga keganjel perut?
hanniprirahanni,pelembabnya pake apa
uwuuthings,kak udah bpom belum?
flupphyellow,tkut tmbh dwasa
matchaenakbangetwoi,maaaakkk ini apaaan maakk yaallah
callmepiiiii,Gua keinget operasi usbun kemaren🥲 aaa konsul aja ga mau balek ke rs itu lagiii enggaaa pokoknyaaa
raven290700,gk minta tolong suami bun? 😂
6maretmybirthday,pake veet aja sama aja kok cuma lebih murah
french_fries2burger,dan dokternya cowo trus umurnya masih muda
mahya917,klo semisal dipake sampe pertengahannya atau semisal semuanya di ilangin gpp gk pake itu?
dinar_kharisma,tapi gak kok q usg sampe pun ya anak 2 gak suruh begituan cukur hutan rimba
corporateslav3,bukannya emg kudu y per 40hr?
nurchsnh,mau tanya kak selama hamil tetep skincarean gak ? kalo iya sepil doongs😁
mmiissqquueenn,Pke ini malah alergi:(
diutara,Tapi dokternya jg ga lihat lo sbnr ny
g_nakl,kaca nya belii dimn pliss
hawin121,saya Messen udah sebulan belum dikirim kirim
gladysb035,aku malah mau cri dokter cewek. klo cowok aku g mau
user6726730377449,"emg knp ko usg nya tranvaginal bun? sy dulu juga usg gt tp di kehamilan kecil, hamil 2bulan karna posisi janin ga keliatan klo usg biasa"
shabillae_,Padahal kan banyak bidan dan dokter perempuan 😌
silvyaliyani,"beneran gak sakit pake spatula nya kak? aku pake merek feet, pake spatulanya malah lecet, bulunya juga susah rontoknya😂"
arlindapusa,Bpom blm?
calonyamazrizkii22,punya ku ngga dikirim²😌
chorialf,Ini serius bisa buat itu kan ?
sanah6173,"eh aku jadi Inget sekitaran 3th lalu pas waktu keguguran,mau di kiret mba susternya tanya Udah di pangkas belum eh aku malu sendiri😂😂"
raaraa541,@imyourry @mutiaizlifa__ takut tambah dewasa
meinnameistan,Suami aku ga izinin dokter obgyn ku cowok….. katanya harus cewek 😌
cicicantik066,aman ya buat bumil dan buat busui???
itzhappiestgirl,ud bpom?
haetake,baru tau............
jodohpastibertemu,AKHIRNYAA NEMU YG JUAL BEGINIAN🥺
blac_kwhite0123,ini Maksudnya apa?🥺
arsnadya,@sfshchan bru tau kalo usg harus cukur dulu
ayunabilah959,@pxyzo08 pake ini
hmmmmn05,@pipipiw006 kan
srsyd__,edukasi @user94bvt @akkcwk 😂
virginiaylndaaa,Beli nya dmna?
dvnanjani,boleh area sensitif ya
nadyamgdlnn,"bagian atasnya aja kak, buat pertengahannya pake gunting sih, gak berani kalo cukuranpun🥲"
keposajasie,pls ayo beli @switputatu @_icelemonade_
switputatu,NGAKAKAK SHARING GITU?
piscesgirl_______,HAHHAHAHAJA SAME HERE
akinorihm,@meicans152 yuhu
ky8kyla,@oneonly_eans an
produkmkssarr,@gem1niigirll htan rimba ngak tuuu 😭
ephemereall,@ra aman mi
hartiarkana,bnyk minum air putih aku 😂😂😂
_ya1802,@abgzhar1 beli
cpistore,Wah
darafunna1,@rawrrrrrr180 ini say
bucinnyamaski,Aman kah pakai disitu ka?
hikma3putri,aku gak pernah tk pangkas 😂😌
mayleenuulfa,@Na
adikk_cantik,@bsjsnsbdbbk beli
jarangnengok,@kiarwaa drpd wax
keisha_alvaro98,Please jangan naik dlu harganya kudu nabung dlu kemarin baru aja abis beli skincare😭😭😭
disthabikaa,kalo hamiltua udah gabisaaa 😂 disitu peran suami penting bgt bestie🤣🤣🤣
merlinwedding,nah bagus bun... dlu aq pernah nemuin pasien cuantik modis tp pas dibuka. bukanhutan rimba.. hutan kalimantan. 😂
hainoppp,Hamil pertama dikuret terus hamil lagi lupa pangkas terus dokternya sama pula 😂😂😂
blfbrnn,pas mulai tumbuh lg bikin gatel ga tuh kak? kan suka nyucuk² gt ga sih?
pejuanglddrr,"untung cari dr cwek😂 sebelum hamil sakit pcos harus transvaginal, tetep aja malu 😔"
nadyamgdlnn,"cewe juga malu sih bun kalo hutan rimba, kesannya gak bersih kalo gondrong tuh😭🤌"
pejuanglddrr,"😅ya gimana dong? tapi juga gak boleh gundul"" banget itu juga buat pelindung biar bakteri gak masuk"
nadyamgdlnn,"ya jangan gundul, aku jg ga gundulin, min 5cm tu masi ada hutannya"
daechwita19,tapi kan yg masukin suster nya bukan dokter nya 😂
nadyamgdlnn,"sama suster pun malu kak, kesannya kita ga bersih kalo gondrong bgt tuh"
dewiaisyah73,"tapi jangan sampe gundul ya mbak, soalnya gak boleh, malah bakteri jadi gampang masuk"
cessaryolandaa,pertama kali pas usia 9weeks. kirain USG diperut ternyata transvaginal😂 yaudahlah mana saya tau😂
imaahppy,"@pacalnynadia pangkas ""😭😭😭"
vivi_villaa,kak klu trnasvaginal itu dokternya pas masukin alat apakah liat kelamin kita ..atau kelamin kita d tutupin dokternya masukinnya cuma merba tanpa liat
cheisya52836282,ini yg gue pikirin😭
belladhans2,tumbuhnya jadi cekrik2 gitu ga sih
yulianaa81,"pengalaman pas saya usg tv sih,asisten (cwe) yg masukin baru dokter yg garakin alatnya, jd dokter ga liat barang kita"
bontot.hh,ka baunya ke yg veet itu buka 😂🤣anjirr Veet apa ya nmnya lupa hahah
tuty2186,"sya slalu suruh suami yg cukur,takut cukur sendiri terhalang perut yg mulai membesar"
haiakuaries_,"bukan nya USG itu di perut yaa, bukan bagian ituuu🥺"
bebyachikamaharani,"Paling enak dokter cewe aja. Dokter cewe aja kita udh malu, apalagi cowo 😅😅"
piscesgirlu,Pas tumbuh lagi gak gatel kah bun?
scorpiogirl2000_,lgsng rontok ga bund hutan rimbanya??😂
leony_gifthouse,gatel gak pas numbuh?
bakteri9,Heh Aku kira perutnya anjir 😭😭🙏🏻 tbl
jxkxtxhxv,jadi makin tebel gasih kak?
sunny_rosess,Bukannya klo usg perutnya yaaa yg discan? Wkwkwk blm paham 🥺
abcdefghijkl610,"kok gw malah mikir malu kalo botak karna keliatan jelas, kalo berbulu kan ketutupan haha"
innerens,gatel ga kak numbuh nya🥺
fatimanurma,"aku dulu pas mau kiret disuruh nyukur habis.
keadaan perut udah sakit banget. akhirnya di bantu sama perawat cewek. malu banget tapi mau gimana lagi"
nfmrdh_,kak. bisa buat ketek ga? sekalian buat nyerahin area ketek dong kalo ada
mitaindriati,"Bagus sih pake itu, Tapi baunya bikin saya mau muntah😅"
natatama123,"kirain aku tuh usg yg di gosok"" di perut itu"
emphit27,aku malah lupa cukur 😅 niatnya nnt mau deket lahiran eh baru 36mg anakny minta duluan kluar alhasil lahiran masih hutan lebat😅😅😅
martinamutiara185,"pdhl ditmptku pas usg transvaginal , dokternya gak liat 😂😂😂"
cici_elma,"rasa nya di USG transvaginal gimana 😫, aku di USG yg di perut aja nyari nya dr. yang cewek"
separatehuman,"@rinihrj ya ampun baru tau kalau usg ada yang transvaginal,pakai alat yang panjang itoehhh😭😭😭"
lovelyleonjwin3to3,biasanya cma usg diperut langsung kan? terus dilihat dimonitor nya gitu
sukaunboxing999,kenapa aku kalo pake guntingpun suka parno kegunting yg lain😭😭😂
intankuswanto4,bukannya usg transvaginal cuman untuk awal kehamilan ya Kan kalau sudah besar sudah bisa keliatan dari perut usgnya
reymovic132916,alhamdulilah hamil 5x g pernh smpe yg pake alat itu cuma USG biasa aja😂liat alat nya aja ngeri panjang bener😅
nylakf,"Kalo usg transvaginal biasanya yg masangin alat asistennya sih, terus kan ditutup kain"
kentanggorengkfcc,kalo pke veet boleh gaksi
alumnigundar,"yg malu lg pas op SC kl msh lebat bisa dicukurin, dan kita udh ky ayam potong disitu 😅"
seokjinxyz,fungsinya apa ka ust transvaginal
diadiagnez,biasanya yang masukin alat USGnya asistennya (bidan Perempuan)
wilhelminapuspalenna,kok udah besar masih transvaginal kak? ak usg transvaginal dibawah 10weeks.. stlh itu usg perut biasa aja
emangkurus,Yg sring aku lakuin usg / cek k bidan 😂😂
icetea.r,transvaginal serem bgt anjir alatnya kayak shower gedee😭
putrifauzii,"Kalo di transvaginal dokter ku gak liat loh, d tutup kain. Dia fokus ke layar doang"
vesdieta,"aku hamil 7 bln aja susah bgt mau nyukur,dah ga nyampeee😭"
_tetehnonov,"kalo dah 9 bulan mau nyukurnya susah bund, ketutupan perut ga keliatan😂"
sadgirl_plg,kak emg pangkas bagian vital bawah boleh kak?
okk.lulu,haaah.. kalian ga dicukurin suami?? dulu pas hamil susah banget buat gerak ampe sepatu aja dipakein🥺
windizaenal,serius pngen tanya emng kalo cukur bulu yang itu harus smpe abis ya? atau di gunting dikit doang si?
fhy30_,"masukin troli dlu, doain semoga cepet hamil yahhh🥺"
pipichuby5,kalo dipake di keti malah item ga sii?? prnh coba kyk gni tp merk veet bkin item bgt😌
chaobaoo,pas usg ga sakit kah bun? alatnya masuk kan? 🥺🥺 jadi ngilu dengernya
febifadly1,masuk troli duluu
ekajulaika27,Ini aman kn buat ibu hamil klo buat kaki atau keti
satpamnyalaras,buat ketiak bisa kan kak
mbuh___12,buat ketiak bisa tdk😌
lety.123.triyani,Untuk ketiak bisa g
pacarku_d3v,bukannya gatel yaaa bund numbuhnya
notyourbae106,ini beneran aman untuk bumil kan?
imas.lucu,ka itu bau nya nyengat ga ?
anyaa2,transvaginal sakit ga mba?
ademayemmmmmmm,gak tahan baunya
nissaicha99,aman buat area v bun ?
maynisha8,Kalau udamau tumbuh gatel ga tu kk?
juliultah20,baru tau klo usg juga dr situ😂😂
nandahmmmmm,emang gak gatal kak? 🙄🙄
siptiah_,ka emng aman buat di pake di situ 😂
matchahari,"'Kami diberi batas waktu (oleh Rasulullah SAW) dalam mencukur kumis, memotong kuku, mencukur bulu kemaluan, dan mencabut bulu'"
puttpratw_,itu kalo sampe gundul emang ga gatel
notubbby,bisa buat ketika/bulu kaki+tangan?
mumuh995,Tp mendingan ada rimbanya sih dri pda harus botak soalnya kliatan banget keriputnya😂😂
kokokoala66,emg ga bahaya kl dicukur semua?
klik.kranjang.kuning,"gimana ,mana bisa 😬 ndak keliatan"
sindy_risdayanti,aman gak sihh
benigngbt,loh ini usg make apa njir? make alat yang puanjang itu?
esyabening,dari nikah langsung hamil. dari hamil ga pernah cukur sendiri. selalu sama suami 😂
viapradiani,bknnya transvaginal biasanya cm buat hamil muda ya?
saaaaa3007,di pakein apa pake sendiri ka...aku udah gabisa nunduk soalnya😅😂
winda_na1,gak bakal dibuka Sampe hutannya juga kali
sekarayuwdr,Aku mau cukuran uda ga keliatan kehalang perut😂
lannauriieeee,bukannya kalau hamil udh gede gtu mah gaperlu transvaginal lg ya
sriajaudahlah,"kak kalo misalnya hamil kan kehalang perut yang imut dan besar itu, minta tolong suami yaa buat cukurin nya😭🤣"
hilariouso_o,bisa dipakai di ketiak tidak kak?
chellyqyowo,@xxxgp4 rimbaa🥰
merpatiputih998,Ini bikin gatel ngga kak kl pas numbuh lg?
juvelinda1902,"pas hamil 4w. pernah dipangkas cuma yg atas. kirain mau di USG perut, ternyata transvaginal anjiiinnccc 😭😭😭"
audiyp,di bio nmr brp ka
zhrifatinn_,@sakinacuttie cokk
autophile3_,"dlm kondisi perut besar, ap ga susah? atau mnta tlong ke suami?"
nadyamgdlnn,"kalo yg sampe bawah2 mnt tolong kesuami, kalo bagian atasnya doang berdiri didepan kaca itu masih bisa bun"
judithkiranaa,"bentar bentar, emg kalo udh gede atau tm 3 masih pake transvaginal kak?.__."
nadyamgdlnn,"skrg udh engga kok kak, itukan dicaption aku blg ""apalagi"" transvaginalnya dulu pas awal awall"
clisa_nisa,"ka,itu emang aman dipake di bagian itu*?"
suciiiindahhh8,Emng knp kok di pangkas mba hutan nya
sadgril_66,"bentar² hutan rimba??
pura² ngeleg dulu😌"
serlyyyyyqqqqsh_,maap kak kalo nyukur gmna kan ga kelihatan ketutup sama perut yg ada dedenya😭
ciyee16,kenapa gak waxing aja kak maaf penasaran😁
lelaspr,"Maaf kak sebelumnya, setau aku removal cream gaboleh buat area V ya. Takutnya ada yg langsung coba tnp cari tau 🙏🏻"
mrsf1tria,"usg yg transvaginal cuma di awal2 aja sekali,itupun gk liat juga kali dokternya,kan ada suste, seterusnya cuma diperut aja gak sampe keliatan juga kok"
fitrotululya10,Cuma disini yang bahas perjimbitin 😂
hennyzhr,"saya mah cuek aja kmrn pas masih transvaginal hahahahaha, biarin deh dibilang kebun sawit2 deh 😂"
diah121719,kalo udah berhadapan sama dokternya malah ga kepikiran malu sama sekali soalnya ditemenin sama suami juga
zahrania102,@ditaditu5 buat hutan rimba mu sayang awokawok
ajinomontokk,Aku selalu disuruh USG TV sama dokternya 😂 anggep aja abis reboisasi 🤣🤣
hoyulove,gak mau dokter cowok
ama_334,spill pelembab sesudah dipangkas kak
xxxyana13,pelembap ny kusus buat itu atau gmn ya
ucikmita,baunya nyengat kaya feet gak sih?
auliazahra427,@ygy919 @uahay234217 beli buat pangkas bwah
lisalieptr_,USG transvaginal sakit ga sih?
lailihmr_,usg transvaginal itu gimana ?
aagathas,@yoursunshine030 nah biar gak rimba😂😂😂
xixavierft,transvaginal itu apaan😭😭
bee112211,"@alifah.a 😂😂😂 Mau ndak USG yang ini , Atau yabg 4d aja"
alifah.a,"nggak , gak mauu"
abcdezzzz17,bau obat gk kak?
elfion6,kenapa tetiba muncul di fyp ku udah mlendung ajak kak nadiaaaaaa🥰
egaaprillianti,Untng pas transvaginal cewe ey doktr farah 😅 @___._._66
kaureen_76,kalo kandungan udah gedhe kyk gitu gag mungkin pake usg transvaginal
prosalinad9,emang aman bund untuk v?
ditaa2410,tapi baunya itu lho😭
semoga_laris1,bagus banget itu😅
arsahana94,anak nya cowok ya
hasirama.2,masak dokter nya cowo ???
gustinigus13,ini cara pake nya langsung olesin aja ke semua area kem*luan kak? ga akan perih atau gmna gitu?
fatyyahas,"gue pas mau lahiran lupa pangkas2. minta suami cari gunting tp gak nemu. yaudah pasrah. mpe skrg masi terngiang2, cringe!"
.rahmma,@ccaaa._ gamauuuuu
devi_permata18,saya usg perut ja ma dokter cowo malu bngt karena hrus ke bawah bngt eh d saranin usg tv owh saya menolak dong lbih ke nunggu sampe usia kndungn 4 bln
cappucinno_,Kak aktifin COD nya dong🥺
chikerunzz,"g nyangka yah udh hamil gede aja kak nad,sehat2 yaa kak sama dde bayi nya juga😘"
yupiii99,coba dong ntar review @kimirineee @shimmiyeol @tenisl0ve
lalalwak,kak spill pelembabnya dong
liriza99,spil harga dong
g_nakl,spill kaca nya dong kakkk
gadogadoya,"Bener bgt! Wktu awal hamil usg disuruh yg usg tv malu bgt:"") sakit pula:"")"
xyta121,"giliran gini paham,pas ipa ngitung"" ngelek"
raikatopen1,bis untuk kumis enga kak
milaasaari,Pengen bgt #fyp juga biar banyak yg lihat Campaign Kanker kami🥲 link Kitabisa ada dibio sy🙏
clarisaaa031,dah besar perutnya🥰
putri051118,Usg transvaginal kah bun ?
tsyyaa_,@aulsls_ p
ellynpuspitautami,ini aman yaa buat bumil
panji_038,harga brpa kak
ayavani8,"tumbuhnya nnti gatel banget ga si, takutt mo cukurmencukur🥺"
bil_bip,@rahma97._
xibyni,@cicakcak @theycallmeayuwd @tiimmmmmmmy 😭😭
imaall33,@salmaseptianjani_
beiinaa_,@cewetauruss
akurinaaaaa,@nisrinaputrii2
solehaaa27,@segaaakucingkesayangan
imgilingg,@ayucahayu075
syaak4,@orangna
vicky_destyana,@vikadestyanti
soonflooow,@cndrwnn
cndrwnn,ohno gundul spt kepalaku
intansfr1,@apriliasafitri47
asdfjklzxcnm,@bucinjunho
intan.aprlya,@orangsundaa24 🤣🤣🤣🤣
hikmahdws_,@citrawulan926 @lulunr02
12izanh,@hfizah.ajja
rahmaa__14,@rahmawatisrahma
ociww02,@ayankkk50
amliacsw_,@slalubrndingygsma
_depid,@anisaputri_65
kdkdiaan,@desatria8
thesaangelia_,@dianandinimiaginting
xmsxzn,@ginasafira2108
lestari20092,@lestari20_09
msglow_bululawang_malang,@anissyifa_
taurus14mei,@asmilaarsyad
roppropppp,@malesngunyahh
la030603,@terseraaaaah35
urdreambbygirl,@kiyowo_uwu
qwertysari56,@yangie.ya
upsiieeee,@anakmamabanget
wxjaeman,@rindynaren
apasigushkepobitch,@sukanyasmboba
merita_sty,@Indah Widia
syxlaaa,@dwi_wdynti [hehe]
hpygirl01,@hooh_010
ssciaazz_,@liazzhra
vanilaasweetyy,@inii.cacaaaa
yaudahiyaaaaga,@Mellyana Indriani
jeonqgukie,@gitasaja
azistoyo,@respatiwidya
zza2240,@_kegabutan11 🙏
adenggptee_,@selalusalahwkwkw
ecansss_,@maugimna4
foryouallme,@haiakukaka @tipsuntukhidup
apaaajaaadd,@124triput
anggiiire,@erichaesa @delaa____
jung_wonh,@butterfly1efeck
rotullllll_,@bellapussss
eliztia3007,@chocolatebelgia
nopalllll80,@y_gurl5
dea_alfi,@xyinayy
is_naini20,@remussnape
itsurcha04,@kooksgirl98
sndnrlt,@puppp04 @anisssssk @rsmagstnt 😅😅
anisssssk,disimpen dulu buat nnti
pinceskhiy,@vanez22 @stsyamkgnta
yxrzkaaa,@ejaaa.aa
n0t3t,@chocolat0s.o 😭
fitriandiani99,@Srisyam9 😁
callran,@sapigooo_
anevndy,@anevindy455
naksyege,@huangrenjun23000
tasyafor,@pow_t0w ☺️
tbl2x,@tbltbl52
kiiiik29,@memel2705_
putut_marun,@sescacadie
prilyafr,@belladhans2
helllmnd,@marcshoping
user100039348483,@useerr200056789
dby548,@lvadii1
little.lxzy,@dumpviest
igreva.novaa,@xreee_0
indraegipratama0,@milkcat085
sapeluuuu22,@sharon_ayy
x7___________________,@shkaxyrr
usernotfound5665,@selene_717
meisaaaggghhh_,@sindidwp @tiiaragty @_xisaaaa
respatifajar06,😁
yrcacaa9,@cacaxyx5
akmal0395,@mommytabii 😂😂😂
mommytabii,🥲
unoyc,@mooowyzu
ggstyrennn_,@ayudestiraa @alddaaaaa
raninilnil,😁😁😁
tyaerlnda4,@theohanardo
t.cokelat,@mmeiliana
usynatly,@amellllll.mell @meyy8972
flower.path,@caaitsnass
mayleenuulfa,@N💫
xoyth_,@aygess_
haechaaaanieeee,@ghaniaa62
lunx.dreams,@heyhelloo0
boba1uvvr,@babywhiffel6
arni.w,...
xzdngel,@evaadestiana
ca.aaaa__,@
avvd_,@martabakrasakeju11
buku.expedisi,@itsyour.reii @tal.itha_
zynn_xyz,@yz_1107
piyapeyi,@marchgabel
mygirls065,@mayylove8
cgv326,@naelin59
armynyajk13,🔥🔥🔥🔥
gnaamliaa_,@hunigrien
wykmni,@yulixxx.g
quaacii_,@yoiibrowww0
hannahkusuma,@dimasrizalm.h
ungly_,@s_mate21 😭😭
isyourm00d,@anothersideofmelda
maaderia,@m00deria
tinggaldiplanetbogor,@molihua008
punyasapii,@yesyfaaaaaa
hasirama.2,.
anisaftrniiii,@kun4ons1
mayamaww,@bbyminzz
amelianacahyani,@egiben
110std,@pooxx_
gabisaapapaye,@chakieww_
raa.crs,@urm1nebb
saasa_2230,🙈@unievva
sweetbread_ern,@belllauu
heyhohohl54,@greentealatte1011
arnazfebrina,@nanaddddd26
shilviamartawijaya,@merasa_terhibur