User @,Comment Text
baridong,sama aja boss sama ketergntungan lah seumur hidup...saya ingatkan ya para wanita lebih baik asli aja g usah pake pemutih2 asli dri lahir aja .😅
cantikamaulanaa,duh kasian muka nya ga pernah dirawat ya. 🤭
siapawemoal,belajar ingredients dalam skincare deh mba jangan taunya merkuri doang
mimiecandikacaca,kulit butu asupan vitamin dn cream2 yg sehat2 kalau punya uang kenapa tidak
kayekayekayekayek,"bisa bisanya komen gini dilapak dokter kulit :""))"
naads_,lah perawatan emg ga pake pemutih kok cm buat kulit sehat aja kasian deh
lemakjahat97,lah mbaknya juga pake merkuri😳😳😳
hahahihidikuliah,"gausah mandi aja kak,bikin ketergantungan nanti bau lagii"
irvan_istas,Ngakak aing astaga 😂 savage betol
yeti_ani87,"bkn pemutih kakak tp lebih tepat skin care, di rbh mindsetny perawatan tu bkn white skin tp skin car"
nda0165,dia dokter mbk pastinya dah tau ngerwt mukanya sendiri😏😏😏
acellllle,Gapunya duit mundur sayang😏
redvelv99,kiloan skincare lo?
meyyy1409,awas kalau kita ketemu kamu menor wkwk
xwodsky,Pasti taunya merkuri doang ya umi
caresaliaa,"lah klo kulitnya mulus2 aja mah gk masalah, yg masalah yg kulit berjerwat kyj saya, menangis klo gk di rawat😭"
inkkkkk3,"yang nama nya skincare gak ada bikin ketergantung, skincare itu kebutuhan. belajar cari tau tentang ingredients yuk jangan taunya cuman pemutih doank"
dinda_cg,@- 🌼 🍒 b a e k k i n g 🍒 🌼:skincare itu kebutuhan layaknya makan dan mandi😌
heyyoooo345,"kita punya berlian, berlian nya dipajang aja gk diapa apain pasti bakalan berdebu, klo kta rawat pasti bkal terawat berkilau, sama halnya kayak wajah"
hai_cewe,"sama seperti rambut Kaka kalo kita rawat dengan keramas rambut jadi bersih dan wangi
kalo ga keramas nanti lepek kusut bau Buriq,, nanti rambutnya 😅"
prawanjaitan,muna bang3d😅😅
faisal.img,"saya ingatkan ya, semua manusia harus menyanyangi badannya, dari atas sampe bawah, merawat pake skincare ya salh satunya :)"
shoimahjuli,kalo gue kasi gratis sepaket skincare kualitas bagus lu mau? 😳
pipileana,"ini nihh yg bikin suami selungkuh ngelirik yg di janem""😂..
setidaknya kalo gak mampu yg mahal perawatan perlu lah pake bahan alami bisa kok dari buah"
rieya_150790,Klo ad budget kenapa gak.. bener kata dr kulit tu perlu di rawat setuju sekali gak harus putih tapi sehat
lisasukia,"bilang aja gada duit buat perawatan.. haha kasian
noh suamik nyari yg bening2 😌"
danishhhsatria,cakep banget
barbielin88,"pelajari perawatan kulit, jgn terlalu gatek, klo ga sanggup perawatan ya sdh ckup diam, jgn bkin malu"
heinatami,sabun mandi dr orok Ampe skrng di pake jg ketergantungan bos
rsn.tr,duh miris komentar seperti itu di lapak dokter😂
sihombingsihombi8,pemutih?soklin pemutih?
minir995,"perawatan juga perlu lah,buat memanjakan diri sendiri dan mempercantik diri.."
pemaliana,"ketoro nk raine gk tau dirawat iki wong dapuran koyok ngene sok""an komen 😏"
rkiastya,kalok gk mampu bilang aja😏😅
ghinaalou,"Bu gaush gosok gigi, sama sama aja ko ketergantungan 🥰"
auliyafebriyanti7,apa gunanya perawatan?
mariavirgin1,selagi gw mampu beli scincare kenapa lu sewot
hipohipiy,Kocak bgt bu
xero0x_,klk mau muka rusak gak usah ajak² mbak😂😂
ciaaa_0110,aduhhh Mak Mak pisan kamu teh
lyejeno,hdehh. i want you pick me up
trshapasja,dokter kok di atue
korban_mas.t,ngak mampu bilang tan
hlllox0,pick me girl🥴🙄
.6louisa,"yang komen kaya gini, biasanya ga mampu sihh"
lelyarr,kasian cuma ngerti pemutih doang🤣😂
mal_lla,Mba nya cuma tau hidroquinon sma merkuri sihh 🤣
keshaaaa77,pengen ketawa liat upil komen😂
bininyasigit,"positif aja ,mungkin mba skincare an pake bayclin"
bee_babeegwyneth,pengen yaah.. tapi mampu gak borrrr 😂
stokisnaluglowjbr,duh kasian uangx mending buat beli beras dari pada beli skincare😅
putri_utamaa,duh kasian nya gak pernah perawatan sih mbak nya jadi gak tau apa² tentang skincare ya 😂
rdsindika88,Lalu bersabda..... saya ingatkan ya para wanita...😳
ikanew15,gede kali alis mbaknya
itariveramelin,pemutih asli dari lahir katanya 😂😂 ga gitu konsepnya bambang
hdscd08,dari fotomu kayanya pake cream kiloan ya?
virgo_girl236,mbak kesian bnget kek nya jarang perawatan dokter😳
itzme.gaida,gak mampu bilang bos
ipwetty_luvv,kan perawatan wajah untuk kesehatan kulit ngab😌skincare anda tidak berbpom kah?
widiumaroh,gpunya budget mb nya kalii😁
09102103_13,"halaha* , suaminya ga prnh beliin skincare ya? jdi gitu"
multirandom_,@baridong ga mampu ya?
henrarpu,"yakiin mau asli? masa cuci muka pake air doanggg, ga ancur tuh muka kalo seumur hidup kek gt"
ffaniifan,"Ancur tuh ngga si, cuman ya kusam sama pori besar😅"
icongmacicong,alisnya kek arit 😭
anotheryaya_,😂😂
icaicaica1308,dih sesat luu
idainakhumairah,"alis aja loe ukir2,maemunah 😏"
rinkitty201,bilang aja ga mampu brli😅
yujiitadoriiiiii,"ciee g mmpuuu, ciee irii, kalauu pke Alis yg bnr mb"
maakboby,@Umi Faridah saya ingatkan umi awas kmu sampek pake skin care ya. biarkan wajahmu alami seumur hidup.
xhvgodhel,Ibu ibu bacotttt
firxzaa,"sekalipun pake SK II kalo gak pake ya buluk lagi, namanya juga pake skincare, wkwkwkk 🤙😙🤙😙"
ynkagstn,Jadi seorng wanita it emng harus pempercantik diri apalagi kalo udh punya suami masa harus buluk bulakn sih bun😂😂😂
primasarisinambela,kalo lu punya duit juga bakal ke dokter. muna banget dehhh wkwkwkkwk
nda.s8,bilang aja lu gak punya duit buat perawatan
iyuy094,bilang aja gak mampu beli🤪
xscbetq,iri mb
blegeblek,Kalo ga mampu nyaingin bilang aja sist gausah sok keras
mom_almira,"Setuju.....lg pula ibu2 hrsnya lbh hati2 pake produk dr orang yg benar2 ahli, doktet spesialis bkn yg sarjana kedokteran"
csnaylx,Halah bacot
rahayu_126,"ya udah gak usah dirawat mbak kulitnya, biar nnti giliran liat orang lain yg umur nya lebih tua dri mbak kaget liat mukanya tuaan mbak dri org lain😅"
ntah.lah102938,nanti giliran remaja2 pada jerawatan KOMEN lg ga abus2 komen idup lu ye heran gw klo GK MAMPU gk ush byk bct.
bonia1717,Lu makan aja gacukup sekali berarti lu ketergantungan juga dong haha
amelianita1,"yg di hujat speak bidadari, yg ngehujatnya ah yasudahlah🥺😭😂🤣"
shaskiaameliaphutri572,gak mampu bilang bos😂
ratoebeje,dokter mirip.lucinta luna juga y😁
cattyyy__,"Dok, saya udh ganti2 skincare dokter, padahal krimny udh dikasih yg tinggi semua, tapi tetep aja gk ngaruh di wajah saya dok :"")"
cattyyy__,"Tetep kusam terus, pengen bgt kulitny kaya dokter, apakah ada saran saya pakai produk apa dok?"
larasagist,"sunscreennya dipake gapernah kelewat kan kak? soalnya sunscreen bener bener ngaruh, akupun dl gt pas pake sunscreen baru ada hasil"
cattyyy__,"Sunscreenn selalu saya pakai kok kak, soalny sunscreen jg wajib bagi saya.. tapi ya gtu kak, gk ngaruh tetepan, lama2 kusam lagi..🥺"
ssssssrfiiiii,selalu di Eksfoliasi gk Mbak wajahnya?
cattyyy__,Iya kak tapi tetep aja gtu..
ssssssrfiiiii,"hmm jangan lupa banyakin minum air putih yah kak,karna itu juga ngaruh"
cattyyy__,Iya kak klo air putih pasti..
irhamhaikal06,sma klo gt kyak aku kak.. gab bisa glowing susah glowingnyaa
worwor56,glowing gk cuman skincare aj yg di pakai tp jg treatment yg mahal2 di klinik kecantikan yg bisa bikin glowing parah😁
emie297,"kalo mau kayak dokter harus d imbangi treatment sayang, gak mungkin sekinclong itu tanpa d manjakan wajahnya, ngandalin cream y gak bisa,"
naazuwa,mungkin skinbarirer km rusak
cattyyy__,"Setidakny tidak kusam udh syukur alhamdulillah :"")"
cattyyy__,Hihi iya kak..
cattyyy__,"Nah iya kak :"")"
monaoktavianaii,"Ikuti saran tindakan juga sist, bisa karna pola hidup juga pola makan 😅 harus ada pendkungnya juga"
putriayusulistiaw,pakr sunscreen apa ka?
larasagist,ak sunscreen dr dokter kak
putriayusulistiaw,ohh kirain pake wardah dll
emie297,yups yg penting kulit kita sehat dan terpengaruh sama cream2 yg berbahaya.
andyinnnn,kaka pake sunscreen merk apaa
muthiayulianti,Treatment kak laser dll
ikhyalwita,pake glafidsyaskin
idrdewy,"Selain pemakaian skincare coba makanan dan kegiatannya di perhatikan mba, cntoh masak jgn lupa ttep pakai sunscreen"
kucingmanis_17,"harus facial juga ,ga cm pake krem2 nya doang"
minjoojoo,"berproses kl skincare, biasanya bulan ke8 udh keliatan"
user923854943,"udah berapa lama mba pake krim dokter, mungkin kulitnya udah kebal karna dosis yg dikasih gak bertahap langsung tinggi."
rulagustin,"pola makan, tidur, gimana Ka???"
rulagustin,"kalo ternayta pola makan dan pola tidur sudah teratur, coba komplen ke dokternya."
cattyyy__,"Aman kak, teratur kok 🥰"
i.am_000,kok sama sii walaupun ttp skincarean klu ga pake bedak dulu pasti keliatan kusam banget
cattyyy__,"Huhu iya sama kak :"")"
sisirkucing,makannya dijaga ndak?
cattyyy__,Dijaga kok kak 🥰
estpj1,"Kulit badak, kaya aku pake ini itu ttep ga ngaruh :("
hesti_ananda_kurnian,ditambah treatment kak jgn krim saja
queenfirli,kamu adalah aku🤧
cattyyy__,Ternyata aku gk sendiri😂
ranifadilaa18,"kalo basic aku kulit kering dan kusam, bisa glowing sama lembab rajin exfoliasi kulit seminggu 2-3kali dan skincare nya pake j glow beb"
cattyyy__,Exfoliasiny pake apa kak??
ranifadilaa18,"some by mi aha bha yg botol hijau, coba beli share in jar nya dlu buat pemula"
cattyyy__,Oke kak makasih rekomendasinya..
cattyyy__,😆😆
nikitabukanmirzani,"skincare aja gak ckup,sering"" masker wajah,sblum night cream always serum"
cattyyy__,"Hihi udh prnh nyoba ngerutinin :""), makasih kakak buat masukannya.."
vanesyaputri_01,pola tdur terjaga ga kak?
cattyyy__,Sering tidur awal kok kak😅
k.jaewook,cb deh kak sxn treatment prwtn jg . krn mnrt q ya skincare atau krim aja ga trllu besar pengruhnya . hrs di imbangi sm prwtn treatment jg biar bgs
cattyyy__,"Iya kak, saya juga perawtan treatment, facial, atau peeling gtu, tp ntar lama2 ya balik kusam lagi :"")"
k.jaewook,"cb laser kak ?
trs klo abs peeling meski udh pkek sunscreen jgn trllu kena mthri lgsg . klo bisa rtin tiap bulan prwtn"
cattyyy__,"Sudah pernah juga kak, udh prnah laser bbrpa kali, ntar lama2 ttp kusam lagi :"") dan saya jg jarang aktivitas di luar ruangan :"")"
k.jaewook,sbr ya kak . mgkn reaksi tiap org beda2 . trs kata doktr nya gimana kak ? atau cb ke klinik yg lain gtu
cattyyy__,"Iya disuruh rajin treatment kak, tapi ya namanya mahasiswa kantongny tdk memadai :"") saya udh coba banyak klinik btw:"")"
k.jaewook,iya kak emg pst dsruh rjin treatment biar hsil maksimal . cm yaitu tretment kan mhl yak . btuh berkali2 buat hsil bgs kek dokt ini
cattyyy__,Hihi nah itu kak berat jg klo hrs treatment trs wkwk klo bisa nemuin krim atau serum yg cocok aja pengen kak wkwk
k.jaewook,iya bnr kak . sm aja q jg gtu pas2an klo treatment mah hehe . tp ssh nemu yg pas mah . kan cocok2an ya klo krim apa skincare gtu .
cattyyy__,"Hihi iya kak.. Smoga cpt dpt skincare yg cocok deh :"")"
red.velvet07,coba jgn ganti2 skincare dulu selama 6 bln.
cattyyy__,"Saya sudah pernah kak :""), bahkan pernah off gk pake krim apa2 kecuali sunscreen aja :"")"
de_sabrina27,coba rutinin kak perawatannya kak. soalnya itu juga ngaruh. misal treatmen sebulan 1x. dan jangan berhenti kak
cattyyy__,"Iya kak, biasany yg rutin facial sih, soalny kantong mahasiswa tdk memadai klo mau perawtan yg lain scra trs menerus :"")"
de_sabrina27,soalnya itu juga ngaruh kak. aku dari dl pake scincare bpom tetep kusam. sampe pake yg merkuri juga sama. tapi alhamdulillah skrg uda gak kusam
de_sabrina27,gak kaya dulu lagi. uda mendingan
cattyyy__,"Hihi iya kak, tp berat jg klo hrs treatment trs, pngnny nemuin krim/serum yg cocok aja udh ;"")"
praminantywulanda,udah pernah exfoliasi wajah kak? exfoliasi berguna untuk mengurangi tumpukan kulit mati diwajah biar skincare cepat meresap dikulit
cattyyy__,Hihi udahh kak😅
thiiemoothy,alhamdulillah aku cocok banget pake glafidsya whitening nya...🥰
rezagladys,Yeay🥰
thiiemoothy,"aku beli kumplit dok...rangkaian whitening series nya..pdhal baru 2 bulan pke,tapi muka udah glowing aja...🥰"
n0tsha_,perawatan muka dimana tuh? biar kinclong
n0tsha_,dok berapa perawatan kayak gtu??
bety_rianingrum,"dok.. dulu kulit aku perrrnah jerawatan parah... tapi sekarang kadang masih jerawatan 1 atau 2, harusnya pakai paket skincare yg glow atau acne glow"
miftahuljannah3232,gmn cara pesan skin care nya dokter.
noninonanoni3,"dok,di shope sama lazada udah ada gak?"
ikhyalwita,hi beli skincare nya sis
cecemomoy0,dok satu paket cream nya brpa? apa prlu Konsul dulu ya
zfir14,Kok saya pakai gak ada perubahan yah? Knpa yah dok?
thiiemoothy,"ada,glafidsya official store..."
arraa9595,harga brp kak skincare nya
ulfaa392,Di jual bebas kah mba q gak usah glowing gpp wes pkok kulitku gk kusam dan bintik bintik merahnya🥺
thiiemoothy,aku beli di online shop resmi nya glafidsya di shoope kak... biar original ...
yanti_cute08,cara pesen gimna bu dokcan
shenykyu,order dan pemesanan bisa melalui kita ka ☺
yanti_cute08,mau kak brpa ? aku inbox ya kak
shenykyu,boleh ka ☺
sandycimutt,"jangan hanya muka uiey yang dirawat
body nya juga atuh ..."
_selalubahagia23,dok kalo kulit sehat itu harus licin?apa gimna?
_riskaiskandar,engga ka kalau treatment di kasih pilihan
mr.......loner,rajin pake sunlight mereka jd glowing takaruan
dajalinsyaaf_,klo bkas luka bkar bs di laser ga si dok
richgrill24,Dok mau tanya. kulit bergenerasi 28 hari sekali itu untuk kulit cewe aja? atau cowo juga? Mohon penjelasannya dok 🙏
ariinriani,semua kulit. tdk memandang gender.
richgrill24,Okee baik ka. terimakasih atas penjelasannya 🙏
rahulkyt,@irr.jaa
egikaputri857,"Buat Pengguna Baru, yuk Saling bantu biar sama sama untung🙏🏻
ID:GBEK97VYSPYXL
Aku selalu Aktif semoga murah rezeki dan sehat selalu..e"
virahpspta,cinta bgt sama produk Bu dokter🥰 #glafidsya
penghasilcuan_tiktok2,"@sidiq408:Pengguna Baru Tercepat, yuk Saling bantu biar sama sama untung dapet 100.000💰
ID :GBD8YMHKHXYXL
Aku selalu Aktif
Makasi orang Baik🙏"
imquiet.5,dok @rezagladys mau nanya pas dokter kuliah kuliahnya di universitas mana + jurusan apa?
mpuspertiwi,Unjani jurusan kedokteran lah bambang jurusannya masa iya peternakan😂🥰
imquiet.5,yh maksd ku kqn jurusan kedokteran banyak bambang lah itu yang di ambil jurusan kedokteran apa😏
risyacyntia,"TIKTOK ADAIN BAGI THR LAGI NIH! BISA MASUKIN KODE UNDANGAN LOH UNTUK PENGGUNA LAMA/BARU🥰
PAKE KODE KU BIAR SAMA-SAMA UNTUNG
ID : A7187280139 😍"
khanzafitri0,"@user6030297417212:Aku pengguna baru (tiktok biasa) saling bntu yuk sama untung kok
Aku juga aktif tiap hari, bantu aku lah
ID :A54130078001
Makasih,,"
idrdewy,"Bnr bgt kata dr, kulit itu bergenerasi stiap 28hari. Klo mau pny kulit yg sehat,bersih,merona ya dirwat. Di beri nutrisi. Mau glowing tapi ga dirwat ?"
oonepiecef5vh7ujbrxyzl,"BUAT PENGGUNA BARU (TIKTOK ORI)  SALING BANTU YUK BIAR SAMA SAMA UNTUNG KAMU DAPAT 100.000 DAN AKU JUGA
id: GBMF486BVXYWY
MAKASIH YA😊😍"
keithmorris420,"BUAT PENGGUNA BARU (TIKTOK ORI)  SALING BANTU YUK BIAR SAMA SAMA UNTUNG KAMU DAPAT 100.000 DAN AKU JUGA
ID: GBN32WCJVXYZB
MAKASIH YA🤗🥰"
loveurboyss,"KHUSUS YANG BELOM PERNAH MASUKIN KODE (TIKTOK LITE)
BAGI BAGI 100.000 💸
ID : A1484405129
MOHON DI BANTU YA TEMAN-TEMAN☺"
siscaaaniy,"Buat Pengguna Baru, yuk Saling bantu biar sama sama untung🙏
ID: GBM3JSCS5XYV3
Aku selalu Aktif semoga murah rezeki dan sehat selalu.."
maryamalisha513,"BUAT PENGGUNA BARU (TIKTOK ORI)  SALING BANTU YUK BIAR SAMA SAMA UNTUNG KAMU DAPAT 100.000 DAN AKU JUGA
ID ORI: F8TG5EHQ9XYT4
ID ORI:GBUYV7VVEPYSX🤩"
gemesff29,"@😊:1. Download Tiktok (Lite)
2. Klik lambang coin
3. masukan kode gua ya (bantuin yh)A5809323429
4. tugasnya nonton video aja
makasih ya🥰🥰."
ulfahfadilah07,"Hanya untuk pengguna baru(TIKTOKLITE) ini bagi² 100.000💰
masukan ID ini
ID:A1369635999
SAYA SLALU AKTIF BIAR KITA SAMA² UNTUNG
Terimakasih 👍🙏,,,"
ivan_hariwibowo0,"BUAT PENGGUNA BARU (TIKTOK ORI)  SALING BANTU YUK BIAR SAMA SAMA UNTUNG
MASUKKIN AJA KODEKU
ID: GBKWXW256PYW3
MAKASIH YA🤗"
wandyruz,"@Wandy Ruz :BUTUH 💯ORANG!!!! (TIKTOK )
Bantuu saya ya AKTIF NIH BIAR SAMA-SAMA UNTUNG KITA
ID ku: GBAZ66FYDPTUT TOLONG DI BANTU YAH🙏
tolong🥰"
cia_vanya,"BUAT PENGGUNA BARU (TIKTOK ORI)  SALING BANTU YUK BIAR SAMA SAMA UNTUNG KAMU DAPAT 200.000 DAN AKU JUGA
ID : F2GHBH6XZXWTY
MAKASIH SEMUA🥰"
risma_dewie,"💸:Butuh 1 Pengguna Baru Tercepat!, yuk Saling bantu biar sama sama untung dapet 100.000💸
ID : A50969216001
Aku selalu aktif
Tunggu apa lagi"
thebaddest251,"UNTUK PENGGUNA BARU TIKTOK LITE( BARU DOWNLOAD) INI BAGI-BAGI 100.000 😻
MASUKAN ID INI
ID : A65624677001 mantapp ga tu kita sama"" untung teman 🥰"
goats178,Coba lawan sma kulitku
allennyu_,"@Allennyu🧚‍♀️:pengguna baru (TIKTOK LITE) pakai ID aku ya kita sama sama untung dapat 100 ribu point🥰💯💯💯
ID : A1433029329"
dxxxx_7,"Dok@rezagladys kamu punya pori"" ga sih ??serius nanyak😳"
nengyuni3116,"ayok yng mau tukeran gw aktif nih, baru banget download biar sama sama Untunggggg
IDku : A5476310799"
antok.user_6523934439189,salam sedulur.kode ID:A98673656101
missswannbali,Berapa si bu dok sekali perawatan disana
shintacantik96,"wew dr nya kayak kaca mukanya semua , semut pun terpeleset"
nasirmoravia66,"itu muka nya di pakek plastip ya😳😳😳...
seriusss nanyak..."
userigthv,"NEED PENGGUNA BARU (TIKTOK ORI)
PAKAI KODE AKU YA👇🏻
ID : GBK3DYQRNPYZ3
Saling bantu yuk, kita sama” UNTUNG loh..
MAKASIH🥰"
rikaemelia612,"@rikaemelia612:BAGI PENGGUNA BARU
GW AKTIF NIH BIAR SAMA-SAMA UNTUNG KITA 100.000
ID ku:A1023022229
TOLONG DIBANTU YAH"
zzzzzzmmh,"HAII,,
BUAT PENGGUNA BARU TIKTOK LITE SALING BANTU YUK BIAR SAMA SAMA UNTUNG KAMU DAPAT 100.000 AKU JGA SLALU AKTIF🥰
ID: A9487399399"
imha_822,dokter mirip sama lita master chef season 5😁😁
susel44,almatnya dimna buk dokter..trus cbang dimna aja..pngenn prwatann
nengfoha,setuju meskipun hanya pake pelembab itu juga dirawat karna sinar matahari lebih jahat klo GK pke apa2 bisa2 masalah kulit cuci muka ajh nmanya dirawat
umie55556,"pengennya muka ku
kyk mba cantik ini 🤗subahanallah... cantiknya pakai banget 👍🥰😍"
itsgabybeib,"TIKTOK LITE ADAIN BAGI THR LAGI NIH! BISA MASUKIN KODE UNDANGAN LOH UNTUK PENGGUNA LAMA DAN BARU🤑
PAKE KODE KU BIAR SAMA-SAMA UNTUNG
ID : A1859866329"
keyvaaisahfiyamokodompi0,cara pesannya lewat ap?
marniatiwulandari,"@marniatiwulandari:BUAT PENGGUNA BARU TIKTOK LITE SALING BANTU YUK BIAR SAMA"" UNTUNG KAMU DAPAT 100.000 POIN
ID: A14290481101
MAKASIH YA🥰"
ahmadfauzi6626,"@ahmad fauzi:Bantu ya teman buat pngguna baru
ID:A9049471329
BIAR KITA SAMA SAMA UNTUNG 100.000 POINT
TIKTOK LITE"
lalalaras_n,ID : CD9UNE39 yang mau untung sama2 yuk gabung pake kode id aku🥰 biar sama2 dapet duit😍😍
intanpermatasari843,yaallah kinclong bnget bu dokter sampe iri makin cantik yhh bu dok bismillah sepeket skincare nya bu satu 😁😁
sakira_kamelia,"BUAT PENGGUNA BARU TIKTOK ORI ( BARU DOWNLOAD) INI BAGI-BAGI 100.000-1juta
MASUKAN ID INI
ID: F9LJHERC2PYZU
mantapp gaa tuhhh sama² untung🤩"
maykitchen870,cantik2 n glowing smuax 🥰
calista12234456788,"5 ORANG BAIK!! DOWNLOAD (TIKTOK lite)
PENGGUNA BARU KITA BIAR SAMA-SAMA UNTUNG KITA DAPET 100.000
ID ku: A7136572779
TERIMAKASIH🥰"
arifganteng195,"HANYA UNTUK PENGGUNA BARU TIKTOK BIASA ( BARU DOWNLOAD) INI BAGI-BAGI 100.000-1juta💰
MASUKAN ID INI
ID : A9893713979
mantapp gaa tuhhh sama2 untung"
reynahkamila,"Hanya untuk pengguna baru(TIKTOKLITE) ini bagi² 100.000💰
masukan ID ini
ID:A7697718299
SAYA SLALU AKTIF BIAR KITA SAMA² UNTUNG
Terimakasih 👍🙏😘"
arums.idd,"BAGI PENGGUNA BARU (TIKTOK ORI), EVENT BAGI-BAGI 927.000💸🥰 - 7 JUNI
MASUKAN ID (SAMA-SAMA UNTUNG)🥰🥰
ID : GBKN3Q6KEPYWT
AKUN INI TETEP AKTIF🥰🥰🥰"
t4ra_fyp,budok caranya biar hamil gak gendut tapi debaynya sehat gmna???😁
adliankaka8,mauuuu😳
ariesgirl.1904,Bu dok Cangtippp🥰🥰🥰
gheafirli,mukanya pada glowing gw iri🙂🙂🙂
sellamey.com,apa kabar kulit ku yang hidup d kampung yang pnghasilah d bawah 50 rb jangan kN buat prawatan ada buat mKan aja alhamdulillah .. tapi alhamdullilah
riskayulia.05,"😭😭pengen glowing juga,,boleh mntk skincare ny ngk bu dokter🥺"
gadisariellya13,pruduk dokter yg mana?? mau coba...belinya dmana???
rezagladys,@glafidsya.glow @glafidsyaskin.official
afelaafela888,bu dokter di jakarta ada kliniknya ga si?
nurwinapuspa,dibandung ada??
xxzvaa19,ini dokter pemutih muka y?
reysanraskuat_2611,"@rianoviandini:PERMISI BUAT PENGGUNA BARU TIKTOKORI YUK SALING BANTU BIAR DAPET 100.000🥰
ID: GBNR9M6C6PYYF
AKTIF 24JAM
MAKASI🥰"
putri_erlan,"BISMILLAHIRRAHMANIRRAHIM PENGGUNA BARU NIH
TUKERAN YOK MASIH AKTIF NIH BIAR SAMA SAMA UNTUNG INI TIKTOK LITE ❤
ID: A65115251101"
ghayaaaaa56789,"HANYA UNTUK PENGGUNA BARU ( BARU DOWNLOAD) INI BAGI-BAGI 100.000💰
MASUKAN ID INI
ID : A9038158729
mantapp gaaa tuhhh sama- untung terima kasih🥰"
zakiahkusumanagar,pada cantik cantik
nurhalifahstore,"aku pengen glowing , mahal gak yak ???"
anaksultan003,"dokter klo mau pake creamnya aja bisa g dokter?
jauh soalnya...😂"
ikhyalwita,bisa bgt sis
kadef88,siang Bu dokter saya skrg pake cream dr klinik kecantikan tapi hsil kurg memuaskan klo ganti cream whitening'a glafidsa apa bs dok
meyycayoo1,pke skincer yg aman gmn dok
ikhyalwita,glafidsya
dewisulis99,sepaket habis nya berapa lama yaa ? kalo tiap bulan abis ku tak sanggup 😁
wigo.moly,cantik x kak mukaya
pipitsiregar8,pake lilin kah?????
mpit0303,Sepaket berapa dok untuk yg acne dan sensitif ??
tina77710,"Harga nya lumayan ya , blm serum nya lagi, pengen tapi jiwa miskiiin q bergejolaak 🥺🥺"
shintaaaaaaaaa07,kapan ya saya kerja di tempat kaya gini🥺
ulfaa392,Dok produknya apa? 🥺Kulitku bermasalah kusam dan ada bintik bintik merah samar tpi bukan jerawat gak tau apaan🥺
zaraku29,mahal ngga dok perawatan nya😁😁😁
mamahadzril24,berapa harganya bu dokter?nanya dulu aja😅😅
megaayurubi,kulitku kering tapi banyak komedonya bikin kusem dan tua ☹️
ikamulyana320,dok serius tanya nih pkek skincere apa soalnya sy flek dn pngen glow klo beli cranya gmn 🥰🥰🥰
cahayafaniku,"barrakallah
tolong baca email dari saya🙏"
sunshinedila,emang gladfisya bagus bgt temen aku pake waktu kuliah kinclong bgt
deliademonsoffle,ketika dompet tak sanggub buk dok pengen perawatan apa daya biasa kena dbu jalan bismillah semoga bisa mencapai sukses nya budok juga🥺
sha_shb,"dokter,,,udah insecure dluan sama buged dok.lebih milih bayarin utang mama/bapak dlu.Klo ada testi buat praktek,aku mw dok,sedih sma wajah sendiri"
mcdspesial,"tp gua pake skincare lain,kyk somethinc avoskin. ga bkin knp"" pas lepas dr itu skincare, mlah pernah ga skincare 2 bln,krna mls. Tp ga knp2"
rossy_valenth,Makasih bu dokter cantik....atas infonya...😍
chocolatte.berry,"dok, kalo ada jerawat batu, penanganan gemana siii.. hampir 1 Minggu ga sembuh²"
ivonsiana,ibu dokter cantik salam dari NTT 🥰
nie04120,pengen bgt perawatan di klinik bu dok cantik😂
gibo_botak,best sih stuff nya juga glow up 🥰
iyagkpapa_11,salvok Ama yang pakek topi 😳
anienzahwan,Banyak rumah mewah di Indonesia terbengkalai/ diringgalkan haha😂😂
miedew09,"Dok, tanya donk , dokter pake produk sendirikah ato skincarenya produk luar bermerk?"
nonbhawell,bisa konsul online ga dok? saya disurabaya soalnya
sandraatrani2,pengen sih perawatan tpi ap dya uang cukup buat bli makan aj 🥺🥺
asistennyaprodukjaw6373,kk ini skinker apa gamana cara bellinya
lilis_animals1,tapi kn dok sekali perawatan berapa biayanya. pasti mehong kn
ragilindadarman,dok @rezagladys biaya buat cantik kayak dokter berapa sihh impian bgt dok ... minimal putih lah dok q item bgt dok 🥺🥺
mamahnayasmine,"ngerawat muka mah boleh aja asal ada duit ny ,😅"
alzibar7,"bu dokter klo aku liat2 mirip lucinta luna, apa lg bibirnya"
assyifa_lita,Tim pakai Garnier aja deh dokter... lebih murah🥰🥰🥰
milanherdiyanti,Kalo tetep mau cantik putih dan glowing ya pasti ketergantungan yakan dok😁
bunaamizamalfarizy,"kpann ya aku bs secantik, dn seglowing bu.dr.gladys"
chikitamaulidha33,glow banget sih dok 😳
ikanmaspandiangan,"aku senang lihat dokter cantik. berhubung Wang ku pas""an makan. bersyukur punya kulit yg tau diri. yg bisa terima produk"" murah🙏😊🥰"
aisyajaya1,"saya sudah pakek pemutih macam2 tapi tetep aja ngk putih..
apa ada dok yg bisa mutihkan mahal pun ngk papa asalkan ada hasil"
piojrsn,"dok, mirip kek pemain penthouse wkwk"
orlinsky22,mungkin kalo hinggap laler langsung meleset kek main prosotan saking glowing nya 🗿🗿🗿🗿
boenvi,"pen kayak gitu tp mehong ga, secara budget pas2an 😂😂"
pipileana,"kulit sehat itu gak perlu GLOWING yaa ibu"" jadul..tapi PERWATAN KULIT itu penting ibu"" jadul..jan mo kalah sama ibu"" muda jaman now🥰🥰"
munif694,dr. Richard Lee lebih mantap
yuliyanahyuli112,"doktt kali suntik putih bisa gak yah di glafidsya.
soalnya saya suka mls klo pake cream2 gtuh apalagi harus pke siang malam"
pertanianorganik,"pejuang jerawat nih dok, pengen bisa bening kayak kaca juga 😁, ada ga dok cream acne yg bikin glowing? dan beli dmn ya dok"
mirzayuniar,halo dok surabaya Ada gak temp at perawatan nya
yeniiparamithaa,ini paketannya aman utk hamil dan busui ga dok?
lilydarma78,salam glowing bu dokter🥰
vi3n499bb,kalau diluar kota bisa gak ya dokter
morasri,"ahh malah ngabisin duit bikin kaya dokter nya muka ttp aza gk ada perubahan, temen"" sy semua pke skin care malah stop jd LBH parah ya ketergantungan"
asypaasypa331,"cantik banget 😁, Bu dok"
sarahaulia1017,"Pantes aja aku pas berenti pake cream jd kusam lagi, ternyata emang kulit aku butuh terus creamnya ya huhu"
rashmiktaqdirham,bener dok namanya usia makin lama makin bertambah harus dirawat kalau mau operasi baru kenceng sampe tua
sobatsakakoi,"Bisa Meling Meling Gitu Ya,🥰"
falisharahma12,bibir ampe jeding begitu
real.ndaa07,dok boleh kenall. muncul terus difyp🥺🥺🥺pngen kenal
hyeldafebbry13,"pengen bgt punya wajah glowing gitu, tapi ga kesampaian🥺"
haiimellas,Kalau mampu perawatan kalau engga wkwkwkw y diem 😅😅😅😅
qwertyuiop_903,semoga rezeky nya nular Bu dokter🥰
murgiyarti,pgn jg tampil glowing cm lbh pntg buat kebutuhan pokok kyk buat makan sm biaya sekolah anak 3 mgkn saat ini blm dicukupkan Alloh utk skincare ran
vikha280,dok untuk daerah Kaltim gmn cara bli cremx udh ad di shoppe kh
ekanurhamidh,pasti mahal ya dok klo mau perawatan dan Konsul langsung Sama dokter Reza nya 😢😢
a.mey25,aku pingin cantik kyk bu dokter 😳😳
maharzakiaalfaeza,"pngin perawatan,tpi uanya lbh milih buat butuh ank2ku dok... slh atau ndak..m"
ikagemoii,dok muka nya pake apasih bagus bgt😳
erfn23,"dok, pengenliat wajah ibu waktu kecil hehhe"
yelinurin,loker buat D3 perawat di klinik nya dng dokter🥰
_lila37,paket buat ngilangin flek kira** brp ya dok
fijelita,dok ada untuk ngecilin perut buncit ga
lyajane2,"qq dah pesen 2 pake sld shopee paket whitening dan acne glow cm msh tggu kedatangan paketx😁, soalx aq d papua, biasax seminggu smoga cocok 🥰🥰"
trey_2018,bismillah aja ya sapa tau dapet skincare gratis...alamak maafkan 😁😁
mama_jalu,pasti ketergantungan.. klo ga di rawat sebulan balik lg ke kondisi awal... hehe..
rizkyyunii,dok ibu hamil boleh gak sih pake skincare..
diamariana15,dok minum suplemen whitening seperti glutacid itu beneran bikin kulit putih ya? tentunya harus banyak minum air putih
melsafit29,makannya skincare rata2 cuma pemakaian 1bln yakk kurang lebihnya
tikaramadhan_,dok tp Ka Lesty ga putih2
rimawidya_,dok kasih taudong peraturan jadi dokter aku mau plis kasih tau ya dok
mamah_abim21,binggung bgt ama muka sendiri krn gampang kringetan 😌😌😌
adeknyakim_taehyung,"aduh Bun kece badai banget, jadi pengen muka aku bisa semulus itu🥺🥺ini muka aku banyak bopeng jadi malu"
endahkim3,skincare itu sebenernya buat merawat kalau glowing itu bonus coba deh tanya yg rutin skincare tiga berhenti pasti ada yg kurang gitu dimukanya
sri.wulan112,"dok saya udah pake yg acne glowing sepaket, trs klo untuk powder nya bisa langsung d pakai ga?"
12dina2,"saya jadi pingin coba skincare nya, blinya dimana?"
yo_poruh2,"pengen produk nya, tapi bukan kantong pelajar🥺🥺"
ngopiindulu,hadew kece banget.. ga dokternya g perawatnya pada.bikin terpesona hihi
laila_lala26,"pengen prwtn pakek prodaknya bu dokter,tpi budget pas""an 😳"
cicioci1,dokter cantik bagi2 skincarenya donk dok biar kulitq kenceng kyk dokter😁
wendi976225869,pengen muka seglowing itu salam dari lampung dokter🥰
bong_494,pengen tau merk skincare apa sih bu? atau nama klinik nya kok lewat terus di fyp tapi aku gatau nama prodaknya
anaqperempuansatusatunya,kak mahal gak sih perawatannya 😳
egydya0,maaf itu glow kesannya keringetan
rierien92,mau pakek apa aja kulit wajah klo kena matahari pasti kayak udang rebus dok🥺
user5271665060643,"dia dokter , tentulah tau dia cara rawat diri sedangkan kita yg biasa bisa juga, aku mah malah seneng lihat kak*nya cantik bukan iri haha,"
anisasukamakan,adain di malang dokterr
drajatunimamah1,klo KTP satu kali seumur hidup..klo wajah kebutuhan..hrs d rawat setiap saat setiap waktu
ernawiltoni,dok... mau donk SM perawatan ny. ada ga cream yg BS d order?
chamidahh,syukaaaaaakkkk banget Ama dokter2 ini
micky_afif,"gak smpe sna uang nya bwt bli scin care ,🙈🙈"
tiaramaharanyyy,"Pgn skincre an pake ini, tp aku org nya bedak kan bgt. Bole gk si skincre an tp tetep bedak kan😢"
riana20894,Dok kalo kulit susah putih apa solusi nya ya?
chaerulumamalghifari,sekali dtang hbs brp bu
anisasilvihidayah,dokter bener** inspirasi aku banget deh suka pokoknya mah sama dokter i love you🥰😁
wirahadianto,"HANYA UNTUK PENGGUNA BARU ( BARU DOWNLOAD) INI BAGI-BAGI 100.000💰
MASUKAN ID INI
ID : GBTZLDZAHXYW8
mantapp ga tuh sama-sama untung, terimakasih🥰"
evidiana29,di tang3rang ada klinik nya dok brp kira2 biaya nya
siti.utami,bismillah skincare nya bu dokter aminn🥰
dhonaaaaaa_,"bener banget dokter, semua itu adalah kebutuhan bukan ketergantungan😳 kalau pengen muka ga kusem & berjerawat ya harus ada treatment"
octavi777,Jadi pengen perawatan ksini 🥰
momoazriel23,"boleh tahu pakenya apa dok??kulitku kusam parah, umur 29 tapi wajah kaya 40an 😂"
cicidcuid7,Dok ngilangin jerawat batu gimana yaa?sampai bengkak terus ada warna hitamnya
prettynafa,dokter nya cantik cantik bgtt
puput0100,pngen muknya glowing kaya gt😌
dewirabel016,glowing semua Bu Dokter 🥰🥰
lovebywidya,"Semoga usaha aku bisa maju kayak kakak. Saat ini aku jualan baju Kak, namun belum ada yang beli 1 pun 😂. Mohon doanya teman teman semua"
kotitiw2,"gmna ya , bingung klo kelewat glowing bawaan nya jdi kek berbinyak gtu ga si?"
asmadani30,"dok. aku dulu sering pake pemutih. 2 tahun lalu coba ke klinik kecantikan. malah break out. gmn cara ngatasinnya ,😭"
nindy7777,"awal aq pake ms glow yg cream siang kaya kelly,cuci muka nya Kya Kelly. akhirnya ku putuskan ganti sometic"
diah_komalasar1,glowing bngt dokter
xxywzmes,"mahal engga sieh dok,perawatan ga"
zahrororo183,"bukan ketergantungan.. tapi ketagihan.. tapi,no comentlah😳"
kayla_nuri6,perawatan mahal dok ngk pengen glowing mah to sanggup bayar nya 🥺😁😂
bidaniecha95,uwwaow glowing banget🥰
jeebee_17,@JeeBee_17:@JeeBee_17:ka gkmau bantu aku kah🥺 abis kena tipu skrg harus ganti 8juta😭 bantu aku brp pun gitu🥺
aloy060698,kenpa perawatan di dokter harus mahal2 kan rakyat jelata jga pengen perawatan🥺
alfinaon2,bu dokter kulitnya sehat bgt jd mau🥺
haysayang_08,Bu dokter Masya Allah gelis pisan mani herang🥰🥰 tapi sumpah pas di keluarin lidah nya mirip banget lucinta luna dok😁
tacaaalia,dok apa kalau perawatan pakai cream dokter gabisa pakai makeup?
azkadia123,G nya kek lambang supermarket daerahku GARDENA
bayarutangsam,"resepnya biar putih rata begitu dok, perawatan disitu butuh berapa lama prosesnya biar bisa kaya Bu dokter?"
bayarutangsam,monmaap dari samping pas lagi geleng2 mirip kek Rachel vennya😳
vhikan,knp ya drs emua3 dokter yg terkenal...gue sukaaa banget sama dokter ini..fix ngefens banget
ulliiiiiyy,sampe halisny glowing bund😳
_xrxx,Pengen deh Glowingg kaya kaka
123nilapiliang,glowing bngt dok pingin tp g punya uang
happylifeme3,Dan juga daftar harga2 produk skincare nya dimana bisa lihat ??
happylifeme3,"assalamu'alaikum bu dokter , klinik kecantikan ya dimana ?? kalau datang langsung ,biaya perawatan Mahal yah ? dimana bisa lihat daftar biaya nya"
rinaafriyanti7,"mau nya sih perawatan dok @rezagladys , tapi apa daya sakuku tak sanggup 🥺🥺"
user6046760094929,termasuk investasi juga kalau perawatan wajah dok....menurutku sich
tonisulaemanbp4,isi dompet ku menangis bund liat. glow gituh😁
myafresillya,"suka banget deh sama bu dokter ini , lagi hamil tp tetep kelihatan langsing 🥰"
sriiebarbieceta,"kalau aku pengen x bening seperti ni,,saat ni ku pkek Bedak Miss Glow🥰"
lilisputrilustianti,pengen banget punya wajah mulus kaya bu dokter🥺
renarelansyaarsya,smoga aku cepat dikasih rizki sama ALlAH buat prawatan...karna sllu dihina suami.wajahku banyak bekas jerawat.bolong2
juang_eceh,"pasti mahal ni perawatan di dokter ni,mau kyk kamu dok🥺 tpi mahal"
supreme1000mcg2,"yang single yang mau cepet dapat jodoh atau pengen gampang deal bisnis, bisa cobain pheromone kami ya om/tante dengan ratusan testimoni asli 🥰"
mochii_ra,beli serumnya aja brp bunda
leonahijup,Aku pengen glowing gitu pake yg mana kak??
poow_3,sht sellu ibu dokter cntik 🥰
ninda1810,kak putih begitu apa pernah suntik putih @rezagladys
aishylla18,"klo ga punya duit gmna mau perawatan dok , ada buat makan juga udh alhamdulillah 😥😇"
okfix4,muka dokter mirip laki yah??😳
wirdacaem858,suka bgt ngliat Bu Dokter kece ini😍😇
wahyuni_kelana92,kakak.. mintak resep skincre ny kk.. muka ak susah banget glow kk
nrirhma_99,glowing nya kelewatan tauk risi nggak sih😳
kaumrbhaan,"@Indahmorc315:HANYA UNTUK PENGGUNA BARU TIKTOK LITE ( BARU🥰 DOWNLOAD) INI BAGI-BAGI 100.000💰
MASUKAN ID INI
ID : A94449474101
mantapp gaaa tuhhh🤗😘"
zahraijem,pengen bngt punya kulit wajah kayak gitu.sayang duitnya ga kuat 😂😂🤦🏻
shimabule28,klo perawatan gtu biaya nya brapa dok
santailah3,hidung oplas kh dok @Reza Gladys Prettyani Sari
MS4wLjABAAAA5DKloN-FXzTeKJ7IZdG9Vu-DgF2Nhtv2h4VU5VgmxuR-adQ1fb9IpGCy0MHmG5XC,"BAGI PENGGUNA BARU (TIKTOK LITE)
AKU AKTIF  TIAP HARI BIAR SAMA-SAMA UNTUNG KITA 100.000 💸
ID ku: A5302556499
SELAMAT MNCOBA!🤗"
amanda_julia19,aduhhh cantikk nyaa bu dokter😳😳😳
bang_ipul615,kinclong amet bu...
vinaarieska,dok..cabang nya ada yg di jogja gak si? mw perawatan.. muka ku kusem dan kering 🥺
r_agustin6,cantik bu dokter
henymarno1,"apapun kata mereka, ku tetap suka kamu, doakan saya ada rejeki ya bu dokter, biar bisa merawat wajah saya spt mu🥰"
nursalamahsalama,kepingin punya wajah glowing kya teteh..tpi berat di dana ..teh..😌😁andai aj ad skin care yg murah tdk brmekuri..😌
gusmun7,beli laminating dimana dok kok kinclong
dedehbustomisinag,"Gue gak munafik, tapi dokter ini emang cantik 🥺"
sitimaryamqbtyh,saya punya nya 100 rb dok gakbisa ke klinik dokter😂
bungawiduri91,"bisa GK dok,perawatan wajah supaya cantik,,pakai BPJS,,😁😁"
gpernahfyp277,kulit yg terawat memang ga bisa bohong...kece amat Bu dr
farzan.id20,yaampun dok glowing banget gemes sya😂
littlepony243,"knpa ya kalau liat postingan bu dokter ini jadi ngiri,bukan nya sirik tapi kapan aku bisa gtu ya dok, 😭 uang ni mnghambat segala nya😑
sehat trus🥰"
bee_babeegwyneth,se glowing itu yaaa
oktashari,"pengen banget glowing kayak buk dokter .tapi apalah daya kantong tidak mendukung 😢, mana kulit body aku itu kering mudah gatal2."
arn573,dok aku mau pake produk Gladys gmn cara pesenjya😌
evysusanty7,dok pengen muka licin kayak dr gimn caranya dok
evysusanty7,masyaallah mukanya licin bagus bangeet🥰🥰
loveusb,dok cara ngilangin flek hitam gmn..ko susah ya sdh pake cream dan skin care mnapun😩😰
chijeuukimbab,cantik sekali epribadee
venipratiwi1,yg bilang lebih baik asli dr lahir artinya dia gk mmpu 😳
de_kartikaa21,Cirebon-majalengka sblah mana cabangnya ya
mahsyanvtsr,Bingung mau kuliah dimana?Yuk langsung aja daftar di Universitas Muhammadiyah Jakarta (UMJ) Terdapat banyak potongan biaya kuliah @pmb.umj
bakolsegogandul,apalah dayaku yg buat mkn aj susah dok😂
bakolsegogandul,ya iyalah ketergantungan dompet😂
qomaria_207,kak mw banyak donk skinker anak remaja umur 14thn yg cocok apa yh kak SMG di bls🙂😊
biru._.6,Dok serius nany infus whitening d klinik dokter brp?
avrilliaku,masyaallah apalah daya aku yanggg bisa cantik karena filter doankkk gk mampu perawatan
yusrirahmi,"masyaAllah cantik"" SEMUAA. nular bismillah 😌"
nn_ang,"mb cantik, kl prawatn dstu mulai dr brp yah?
lg siapin modal dl🤭 tkut pulg ny dsruh cci piring😅😅"
mesi.1234i,dokter yg jilbab hitam cantik bangett🥰🥰🥰
elina61,"Ya allah pengen bnget perawatan di dokter reza ,,tapi sadar diri aku punya uang dari mana😭😭😭pasti mahal bngt😭"
tholecung,kulitnya oily gitu ya. kayak roti di bakery
latte.kopi,🥺kadang suka iri liat cewek yang mukanya mulus2 bgt
snumpil,maaf dok.. itu jas dokter atau seragam klinik?
tak.pernah.di.anggap,kenapa ya dokter perawatan semua tepos🥺 gaada yang gemoi gitu kan gua cowok bisa rutin perawatan kalau dokternya berisi badanya
fajar.nurul0,Shopie nya rincerukh Jakarta Selatan bukan dok
unisusan,"Tuuuul dok.
jangan mau kinclong cepet, pas tanya budget langsung meringis😁"
glow2903,kumpulan para wanita glowing wkwkwk
gddnmsi,dok kalau hitam dri lahir emng bisa sebening dokter?
mawaddabebute,aku udah pake semua produk glafidsya Medika...dan mmng hrs butuh duit 😂sekli order satu jutaan
accipxy,sama hal nya kek rambut hra pake shampoo bkn brarti ketergantungan ye kan wkwk
rennyreniie,"dok aq jga kpngin kinclong jg..
gtu bnyk wajh gk brubh jg"
novipitriani8,sumpah q suka bnget sama teteh yg satu ini...hahh🥰🥰🥰🥰🥰
melindadahliana,namanya skincare ataupun krim dokter yg pastinya bikin ketergantunganlah mana ada yg hasilnya permanen begitu so ngakak gua bacanya😂😂😂
purnamamerindu271292,glow bngt bunda cantik
akuapril20,"ibarat teras rumah, disapu dipel biar bersih dan kinclong. kalo besoknya gak disapu yaa jd kotor. intinya mah mesti runtin dirawat"
alinoktaaa,"skincare bukan ketergantungan, tapi kebutuhan.. ya ibaratnya mandi aja butuh odol/sabun mndi😅😅ea Khan dok!"
rinrah1.7,Sampai karyawannya pun glowing juga🥺
mariaulfa300,cantik semua🥰
yesayaabraham2003,yg di belakang yg warna kuning
afiyahginalestari,setuju w kalau ini🥰
kikilane87,glowing bnget wjh dokter😊
dexerna8,dok mau tnya ap debu gk kpleset kalo mau nmpel di wajah dkter😁😁
dianekawahyuniwah,terus pas kena matahari langsung muka ku rasanya gatal dan merah banget...
dianekawahyuniwah,Ama Very and Lovely dan Wardah untuk alas bedak ku...apa karena kulitku yg sensitif y dok?? mohon masukannya..
dianekawahyuniwah,cream siang dan malam..kok malah gak cocok y malah panas dan nimbul geradakan di muka...malah cocok sama PONS pencuci muka seperti biasa yg aku pakai
dianekawahyuniwah,assalamualaikum wrwb..Bu dokter..aku kan beberapa kali pernah di detox di salah satu dokter kecantikan yg dekat rumah...terus di kasih pencuci muka
zyema7,"cantik bgt, mana ada yg sehat itu waktu cepat, butuh proses😂, salken kk🙏"
userhqr7zpao28,apalahdaya orang GK punya GK bisa perawatan
babedupe,kalo pakai produk doang tanpa perawatan ke dr worth it ga dok? 😅
uh2506,yg tau harga skincarenya😌
dewinofitasari21,kemarin liat dr diacara masak2 sma chef arnold
putry_fauziyah,"BUAT PENGGUNA BARU ( TIKTOK ORI)  SALING BANTU YUK BIAR SAMA SAMA UNTUNG KAMU DAPAT 100.000 DAN AKU JUGA
ID : GAH9MHUT9XYZ4
MAKASIH YA 🤗."
udahbahagia06,dok remaja bisa pakek ini?
irfa_zh,putih banget tangannya dook [hehe]😋
rachmilaa09,uchh...jiwa q meronta2 liad dokter nya pda glowing😳😳
wikimores,"jngan melebihi pemberian tuhan, belajar hidup bersyukur kita meninggal cacing yg mendekati kita"
marchpotatoes,Cantiiik Cantiiik subhanalllooh
ve_qiaa07,salfok sama yg baju kuning
sri211231,dr gladi hamil tmbh cantik
zaimahagustin,sekinclong itu😳
mariahera5,q suka gaya Bu dokter cantik2 semua....
yuwan1408,semut aja kpleset itu mah kalo lewat kulit nya bu dokter😳😳😳.. pengen ya alloh...😊😊😊......
yuppy694,kulit dokter aja abis makan gorengan ga di lap😂
evanmargaretha,Di Samarinda ada jual produknya kah bu dok
n.jafna_,"maap dok, kok agak mirip lucinta luna ya"
fafisa_channel,"muka begini pas acara kawinan auto susah nempel foundation, g percaya cobaaa aja"
ciii029,"BUAT PENGGUNA BARU (TIKTOK ORI) SALING MEMBANTU YUK BIAR SAMA SAMA UNTUNG KAMU DAPAT 100.000 DAN KAMU JUGA
ID:F26HD5NG6PWWQ
makasih🥰🥰"
liadia24,"untuk pengguna baru masukin kode undangan ini F7V9HQSFHXYXT
back kode🥰"
yuyunapriani04,"syantik amat ya ni dokter,, pngen glow up biar bs dpt suami lg ,, tp apa daya tak punya dana,, ckup buat biaya anak skolah& mkan aja sdh alhamdulillah"
akuinaa__,"cabang jogja ada nggak dok,mitra di jogja ada nggak dok"
nadifaap4,@maszaq_ iki loh pir
putriimie,dok buka di Bandung gak?
scorpiyou_,Mntp bgtt dongg
tehiisaisyah363,harga nya mahal nggak dok
ikarismatulhwa,glowing yang aku inginkan😁🥰
tyallbest,aku ultah gada yg niat ngucapin????
sarilubis0,saya suka gaya dokter....
naniecutes91,pengen kayak buk dokter 💞💞💞😍
muhamadalwi339,ya ampun mani gelis
mellonk_86,emang kl sdh kyk gt. g bs mti ya😁😁😁😁
viniramdayani,dok ada lowongan kerja ga disana? 😏
nick_doang,yg miskin kayak saya mundurrr😬
mommyedwardkiel89,kliniknya dimana bu?
dhesy_najwa,apa nama scincarenya dok
renydwi268,dok ada cabang di Surabaya gk ya ?
fraupees,penasaran deh harga nya brp
paraavi,ada kaka sepupu ku dr tanti😂
wulanmandasari8,cukerrrrr..... (cucokkeren)
afidil2,lokasi Jakarta mana nya
ovysaewa,di Batam ada cabang gk dok
.kadijah_dije,kk ada obat nurunin badan tdk?
freya_fea,asa tau tempat nya
cindyjuliati2,dimna tpt ny mbakk
santyyani2,mirip kucinta luna
pujiastuti0121,flek hitam dokter 😭😭😭😭😭😭
mudayt,Brp 1 paket kk
fresipurwanto,kok qku tsakut yah
angka200,demen aja sama gayanya😁🥰
khansaadreenaazzahra,kinclong eeeee
vr.4609,muka sama tangan sama semua
nawaver,dok ada kembarannya nih @tahanhujatke2 😂
areevaliaa,😳pengen perawatan juga
_queentiny,siapkan uang kalian😌
inenovaayu90,buka di semarang kapan kak@rezagladys
dhwii_,glowing bgt bu 🥰🥰🥰
yulieyouvie,cara pesen gmn
user8155795824434scarlet,Bu dr nya cantik
wahyukusuma15,yg depan salam kenal 🤗
zenyen1,daerah Tangsel ada ga dok
gibran.f.rudianto,buka di kuningan juga yak bun?
denadnan6,apa nama nya
linalestari756,berapa harga nya
shaziaagustina15,yang belakang cantik
milhatin_sirfah,cantikmya
witrise,pp
juliananorly,@mhsii_ dokter terkaya🗿
cucurwhiskas,cantik2
xxywzmes,ya
nashakirana,kliniknya dimana?
tha_cintha,cantik
slasshhh29,bener juga si
mamaacha10,malah medeni
midd_middah,pngn
makerot___,bener bngt Bu dokter😁😁🥰🥰
sari756,cantik banget🥰🥰
rhuzny29,suka banget .....
silvanarose57,dokter pake apa
yuliaagista,pengen
karina_eryn,cantik+glowing bet ya allah 😳
teguhpandusamodra,mukanya kaya pake blueband
ustadzmuda09,kalau cowok perawatan supaya putih bisa ka?
shelvy_eqlima,dok pake serum apa🥰
ami_yulia26,sering banget ada yg kasi pertanyaan seperti ini dok.. nama nya kulit ya kudu dirawat 😁😁 betul apa betul kan dok😁
yanti1840,apa gak terlalu licin dok😳
joniagussaragih,Aduh mauu😁
nitanur70,Assalamualaikum
hlnach1,Parah bening² semua 😍😍 Biar kulit badan putih bagusnya pakai apa dok ?
ratirahmayanti92,dok saya mo bertanya boleh
melianameliana39,aku pengguna baru tiktok lite IDA98507996101
noirnovacadangan,"@Noir Nova Cadangan:setuju banget dengan dokter cantik ini,gak dan skincare yang pakej seminggu dah kinclong😂.
sabar dan sabar,anda akan dapat hasil"
nitanita4707,Cantikkknya 🥰🥰🥰🥰🥰 Semoga Kak tambah cantik lgi aaamiin🥰
queenza313,Bu dok apa nama kosmetiknya
robiyahtunnisa,dok mau tanya apakah wajar hami 21week missv sering sakit/kram🙏🙏
yantiedelweiss,"@rezagladys dok, dlu kau beautycian di salah satu klinik, ada lowongan tidak ya dok"
waju194,dok sy mau skincare ny .
zach.rooo,dok gimana caranya biar ga ada jerawat? sy jerawatan terus dok🥺
hjrasr,nyamuk pun tergelincir.
claraciena,mahal kali ya dok buat sekali perawatan ?
mamanisachusna27,dok. umpama kulit campur bisa ya
resti_ilham,dok perawatan d gf aman gak buat bumil
nisaheri89,mahal dok ak gk sanggup byary😅😂
nenkezzien,Di Karawang Udah Ada Kah Dok☺
widya20211,"kalau mau beli cream nya dmn dok,ada online kah"
irtberdaster,dok buat bibir hitam apa ya dok
herniiyulianii,Ooh i see dok☺️ayohhh para cantikers kita bekerja kerass 😂
micercery17,saya alergi semua skin care
zeinna.trisna,"dok aku udh pakai tp blm putih2, gmn dok pakai apa lg biar putih gt"
hanindyara42,"halo doc,"
etm076,De que trabajará?
astridnovedades01,habla español?
leodmnick,bening😂😂
yuimikayla,aman kh dok
c.julaeha,tetap semangat dok 💪💪💪
delya1919skincer,lokasi nya dimana dok
mamihalwy_,cantikkk🥰🥰🥰
innatinarkn,Harus bayar brapa dok...
damay_2518,klinik y ada dmana aja dok
nabila..putri2zavira5,dok lokasi mna
dianakusumawatie4,sependapat dok
liaa_apryn,yes betul sekaliiii
yaqayya,lok mn dok.
newspapperr0,@rrar.1 uiui
scrpgrlls,hah tp😭
tyas9998,cntik
nurlailatabassy,Ternate Utara ada ngga dok
eirenevcrri,"Tmn2 pengguna baru saling bantu ya biar sama2 untung Rp100.000 kita 🙏
masukan ID ku:
A1203366529
aku aktif tiap hari nonton video tiktok lite."
ichamombagusayuaya,harus Dateng g ya tuk belinya .. cek kulit wajah
yuliaafbeki,cantik amat dokter🥰🥰🥰
faridzlatif,yg penting suami setia bagi saya mah sdh cukup.
kuorouvvv,Dok kalau pnya pcr kita biayai sampai glowing ntar pas nikah anaknya ikut DNA lama apa Ikut glowing jg pas baru lahir?
sekitar_tunggku,kalau ga d bikin ketergantungan dokternya ga makan 😅😅
lagviral07,"butuh 10 pengguna baru, yuk join sama sama untung bersama masukan kode undangan dibawah ini.salam cuan🥰
GA5UPEGZAPYVQ
100.000🤑"
ekaduria,aduk doooook mauuuuuuu.. tapi gakkuat liat budgetnya 😌
hitamputih6969,"terlalu banyak pemutih, jadi mayat hidup... 😂😂😂"
abcdefghijklmnopqrstu840,klo perawatan di klinik dokter ada harga yg 200rebuan gk si 😑
bottiktok235,muka dokter nys bukan cantik mala lebih ke lucu
munieagilles,klw llki mau berjuang klw ttp diam di tempat bgimna
ronailove,jgn coba2 guysss... uang siap2 aj tkuras 😅😅😅😅😅
kurniaindah77,NYEREMIN
nesaramadanti5,"@nesaramadanti5::HANYA UNTUK PENGGUNA BARU ( BARU DOWNLOAD) TIKTOK lite
MASUKAN ID INI
ID : A12046514001
🥰😘🥰"
user3801196099660,kalau di kasih iPhone 11 sama kakak ini aku bakal Terima kasihh banget😁
megadoni30,aku cocok pake glafidsya otw kinclong kayak dr cantik ini🥰
user8516831549369,"zy heran sma netizen dia iri atw bamana ya.batex na anu""ki dokter inilah i2lah.
na blanginmi prg ngepetlah.klau gak pux bukti jangan sembarang blang."
venyfadilla,pengen ngaca anjir
kosmetikviralnovimedan,"@Novi Trieany:cantik banget dok..
yg mau berpenghasilan sendiri yuk join di bisnis saya https://vt.tiktok.com/ZGJkcv52e/"
mamakairan,"pengen perawatan di glafidsya tapi lahem duh,,pengen licin ka Bu dok mukannya,,andai di kasih vocer gratis perawatan 😁😁😂😂 @Reza Gladys Prettyani S"
raninuriahsari,"ya all mau banget muka aku kya dokter glowing,tpi apa dya buat beli susu anak aja udh mentokkkk😏😏😏"
m.sapri7,tebal bedak aja.yg alami lah
crushx220,"dok kenapa ya
wajah kelihatan tua padahal masih belasan tahun"
iye_gwmontox,"bu dokter ini emang dasarny udh putih liet aja kulit tangannya gk beda ama muka, ditambah perawatan, cakep dah, napa pada julit woyy 😅😅"
alex_rodick89,"muka dokter npa gak cantik,,, cuma kilat doank"
majidahhannumnasution,MBK ini alamat nya di mna
user8516831549369,kebaxkan comentar yg pda mdak bgus.kan ini dokter n psti baxk g usaha lainx wajarlah klau dia kaya.
kepoluanj7,salah satu dokternya ada yg sombong menurutku sih huhuhu
fier5758,"Sangat setuju, jka ada wanita/pria bilg jgn prawatan deh ntr ktergantungan itu tanda orang yg PELIT utk dirinya sendiri. 😅😅😅"
rendyrengers85,ajg pada glow😳
azhalea267,dok mau dong bikin glowing
xping789,dok aku belum glowing gitu gmna dong?
febrinadestia,𝐤𝐚𝐤 𝐚𝐤𝐮 𝐦𝐚𝐮 𝐩𝐚𝐤𝐞 𝐣𝐮𝐠𝐚 𝐝𝐨𝐧𝐠 𝐆𝐋𝐀𝐅𝐈𝐃𝐒𝐘𝐀
ikhyalwita,yuk
febrinadestia,𝚍𝚒 𝚓𝚊𝚔𝚊𝚛𝚝𝚊 𝚍𝚒 𝚜𝚋𝚎𝚕𝚊𝚑 𝚖𝚊𝚗𝚊 𝚌𝚊𝚋𝚊𝚗𝚐𝚗𝚢𝚊 ?
h_m.d2,dok plis bgt terima aku PGN ngelamar kerja dong aku lulusan Ners perawat ingin kerja bareng dokter kece cantik cetar ini🥰🥰sehat selalu dok😘
diyyahali2,dok mau uang jajan dong atau perawatan di klinik kecantikan dok aja smogaaa
faeysaofficial,"Dokter buat content pentingnya perawatan dong, soalnya masih banyak yg awam tentang perawatan wajah, malah nuduh cream dokter itu berbahaya😭"
faeysaofficial,"Pengen buat content sendiri tentang kulit tapi belum punya lisensi😂 jadi weh berharap dokter bisa buat content tentang skincare dan kawan""nya"
faeysaofficial,"Biar masyarakat Indonesia gak skeptis tenteng ""perwatan"""
faeysaofficial,Soalnya banyak banget perempuan yg punya pemikiran *sayang ah perwatan malah ngerusak kulit* pengen banget deh rasanya edukasi mereka 😭
kosmetikviralnovimedan,"cantik banget dok..
yg mau berpenghasilan sendiri yuk join di bisnis saya https://vt.tiktok.com/ZGJkcv52e/"
kosmetikviralnovimedan,"cantik banget dok..
yg mau berpenghasilan sendiri yuk join di bisnis saya https://vt.tiktok.com/ZGJkcv52e/"
dl190792,wajah dl sma sekarang ny dong
novitagonyex,Bu dokter mau dong skincarenya aq emak u43 pgn pya muka mulus tp gk pya modal 😂
vika_s.21,buka cababg di jepara dong
dantebims,harus banyak cuan dong
ayuintan24024,mau dong dok perawatan di dokter gmna caranya 🥰
widiawatisean,aku mau dong dokter..gimana cara nya.. tapi setiap hari saya di laut langsung kena paparan sinar matahari..🥺
dewihm06,kak tips kulit putih dong kak🥺
diba_jane,ass...dok itu pke apa ampe bening bngt kya gitu mukanya??😍😍
wiwienalfarizi,dok tutorial ombre lips dong..cantik banget🥰🥰🥰🥰
ritabekichot,bu dok mau dong mukanya glowing tapi ga keduitan aku😂
gusmun7,cuma sekali aja. trus dokter kulit sepi dong😂😂
swasthini745,"dok mau nanya dong,klo kulit muka kusam beruntusan bagusnya pke krim apa ya dok??"
tanpa__nama1404,kalau perawatan ketergantungan sikat gigi juga dong 😂😂😂
anakmamak853,Dok mau perawatan tapi price list harganya dong🥺
tantecuan,"Doc,mukanya glowing banget......mau dong...😍"
khanzakajol2,mau dong dok crem nya udah beberapa dokter kecantikan disini tetep ga cocok..
villa_omahturu,Bund. Buka di jogja dong.. 🥰
dea_nurdayani,tiktok.com/@dea_nurdayani
nungspuji,"halo dok , buka cabang di makassar dok , kebetulan ada tempat nih mau dijual daerah komplek dosen , di pusat kota dok 🥰 barangkali berminat"
ratnna14,dok penyakit apa yang bisa buat seseorang yang baik tapi seketika berubah jadi jahat kasar dan emosional
cupikakosmetik,Runcing
intanbayduri531,oily [drool]
anggratrue,Plastic 🤔
..20a,ياساتر يالدهن
orkkayskincare_bogor02,https://vt.tiktok.com/ZSJmE5HNy/
mutiarawong24,https://vt.tiktok.com/ZSJu6Ffxn/
suryaningrummegawati,https://vt.tiktok.com/ZSJu85XoA/
dheabohay2,https://vt.tiktok.com/ZGJB4Lrgs/
12persen__,dok buka cabang di aceh dong :)
novitaergan,https://vt.tiktok.com/ZSJQ1CtUq/
_wringin_arakarak2_,https://vt.tiktok.com/ZSJ9SpuMe/
iqbatralalalal,skrg glowing nanti klo dia mati wajahnya nak jd ape yee😳
amen0075,https://vt.tiktok.com/ZSJujuvej/
ghataa__,https://vt.tiktok.com/ZSJmEhESH/
oktavianaana31,mau dong tips ny dok🥰🥰🥰🙏🙏🙏🙏🙏
itsokaaaaay_,"Saling bantu yuuu
id: F7VUS3AQJPYZL"
alishanurmaira1,"Buat Pengguna Baru,kode saktiku,biar sama2 untung🤑
(TIKTOK ORI) ID:GBNFQR5AJPYVK
(TIKTOK ORI) ID:F5Z9K86WNPYTU🥰😬"
wajarkarnawaktu,"@wajarkarnawaktu::Bismillah Buat Pengguna baru Pake Id tiktok ori ku ya: (F6ND7MJCEPYZF) Kita sama-sama untung Dapet 100.000 poin,"
juliana3452,@pahrialda 😂😂
tienshealth_,"Wahh keren bgtt kak 😍😍
butuh peninggi badan?
@storerhy.hypergrow
http://api.whatsapp.com/send?phone=6285892662876"
officenuaskincare,😂
ariiiiiii123456,😁😁😁😁😂😂
sephitea,🥰🥰🥰
irene.sutanto,@ivenaelika
wisata_offroad_puncak,😌😁
sitianisah315,😂😂😂
xxewwin,@sundaymood01 @nadyaad55 @dinatafiaaa @aarraaseo glowing🥰