User @,Comment Text
novyraliaagatha,"Terima kasih semuanya yg udah komen. saya tekankan lg yaa, disini saya ga menyalahkan siapa²nya. udah takdir anak saya smpe sini. makasih yaa smua😇🙏"
hettysari8,soundnya kaya orang bahagia banget di tinggal anak😅😅😅
novyraliaagatha,kalau sedih terus nnti anak saya ga tenang Bun. makasih yaa Bun telah berpikir kayak gituh. ibu mana yg ga kehilangan ditinggal anak. 😊
hettysari8,maaf Bun cuma sekedar komen aja🙏🙏🙏
novyraliaagatha,Iya Bun. Gapapa. saya juga biar ga inget terus jdi kadang cari² biar ketawa terus. 🙏😇
wahyurobisufajar,iya bu. tp kenapa pake soun itu ya ?? ibu udh baca arti indonesianya dri lagu itu belom ?
novyraliaagatha,belum. di fyp saya pada bgtu pak. jdi saya ikutan aja. maaf klo saya salah 😇🙏
drz24_,nah kan bner² asbun hanya karna konten lg viral tnpa tau apa artinya. cuma ikut²an tp gak tau maknanya. tong kosong nyaring bunyinya 😅
hanifahsaja23,kita kan bisa milih
novyraliaagatha,iya Bun. saya salah ikutan tren 😇🙏
lukasronnynursalim,sakit apa y kok bisa dua2nya
novyraliaagatha,kejang ka. dua2nya apa mksdnya ka?
lukasronnynursalim,ga pa2 kak..skip ja...semangat y kak...sehat selalu
novyraliaagatha,terima kasih ka. sehat selalu jg 😇🙏
ibuunonnov,kita sma kooo🥺 kt sdh pny tabungan indah d ahirat nanti🥺
novyraliaagatha,amin. makasih Bun. Sabar yaa Bun 😇🙏
hafizhshyfa,"iy Bun BNR juga,,emng dh takdirx ,,kudu kuat ,sabar, n ikhlas Bun insyaallah jdi penolong bwt bundax🥰"
novyraliaagatha,amin. makasih 🙏😇
blackycivfd,ini kronologi nya gimana 3 hari tanpa asusapan apapun ?? dan di rs mana mbak ? bisa dikusut
hyunggirls,terus gimana?? maintain Tanggung jawab itu dokter sama susternya yg nanganin Dan bilang santai kayak gitu.. ini kehilangan anak lohh nyawa masalah nya
cutdambanabila,bisa ya buk anak meninggal tp pake lagu bgt.. jgn lah buk ... sedih liatnya anak mninggal di buat bgini
shohifah_75,nanti disuruh makan tersedak menyalakan yg merawat juga. Melarang dan membolehkan juga pake ilmu
novyraliaagatha,iya Bun
bungasayur5,"Mbaa bcara itu di pikir dlu, mereka dokter dan suster itu skolah, ada dasar bcra. klau gak prcyaa lain kalii ke medis, bwa ke dukun sja.."
novyraliaagatha,Saya jg tw kok. Dokter suster ngmng bgtu biar saya ga panik. makasih yaa sehat selalu. 🙏😊
duniafanahhhh,"karna dia mikir makanya dia ke dokter bukan ke dukun mba, namanya kehilangan itu ga gampang ikhlas jg butuh waktu"
bungasayur5,Belajar ikhlas gak mesti nyalahin siapa2 toh?
novyraliaagatha,"Maaf yaa. Klo ada kata² saya yg salah, sehat selalu yaa dan semoga tidak merasakan yg saya rasakan. 😇🙏"
duniafanahhhh,emang ada kata2 nyalahin?
bungasayur5,Baca caption mknya
duniafanahhhh,"kan saya bilang ikhlas butuh waktu, udh ah males ngomong sama org yg paling tidak merasa kehilangan mah 😊"
anggiie83,prasaan gak ada kata nyalahin siapa2 geh🥺
novyraliaagatha,mungkin kta² saya menyinggungnya Bun. 🙂
duniafanahhhh,"dia ga nyalahin dokter, dia cuma cerita apa yg terjadi sama anaknya yg namanya kehilangan g akan gampang, ikhlas jg butuh waktu"
novyraliaagatha,makasih mamayy. 😇🙏😘
putradiladanzein,"sabar ya bu, biar aja yg marah2 jd pahala buat ibu. mrk senggol bacok, biasanya yg kayak gitu suka ngerasa salah. klo ga salah ngapain marah"
novyraliaagatha,iya Bun padahal saya jg ga menyalahkan dokter dan susternya. sodra dan temen saya jg bnyk yg jdi dokter dan suster tpi mereka biasa aja. 🙏😇
novyraliaagatha,berpikir positip aja yaa Bun. makasih yaa Bun. 🥰
ab_du_ll_ah12,🥺🥺🥺🥺 manis anaknyaa.
novyraliaagatha,terima kasih 🤗🙏😇
rarasa123,Kan bisa pake selang makanan yg dimasukin ke lambung soalnya bayiku dulu juga gitu
mamasimeout6,sepertinya udh di pasang Bun lewat hidung.
rahmawatirahmoyy,tapi dokternya blg lagi puasa dlu berarti emg ga dikasih kali ya?
mamasimeout6,ada beberapa diagnosis yang harus di puasain dlu.
rahmawatirahmoyy,oh gitu ya ka
jelajahjatim,kenyataannya banyak suster itu cuma teks book. gk bner2 punya ilmu. tapi ya gk semua
mamasimeout6,iyadeh iyaaaaaaaa hahah
jelajahjatim,ya emg iyaa. sudah banyak yg kehilangan nyawa gara2 salah diagnosa suster. jngan alergi fajt
jelajahjatim,fakta
belanja.shopee7,iya deh iya
yenisofianti1,yg berhak mendiagnosa suatu penyakit itu dokter. bukan suster.
jelajahjatim,iya. tapi dokter tidak jaga 24 jam. anak sy pernah hampir jdi korban
mamasimeout6,emang diagnosis di buat oleh perawat yaa ? wkwkwk baru tau saya
jelajahjatim,di lapangan banyak perawat yg ngasih diagnosa. bahkan diagnosa dokter pun ada yg kliru
yenisofianti1,betul.. cuma yg perlu diluruskan perawat melakukan DIAGNOSA. yg benar perawat melakukan perawatan 24 jam ya mom..
mamasimeout6,iyaudh lain kali gak usah brobat. takut salah diagnosis. kan repot ntar di up pula di sosmed wkwkwk
mamasimeout6,teks book ? kita semua punya sop . kalo gak liat buku dan lain lain jadi mau liat apa mas. bertapa biar di kasih ilmu.😂
jelajahjatim,kadang hanya lihat gejala dan bisa langsung mendiagnosis. saya mantan medrep atau sales obat. saya tau busuknya bisnis kalian
jelajahjatim,"knapa skrang dikit2 disuruh Cesar, dan knapa ada istilah dokter pro normal. ya karna bisnis sis."
mamasimeout6,Hellow ?? Yang tau kondisi mau dia di op saat melarihan dokter ! Astagirullah ngomng sma sampean orak mudeng wkwkw
mamasimeout6,"mas kan cuma bagian sales. Cuma liat bagian luar ,apa sales obat ikut rapat manjemn rs ya , atua ikun rapat lain nya? Wkwkwk. Aku jdi ambigu 😂"
mamasimeout6,mas dokter jga gak langsung ngasih opini untuk di oprasi . Pasti ada indikasi . Mas terlalu jauh deh beropini. Kan cuma sales obat kan bukan dokter wk
mamasimeout6,Aku pengen ngakak. Baru liat gejala udh di diagnosis. Buat apa ada pengkajian untuk apa ada lab.
jelajahjatim,wkwk berarti anda gktau apa2. dibodohi oleh manajemen. justru lebih tau sales dripada perawat kayak anda. coba tanya dokter yg masih jujur ttg kebusuk
jelajahjatim,"kebusukan bisnis kesehatan. nanti anda dpat gambaran. atau gini aja lihat harga pcr, awan dulu dan skrang. beda jauh kan."
jelajahjatim,itupun karna intervensi DRI pemerintah. DRI situ sudah dapat gambaran?
jelajahjatim,anda kurang jauh maennya mba perawat. trlalu polos
jelajahjatim,sya ngakak lihat kepolosan anda. sudah tanya dlu KPD dokter yg masih jujur. nanti anda akan tau sndri
mamasimeout6,Iya mas apa daya sya mau cuma perawat. Cuma tau ngurusin pasien . Wkwkwk🤪
mamasimeout6,Oh gtu yaa mas wkwkwk. Kan udh sy bilang mas terlalu jauh ranahnya. Kmren ngomngin suster. Skrng ngombgin dokter. Aduhhh mas udh kalo kel sakit
mamasimeout6,Kalo kel sakit jangan di bawa ke rs. Ntr bilangnya salah dignosis dan lain lain lagi jadi ladang bisnis. Di rawat sampean aja wkwkw
jelajahjatim,sy kan bilang masih ada dokter yg jujur. dlu lair anak sy bner2 nyari yg pro normal. Alhamdulillah ketemu. cuma mata minus sama banyak dokter langsun
jelajahjatim,langsung disuruh Cesar. pdhal minusnya ya kecil. buktinya normal ya gpp.
jelajahjatim,dan video yg anda komenin ini dokternya diagnosa berdasar apa? anda mnuduh mbaknya berbohong?
mamasimeout6,mas coba ya di baca berkali kali . bingung saya. udh iyain aja lah ya mas kalo sampean ngomong. rak genah ngomng SMA sampean wkwk
dwicollectionn,"maaf nih barangkali ada dokter yang mw jawab, kenapa gak pasang NGT ajah untuk memasukan ASI, kenapa dibiarkan selama 3 hari gak mendapatkan asupan"
novyraliaagatha,dipasang Bun. cuma ktanya mau bersihin dlu. tpi saya gtw berisihn apa. mungkin udah takdir anak saya Bun 🙏😇
dwicollectionn,semangat ya mb.. dede udh ada di surga skrg🥰🥰🥰
novyraliaagatha,amin. makasih Bun terharu saya banyak yg peduli dan Mendoakan anak saya. sehat selalu yaa Bun 😇🙏
yandrawijaya.md,klw pasang ngt katanya dibersihin biasanya ada perdarahan saluran cerna..jd jgn dimasukin apa2 ke lambung dl smpe bersih produksi ngtnya jernih
novyraliaagatha,"terima kasih dok, penjelasannya 😇🙏"
babyandinakayla,"dibersihin lambungnya bun biasanya 1-3-4hari anku jg bgtu klo lg dipuasain, tapi biasanya di kasi semacam susu nutrisi lewat infus yg kantong nfusnya"
stromlah0,setau saya bgtu
novyraliaagatha,iya Bun. udah takdir nya jg sampai sini 😇🙏
novyraliaagatha,terima kasih Bun 🙏😇
barragmega_,iya dok sama kaya ayahku jg gtu psa ngt buat dibersihin gaboleh masuk apa2 slama 5hari pas udh blh mnm susu allah berkehendak lain🥺
putmiput_,maaf nih mba ank saya jg prnh ada dikondisi seeprti itu jadi ank mba sbnrnya knp dipuasain karna kalo dipaksa dikasi minum khawatirnya bakalan
putmiput_,bakalan sesak dan jika NGT nya masi ada residu berwarna tdk bening artinya lambungnya masi kotor jadi tdk diperbolehkan utk diberikan cairan
inongpaulin,mau tanya dok..kok bisa terjadi pendarahan saluran cerna pada bayi ya dok..apa penyebabnya
yandrawijaya.md,"macam2 penyebabnya..bisa krn ketelen sesuatu, gangguan bawaan lahir...tp plg sering krn infeksi.."
edenta23045,"nah ini penjelasan dokter, hal beginian jgndijadikan vt lah kurang elok lagian musikny jg gk sesuai."
tikayulianti16,Tp bun wlaupun pake NGT ttp biasanya suruh susuin
krmdhnty,Sama kek anakku waktu di NICU itu dipuasain dulu gak mimi ASI... Tapi gk nyampe 3 hari juga...
novyraliaagatha,sehat² yaa Bun buat anaknya dan bunda sekeluarga 😇🙏
krmdhnty,iya bund... Bundanya juga beserta keluatga sehat-sehat ya...
novyraliaagatha,amin. terima kasih Bun. salken yaa bun 🙏😇
raket_nyamukk,"kemungkinan ada pemeriksaan penunjang yg membutuhkan puasa dulu mbak, makanya anaknya dipuasakan dulu, bukan gak dikasih makan."
novyraliaagatha,ya Bun mungkin udah takdir jg. saya jg ga menyalakan dokter dan susternya. 😇🙏
raket_nyamukk,semoga selalu diberikan kebahagiaan ya mbak 🥰
novyraliaagatha,amin. makasih Bun 😇🙏
canolaaaa_,klw d rs ank panas tinggi dokter ambil mw ambil tindakan atau semacam cari tau knp bs panas tinggi itu slh satu caranya ank dsruh puasa Krn dlm tbuhny
canolaaaa_,nya hrs bersih dri makanan dn cairan kaya semacam mw di ambil sampel buat di diagnosa untuk cari tau penyakit sbnernya..
novyraliaagatha,ohh gth yaa Bun. terima kasih Bun 😇🙏
heriyati010,oh ya? apakah puasanya sampe 3 hari? apa tdk takut dehidrasi tanpa asupan cairan pun selama 3 hari?
zafira4911,"aku yang dewasa aja gak makan 2 hari udah puyeng bun, pusing2 n mual perut aku.tp klo uda isi nasi perut ak semangat.gimana anak bayi puasa 3 hr."
zafira4911,"apa mesti puasa 3 hari,kenapa gak 1/2 hari aja puasanya buat diagnosa penyakitnya."
novyraliaagatha,udah takdir bun 🙏😇
hijualbunga,"itulah gunanya dipasang infus, ada cairan dan nutrisi yang masuk lewat infus. klo produksi NGT nya keruh dipaksa masuk makanan yaa tambah bahaya mbiak"
canolaaaa_,kan klw menurut ilmu kedokteran bayi msh bisa bertahan tiga hari tanpa asupan apapun
dwicollectionn,itu bayi baru lahir mb.. 😁
immris,"kalo bayi baru lahir emng di bisa bertahan 3 hari tanpa asi/susu karna dia punya Lak coklat,but aku gatau itu ddknya umur brp,tapikan itu di infus"
mamane_yazid,"waktu anak q puasa sebelum sama sesudah op total 5 hari
pengganti makan minum
ada cairan nutrisi dn di bantu infus jg"
babyandinakayla,ada infus bun
asehri,"tetanggaku nurut sampe 3 hari gk dikasih asi, alhasil bayi menguning"
canolaaaa_,itu brartimng bayi nya kuning pecah sel drh merahnya..Krn biasanya bayi klw di rawat kan di infus jg dn sbnernya dri infus itu SDH cukup cairanya
canolaaaa_,"Krn ngk mngkin doktr spesialis mlkukn sesuatu tanpa penelitian trlbh dahulu Krn buat JD dktr spesialis mrk butuh waktu 9 Thun,"
heriyati010,bayi baru lahir atau bayi yg berumur 1 bulan keatas?
heriyati010,tapi kenapa sy orang dewasa yg fisiknya lebih kuat dr anak kecil bila di pasang infus di rs tetep di beri makan n didisuruh di habiskan
heriyati010,"tp Dedek ini mestinya bukan bayi baru lahir, sy juga dinfus n waktu itu di beri makan n disuruh di habiskan agar cepet sembuh bu kata pihak rs"
hijualbunga,"infus itu ada bnyak mcam nya mbak,ada yg hanya isinya cairan,isinya nutrisi,isinya elektrolit dll.pmbriannya trgntung skitnya situ apa gk bs di smakan"
hijualbunga,"sakit tiap oranh beda2 bahkn kondisinya jg beda2, gak bisa disamaratakan kyk pemikiran sampean."
heriyati010,"lah emang iya, sy yg dewasa aza di kasih makan apalagi batita( bayi dibawah tiga tahun) so sebaiknya ya tanya dr nya terapi apa yg diberi ?"
heriyati010,"ya iy, kalo elektrolitnya turun ya diberi elektrolite garam misalnyadi infusny, maka enaknya tanyakan dr nya terapi apa yg diberi"
hijualbunga,yaiyalah di tanyakan bukk masak mau menerka2 menerawang
heriyati010,"lah iy, kn ada hak pasien so ada kewajiban dr menjelaskan kernologisnya lewat medical record pasien jd pasien tahu apa yg terjadi"
dwicollectionn,nutrisi dari ASI.. mohon di jwb dokter. bukanya lewat NGT itu bisa digunakan jika pasien tdk sadar
dwicollectionn,"terus katanya disuruh puasa 3 hari, logikanya anak kejang itu kurang cairan akhirany demam panas, panas tinggi kejang jadinya.. harusnya kan butuh cai"
dwicollectionn,cairan banyak. tapi ini kok disuruh PUASA aneh sekali sih. tolong bantu jwab
yandrawijaya.md,infus cairan bukan?? pasien yg tdk sadar biasanya dpt nutrisi lwt infus
raket_nyamukk,gunanya dipasang infus apa mbak kalau bukan memasukkan cairan pengganti biar gak dehidrasi?
hijualbunga,kalo produksi NGT nya keruh dipaksa masuk asi atau susu yaa bahaya mbiak...makanya dipuasakan dialirkan smpai produksinya jernih (dibersihkan)
hijualbunga,"ilmu kesehatan gak cukup cuma di logika aja bun, harus ada dasar medis ilmiahnya"
dwicollectionn,apakah nutrisinya sama kah dengan asi? brrti bisa ya digantikan dgn infus dok untuk berhari2 selama 3 hari lama sekali dokter🥺
ratna_pillar,ya ampun mbak itu di atas sdh banyak yg jelasin lho klo cairan yg keluar msh keruh bahaya klo masuk makanan
raket_nyamukk,"mbak, anak dipuasakan itu bukan krn tidak ada alasan dan asal gitu aja, gak mungkin gak dikasih makan selama 3 hri, bisa jadi lambungnya ada masalah."
raket_nyamukk,"yaa beda lah mbak, tapi infus itu untuk mengganti cairan jika anak dehidrasi dan gak bisa masuk cairan lewat mulut."
raket_nyamukk,"maaf ya mbak, saya bukan dokter"
okefit3,anak sy 10 hri puasa krna d nicu. full obat aja.
mariaenjelina487,"itu ada ngt nya kk, ad plester juga di hidung nya itu, ngx mungkin sih dokternya ngx di pasang ngt nya,"
nitawaty,"sabar Bun q juga pernah ngerasain kehilangan seorang anak,tp hidup kamu masih ada di depan,kamu pasti bisa lewatin smuanya,masih bisa hamil lagi"
novyraliaagatha,amin. makasih Bun. sabar yaa buat kita 🙏😇🤗
mithakurnia_,semangat untuk kita🥰
liasusanti90,"feeling seorang ibu itu kuat luar biasa ya bund,,sbar yaa bund yakinlah dd udah bahagia d syurga 🥰🥰sy pun prnh d posisi ini bund"
novyraliaagatha,amin. mkaish Bun 😇🙏 sabar dan kuat yaa buat kita Bun 🙏😇
wawasalwa93,sama bun... anak q pernah mau dselang krn gk bisa minum obat.. tp saya gk mau bun.. soalnya saya yakin anak saya psti bisa minum obt..
novyraliaagatha,sehat² yaa Bun buat anaknya dan bunda 🙏😇
ibuunonnov,sm🥺
konveksidastersolo3,sakit apa mb
novyraliaagatha,kejang ka.
fiqabanu,ibu atau suami dl kecilny pny riwayat kejang kah? soalny kata dokter bayi yg kejang itu keturunan.. ga tau bener apa ga si dokter yg bilang
novyraliaagatha,saya emg ada riwayat step Bun. tpi saya tanya dokter katanya bukan keturunan. mungkin udah takdir jg 🙏😇
fiqabanu,iya bun.. kdg dokter beda beda bilangnya.. semangatt🥰
rinakurniawan5,mbk kejang itu malah faktor utamanya y dari keturunan😌😌 .. kalo ayah ibunya ada riwayat kejang biasanya anaknya jg akan bgitu
novyraliaagatha,ohh gituh yaa Bun makasih yaa Bun infonya 😇🙏
nilamassyifa,"Bun , klo bole tau kejang nya bro lama? anak saya juga sempt kejang 2kali dan panas tinggi"
novyraliaagatha,kejangnya seperti bayi kaget tpi sering Bun. tpi ga lama Bun.
nilamassyifa,"yaallah, turut bersuka cita ya Bun ,"
novyraliaagatha,terima kasih Bun 😇🙏
phy_10,aku jadi takut bgt Ama kejang Klo bayi 🥺🥺
novyraliaagatha,udah takdir bun susah di tebak 🙏😇
phy_10,kuat ya kak🥺🥺 aku Ampe kadang takut buat punya anak🥺
rizkakhairunnisaaz,"insyaAllah jadi tabungan untuk ayah bundanya disana kelak, yg menyelamatkan ayah bundanya 🤗"
bunayura,Itu kenapa bun?
novyraliaagatha,"awalnya panas bun, terus kejang dibwa ke RS 4 hari meninggal."
ada170311,"saya gak sampe 4 hari Bun di RS. malam nya dateng buat di rawat, pagi nya udah meninggal😭😭"
user2601055697302,"anak saya jg bun, 3hr msk icu ga bertahan, sakitnya luar biasa bunda"
novyraliaagatha,turut berduka cita Bun. smngt yaa Bun 😇🙏
elvilioe,turut berduka cita yaa bunda...makanya saya trauma banget wtk kecil anak saya jg pernah kejang jd tiap panas langsung buru2 sy bawa opname
novyraliaagatha,iya Bun. makasih yaa Bun. takdir anak saya cuma sampai sini. sehat terus yaa Bun buat anaknya dan bundanya 😇🙏
elvilioe,amin...nanti di ganti sama Tuhan ya bun...semangat
novyraliaagatha,amin. makasih Bun 😇🙏
srininhsih059,innalillahi wainna ilaihi rojiun'uun terus berduka cita bun kebetulan anak saya umur 5 bln kejang baru bbrp minggu yg lalu alhamdulillah ankq selamat
roh_dodot,setiap panas langsung opname?
novyraliaagatha,ga Bun. baru 1x 🙏😇
elvilioe,"iya wkt bayi nya , misal panas pagi trs diksh obat sampe sore msh ga membaik langsung bawa opname..."
elvilioe,"karna pernah kejang 2x dan saya ada trauma jg wkt kecil adik sy meninggal karna panas trs kejang dan ga bangun2 lagi😭, makanya takut banget"
roh_dodot,habis berapa bun? saya jg kadang parno kalo anak demam pernah kejang 3x
elvilioe,saya pake asuransi bun...jd yg bayar asuransi...belum umur 2thn aja udh opname 4x sampe terkenal sama suster2
roh_dodot,buset hahah.. tp anaknya skrng sehat bun?
elvilioe,"Puji Tuhan sehat bun, udh gede skrg udh umur 12th, rasanya lihat anak kejang itu kaki rasanya ga nginjek lantai, sampe jari pp nya diksh gigit tuh"
roh_dodot,alhmdllh ya bun anak nya udh gede pasti udh kebal sama penyakit anakku masih 15bln jd rentan bngt keserang tp drumh nyetok madu dan obat2an buat jga2
elvilioe,"iya bun, pastiin obat penurun panas ada, sy dulu karna ada riwayat kejang jd klo vaksin ke dr minta resepin stesolid buat anti kejang buat jaga2"
elvilioe,"kejadian kejang dulu karna obat panas hbs, penyebab kejang karna panas terlalu tinggi jd kata dr yg hrs di sembuhin panas nya dulu"
elvilioe,"saya lupa nama obatnya propolis bukan ya yg model peluru masukin lewat anua, itu hrs minta resep di dr, karna obat keras ga bs jual bebas"
novyraliaagatha,turut berduka cita ya Bun 🙏😇
ada170311,"makasih Bun, turut berdukacita juga ya Bun🙏"
bunayura,"Turut berduka cita ya bun🥺, jd waswas kalo anakku demam🥺"
sjkuksee__shin,fyp ci
adzrielalfarizqi2020,"Aduhh Bun Ikut Sedihhh , Soalnya Anak Saya Jga Pnya Riwayat Kejang😥😥 Pelukk jauh bunda🤗 Yang Sabar ya🥰"
novyraliaagatha,sehat2 yaa Bun. buat anak bunda. maksih ya Bun. peluk jauh 😇🙏🤗
dnupks12,"anak saya juga riwayat kejang sampe 4x ,aku jadi takut😭😭😭"
novyraliaagatha,biasanya diatas 5 th udah ga kejang bun ktanya. sehat terus ya Bun untuk anak bunda 🙏😇
dnupks12,"anak saya masih umur 18 bln bun ,dr des-feb udah opnam 3x ,yg terkahir kena isk,anemia dehidrasi dan harus sunat bun.."
novyraliaagatha,Yaa ampun. skrng gmna Bun keadaannya ?
dnupks12,"sekarnag alhamdulillah udah sehat bun ,cuma emang tambah protektif banget sama anak ,dijak keluar sama org lain ngga kuijinin ,apalagi diajak panas""an"
wungawuliana,"jgn percaya 1 dsa, jgn percaya 1 rs ¹"
novyraliaagatha,iya Bun. hanya bisa ikhlas skrng mah 😇🙏
milajohan,"betul bun,sy terlalu prcaya pd opini satu dr tdk cari opini dr lain,akhirnya bayi sy mninggal.stelahnya baru tau ada pnnganan skt anak sy tnpa oprsi"
linatambunan73,"jgn tll percaya kak, kmrin ponaanku bgtu... aku mrhi z.. masa bayi gk dksh sarung tangan, kaki dan gurita pdhal sdh dingin bgt, katanya krn lpr"
dessy.chrysti,"Nakes itu gak sembarangan bun,semua yg dikerjakan sesuai SOP..."
novyraliaagatha,iya Bun. saya tw kok dan saya ga menyalahkan dokter dan suster. mungkin blg bgtu biar saya tenang ga kepikiran. sehat selalu yaa Bun 😇🙏
dessy.chrysti,"iyy bun, anak baik sudah bahagia d surga... Bunda hebat, semoga diberikan kekuatan selalu...🙏"
novyraliaagatha,amin. maksih Bun 😇🙏
linatambunan73,"tapi kaki dan tangan ponaanku dingin, kuning, dikasih minum mual, bab mencret... masa iya krn kekenyangan... justru dikasih srng tangan, kaki, gurita."
linatambunan73,baru bayi gk kuning lagi.. klu ikuti apa kata perawat mgkn sdh lewat ponaanku..
gadistweety,preettt 😂
dwicollectionn,gak papa kak yang penting gak 24 jam pake sarung tangan sarung kaki.. ex kalo mw keluar biar gak kedinginan boleh pake sarung tangan sarung kaki
jessie_inka,"mual bab mencret karna bilirubin nya tinggi itu yg bikin bdnnya ga sehat, dokter lebih tau Bun."
starsouvenirdanundangan,nakes juga manusia kok Kak. kadang ada salah juga. firasat seorang Ibu biasa lebih kuat.
kebidnugroho,jangan ke faskes nanti ketemu perawat lagi..
fitriaastari0,gurita tetap gaboleh ya
novyraliaagatha,gaboleh Bun. kta dokter
linatambunan73,"semua gk blh kata dokter bun, aku lbh percaya org tua dl blg, gurita perlu bun biar gk goyang perutnya saat digendong biar gk cantik bdnnya"
novyraliaagatha,iya Bun. kadang saya jg bingung si
linatambunan73,"sejak diksh gurita ponaanku gk prnh kaget2 dan muntah2 lg sdh gk kuning lg.. dirs ponaanku gk dipakai sarung tangan dan kaki, gurita."
linatambunan73,"semangat ya kak, malaikat kecil kk sdh sehat dan senang serta tenang disorga..."
novyraliaagatha,amin. makasih Bun 🙏😇
lia12al,gpp pakai gurita tp jgn diikat terlalu kencang tujuannya biar dd hangat
novyraliaagatha,makasih sarannya Bun 😇🙏
linatambunan73,benar bgt kak gurita utk mengangatkan... dan tdk diikat kuat
novimvie16,"org pas lahr aja di brsihkn sma doktr trus di ksih gurita ko,asl tdk kenceng2 aja ngikt nya,"
linatambunan73,"minum susu 1sendok 2Oml per 2jam... tdk disendawai... bayi jd kuning stlh dirumah kami jemur, ksh susu cukup dan sendawai kuningnya hilang.."
novyraliaagatha,iya Bun. Mungkin Tuhan lebih sayang sama anak saya Bun. 😇🙏
kaniania1212,Anak sy jg pake gurita krna kaos dalem blm muat. Jd buat nutupin perutnya pake gurita. Apalagi itu tali pusat biar g goyang2 jd g nangis trs kesakitan
linatambunan73,"benar bgt bun, klu pakai gurita tali pusat jd gk tersengol2 pas bolak balek ganti kain tali 2 nya"
jessie_inka,maaf Bun klo penggunaan gurita memang sudah ga boleh. masalah klo kuningnya hilang pasti itu jg udh di sinar kan Bun? klo sarung tangan kaki klo anak
jessie_inka,dirawat mank gaa dipakein. apalagi kondisi bayi kuning pasti ditato ky sinar gtu biar bilirubin nya turun
jessie_inka,*ditaro
linatambunan73,"tp ini gk ada bun dibiarkan z bgtu, stlh keluar dr rs.. cek ke bidan, bidan blg krng minum dan katanya bayi prnh tersendak krn ada cairan"
linatambunan73,"bayi hrs pakai gurita krn bdnnya blm kuat, klu digendong2 bisa goyang bun, biar tali pusarnya jg gk tersengol2 pas bolak2 gnti tali 2"
jessie_inka,iya itu kuning krna kekurangan cairan bsa jd.
jessie_inka,itu hanya org jaman dlu Bun. pdhal gada ngaruhnya gurita SM bdn.. anak sya ga pake bgtu aman aja ko. kan teknik gendongannya bukan krna gurita.
linatambunan73,"dokter rs blg kekenyangan, kaki dan tangan sdh dingin sprt es..."
jessie_inka,tp di sinar ga Bun anaknya ?
linatambunan73,"tdk ada disinar diRS bun, kata perawatnya kuning dan dingin krn kekenyangan... dibawa ke bidan krn krng minum dan ada cairan..."
jessie_inka,"iya Bun,, semoga dd nyaa selalu sehat ya bun😊"
linatambunan73,bidan suruh jemur dibawah matahari selama 5-15menit... 2x dijemur dan teratur minumnya... kuningnya sdh hilang..
novimvie16,"tpi pas ank sya msih di pkein sma doktrnya ko, kan pas lahir smua alat bayi di serhin ke doktr, di situ gurita sdah trpsang,"
jessie_inka,mungkin bukan dokter kli ya Bun tp perawat klo di RS kan perawat bayi yg ngurusin bayi😊
novimvie16,"ia kn klaw sdah tdk di bolhkn psti mrka tau lah,pas sya tnya emg msih bolh boleh ktnya, dan allhmdllah ank sya gk knpa2, sbnrnya bolh2 aja"
novimvie16,"asl tdk kenceng2 ngiket nya,toh dr jmn dlu smpe skrg tdk ada yg mninggl krna gurta,"
jessie_inka,"mungkin tergantung RS nya ya Bu, soalnya saya jg kasih gurita ga dipakein. tp anak syaa dipakein bedak. pdhal katanya ga boleh."
kebidnugroho,kan sudah perawatan di rs
kebidnugroho,tau penyebab kuning?
kaniania1212,Tadinya sy ikutin dokter g pake gurita. Anak nangis terus. D marahin sm ibu saya. Pas udh d pake gurita. Bener anak anteng😌.
dwicollectionn,pake sarung tangan sarung kaki gpp biar gak kedinginan
novyraliaagatha,pake selimut aja Bun kmren
linatambunan73,mslhnya perawat blg dilarang dokter... gmn dong.. klu telat td dipsng semua mgkn ponaanku sdh lewat.. tp puji Tuhan ponaanku sdh sehat..
jessie_inka,"dan semua yg td bunda bilang ga ngaruh SM kuning ya Bun. mau dipakein atau ga klo memang anaknya kuning ya kuning, bukan krna ga pke sarung tangan"
dessy.chrysti,"smp rumah udh gx kuning, krna emg udh normal bun bilirubinny... knp gak boleh pk gurita? krna bayi msh bernafas d perut, gmn kl perutny dikencengin.."
linatambunan73,"ya ikatnya jgnlah ampe kuat kali... bagaimana dgn ponaanku yg 1 lg dipsng gurita,sarung tangan dan kaki dirs gk ada kuning"
dessy.chrysti,"iyy deh kl gtu, trserah aj... semoga sehat selalu..."
jessie_inka,"kaki dan gurita.. anak sya ja ga pke itu semua ga kuning ko, jd bayi kuning itu karena bilirubin nya tinggi bukan krna yg bunda bilang"
linatambunan73,"yg blg dokter rs bun, bukan saya yg blg... kuning dan dingin krn kekenyangan... bidan blg krng minum dan ada cairan"
jessie_inka,tp biasanya lebih ngerti dokter Bun. krna bidan kan bukan wewenangnya observasi anak.. yudh udh lewat ini kjdiannya. sehat selalu buat kponakaannya😊
lucky_19888,dari sini Keliatan bnyk juga yg salah diagnosa....bnyk oknum yg bs jd dok krn duit. bukan krn kompetensi nya jd nya gini😞😞😞
novyraliaagatha,mungkin udah takdir bun. saya jg gabisa melawan takdir.. Nanti saya dikomen negatip. saya ikhlas. ini saya bikin video jg ikut²an aja kok.
novyraliaagatha,bukan mau nyalahin dokter or suster. tpi pada salah paham 🙏😇
lucky_19888,iya mbk semua udh takdir .semoga mbk sabar ya
agoes607,"sebenarnya tidak menyalahkan,tapi kebanyakan gitu,salah diagnosa,saya sakit asam lambung,di kasih obat turun panas,"
novyraliaagatha,iya Bun. makasih yaa 😇🙏
kangbacok000,Pak itu obat sakit panasnya punya efek untuk antinyeri juga hehe. Dan ketika sakit lambing segala jenis obat anti nyeri ga boleh dikasih
nengandes3,maaf tp tmnku LG sakit LG itu periksa ke klinik di pabriknya dksh obat trus salah obat JD malah meninggal itu udh dicek. tp mungkin takdirnya bgtu tmn
tinajuntak10,"anakku kejang karna demam 39.5⁰ di rawat 2 malam malah harus makan bnyak ,susu dan cemilan bayi .. mungkin beda2 dsa kali ya"
novyraliaagatha,iya mungkin Bun. 🙏😇
tinajuntak10,yang kuat ya 🥺🥺
novyraliaagatha,makasih Bun 😇🙏
hanssanjaya14,"Lah sama bund, DSA disini kalau anak sy berobat demam/imunisasi pasti di suruh banyak minum susu krn ank blm mpasi jadi disuruh banyak minum susu"
tinajuntak10,betul ..baru tau anak kejang harus puasa.. puasa itu klo ada tindakan op
hanssanjaya14,Walaupun mau op ga ada puasa ampe berhari hari 😭😭
fandiww46,owh..... gitu ya disuruh puasa... jadinya kebablasan puasanya.. 🥺
novyraliaagatha,hihi iya pak. tidur mulu ktanya efek tidur. ehh tidur selamanya
fandiww46,jd penyebab kematiannya kenapa? puasa disuruh dokter atau karena penyakitnya? jng mpe bikin tren tiktok tp menipu yg salah dokternya karena puasa😂.
novyraliaagatha,saya ga menyalakan dokter pak. cuma dokter blg ini efek obat jdi tidur. mungkin biar buat saya tenang dan udah takdirnya jg. 🙏😇
irmanuraeni08,"ank saya dulu pas umur 3 bln,kejang di rawat,trs2an kejang,,1 mnggu di rs gk sembuh2,di baww plng ajh,alhmdllh membaik.yg kuat ya bund.🥲"
novyraliaagatha,Syukurlah Bun. makasih yaa Bun 😇🙏
homecoffeebeans18,"Maaf ya bun, kenapa harus gitu aja percaya omongan dokter ya disuru puasa sampe 3hr dan krn efek dari obat"
kaniania1212,Ya takut salah. Tar d susuin kenapa2 malah ibunya disalahin jg. Ya namanya anak sakit kadang kita jg bingung mana yg bener mana yg salah
novyraliaagatha,dokter lebih ahli di bidangnya Bun. mungkin emg anak saya takdirnya sampai disini 😇🙏
novyraliaagatha,iya Bun. udah takdir anak saya smpe sini mungkin Bun 🙏😇
kaniania1212,Iya bun. Tetep semangat. Semua sudah takdir. Ga perlu salahin diri sendiri.
novyraliaagatha,iya Bun. terima kasih Bun 🙏😇
ferasilitonga_ny.pakpaha,yg kuat ya bunda...ponakan aq jga dipuasakan diumur 1 hari smpe sekian hari.tp memang gk tidur trs.malah nangisnya meringis
novyraliaagatha,anak saya tidur Bun kadang meringis2 aja tpi merem. udah takdirnya dy Bun udah ga kuat mungkin dy. makasih ya Bun 😇🙏
kebidnugroho,pasti ada keterangan lebih dari hannya biar puasa dan tidur krn obat
novyraliaagatha,iya pak. dokter susternya blg kyak gth mungkin biar saya ga kepikiran 😊 saya jg ga menyalakan. udah takdir anak saya smpe sini 🙏
ferasilitonga_ny.pakpaha,"hai..ponakan aq umur 1 hari, sesak.masuk inkubator, dipuasakan jga.udh waktunya bsa minum ASI perah, baru bsa dikasih.dipuasakan itu Krn ada indikasi"
novyraliaagatha,ohh gth Bun.. makasih Bun 🙏😇
ferasilitonga_ny.pakpaha,bunda ttp kuat ya.. smngat...balik lagi Tuhan lbh syang sma dedek...🥰🥰
yanitriputri,sabar bunda.dede udah gk skit lgi🤲
iniikasn,jauhkan aku dr sound ini 🙏🙏
geraldjhon09,rip
novyraliaagatha,makasih 🙏😇
geraldjhon09,kamu harus kuat ya sis
anglisna,"sabar yh CC..
dd tiket surga buat ortu'a"
novyraliaagatha,makasih Bun 😇🙏
tauruscomel85,Koma itu kk 3 hri gk bngun😪😪😪jd ke inget almh kkk ku😭😭😭😭koma 3 hr an & kmudian mnggl😭😭😭😭
novyraliaagatha,turut berduka cita ka buat Kaka nya 😇🙏
tiktoktiktok23411,Turut berduka ya bun..
chaldeniezz_ekhy1,senasib bund
jenniearvani,anak demam dengan suhu diatas 39 dikasi penurun panas tidak turun segera bwa ke igd ya bun jgn sampe telat ...
rarasa123,Indikasi dipuasakan apa bund kok smpai 3 hari?
novyraliaagatha,buat bersihin Bun ktanya. tdi yg komen buat diliat penyakitnya apa.
rarasa123,Kalo blh tau adeknya skit apa bund?
rarasa123,Apa gk dipasang selang mkanan bund? Masa iya 3 hari ga di kasih susu 🥺
novyraliaagatha,kejang bun
makjoss8,kenapa sound.nya ini fyp meninggal semua😳
novyraliaagatha,iya ka
dapurbundarizki,"Musiknya jangan gitu juga kali mbak ,, 🙏 itu kan kemalangan kehilangan"
novyraliaagatha,di fyp saya kebanyakan pake musik itu. 😂
dapurbundarizki,alfatiha ya Bun🙏
rumahsulamalis,Ankku jg bun d suruh puasa 2 hari meninggal 🥺 kena prank dokter
novyraliaagatha,sakit apa emg Bun ? sabar yaa buat kita peluk jauh 🤗😇🙏
seferine_yolanda,"ya Allah smpe 2 hari ya puasanya 😳 anak saya hampir shari smalem krna saya rewel, ahirnya mreka kasi klonggaran minum 1 ttup botol.. nangis liatnya"
novyraliaagatha,sehat selalu buat anak bunda 🙏😇
rumahsulamalis,Jantung bawaan lahir bun 🥰 pelukk dari jauh bund 🥰🥰🥰
novyraliaagatha,punya tiket surga kita yaa Bun 😇🙏
kebidnugroho,artinya bukan krn gak minum 2 hari bu...
fandiww46,owhhh meninggal karena disuruh puasa ya bun... tuntut bun..
novyraliaagatha,entahlah bun. saya gabisa berbuat apa2. cuma bisa ikhlas 🙏😇
fandiww46,"loh katanya disuruh puasa trus meninggal, brrti karena puasa kan? kok brubah jd tidak tahu?"
chalistasari,semua sdh takdir..anakku usus buntu puasa 3hr alhmdulillah sehat smpai skrang
novyraliaagatha,iya Bun. udah takdirnya 😇🙏
nurulnomol,"puasa sampai 3hari itu krna apa ka,, mau operasi,/habis operasi"
novyraliaagatha,dibersihin Bun. katanya ada ktoran
chalistasari,"mau oprasi puasa sehari..setelah op itu 3 hr puasa karena ususnya dpotong,karena ad daging tumbuh d dlam usus"
tiwi101010,"Bukan krna puasa’y, tapi krna kejangnya anaknya jd meninggal"
novyraliaagatha,iya dan takdirnya sampai sini 😇🙏
heriyati010,apa nya yg dibersihhkan?
heriyati010,"oh, kok anda tahu?"
heriyati010,apa yg menyebabkan anak ini kejang? dlu terapi apa yg diberi pd bsyi ini?
novyraliaagatha,kurang tahu saya Bun. 🙏😇 ada yg komen untuk cek penyakitnya
novyraliaagatha,awalnya ank saya panas bun
saskiating2,kayak anaku jg gitu dan ahkir nya dia ningalin aku juga
novyraliaagatha,turut berduka cita yaa Bun. tabungan kita disurga 😇🙏
babymix.satya,"anaku dulu dua Minggu panas naik turun diagnosa ngawur aku ganti rs 3 hari sembuh ,berkat Tuhan🥰 turut berdukacita 🙏"
novyraliaagatha,syukurlah Bun sehat² yaa Bun buat anaknya dan bunda sekeluarga 😇🙏
babymix.satya,amin terimakasih untuk anda dan sekeluarga juga 🥰
nabilarahayu05_,"serba salah mungkin ya waktu itu karena panik , masa sih mau gg percaya sama dokter kan ahli , tapi ternya lebih betul feeling seorang ibu ,"
novyraliaagatha,harus ikhlas 😇🙏
mayadindasusisilawati,"yg sabar yah Bun, saya juga pernah berada di sisi bunda🥺wlpun itu sakit pingin rasa nya menyalahkan dokter tpy udah takdir jdi kita harus ikhlas."
novyraliaagatha,betul Bun kita harus ikhlas biar dy tenang. turut berduka cita jg ya Bun. 😇🙏
adreena_saila_,"sbr ya Bun dd nya jd tabungan bunda kelak. saya pun prnh merasakannya. obat nya cm 1 cpt punya anak lg Bun, biar dunia terang lg&bs lbh cpt ikhlasin"
novyraliaagatha,amin. makasih yaa Bun. turut berduka cita yaa Bun. 😇🙏
adreena_saila_,peluk jauh Bun.. yg kuat ya Bun. saya yakin Bun pst bs lwtin ini smua
yuliana22179,anak saya kemarin2 juga bapil bun.. sampai panas ternyata gejala tifes harus di rawat di rs. alhmdulilah sekarang sdh smbuh
novyraliaagatha,syukurlah Bun. sehat2 yaa Bun buat anaknya dan bunda sekeluarga 🙏😇
yuliana22179,Amin bunda.. yang sabar ya bunda dan sekeluarga.. aq juga pernah ngrasain di tinggal anak umur 8bulan sakit krna db. 🥺salken bunda dari ngawi jatim
novyraliaagatha,turut berduka cita ya Bun punya tabungan surga yaa 🙏😇
yuliana22179,iya bunda.. dan sekarang sudah punya anak 2 lagi saya cewe cowo tapi tetap kirim doa untuk alm anak q stiap mlm jumat🥲
bawinyai_,sy pernah diprank...disuruh pulang duluan kata mereka anak sy baik baik saja..baru sampe 5 menit di rumah..dpt telpon dr RS. anak sy sdh berpulang 😭
novyraliaagatha,turut berduka cita Bun 😇🙏 tabungan disurga yaa Bun
bawinyai_,terimakasih Bun 🙏😭😭...masih sedih sampe sekarang kalo ingat kejadian itu..kaya trauma dan perasaan bersalah
novyraliaagatha,sabar bun. harus kuat kita dan jgn ditangisi biar tenang anak² kita. klo udah waktunya kita pulang mereka jmpt kita. 🥰
henihenhon,"mau bilang ""SEMANGAT BUNDA"" tapi kek bulshit ga sih, aku tau ini hal yang ga mudah kamu lalui bahkan sampai 1 atau 2 th kedepan. krn aq jg ngalamin."
henihenhon,tp 1 yang pasti aku hanya berharap yg terbaik buat kamu bunda bunda yang di tinggalkan buah hatinya.
henihenhon,jadi sad kalo liat postingan kaya gini tuh jadi ky mengorek luka aku juga... keinget anak. yok bisa yok bunda...... 🥺
novyraliaagatha,amin. makasih Bun 🙏😇
ameliazifa,anak saya jg umur 22bln pun pulang ke surganya allah aamiin semoga anak sy dan anak mba nya husnul khotimah aamiin....baru 2bln
novyraliaagatha,amin 😇🙏 tabungan kita yaa bun
ameliazifa,bissmillah semoga kita bisa mengikhlaskanya....aamiin
nayudra,"Hmm setahuku misal ada baby yg koma pun , tetep dikasih susu lewat selang, soalnya sodara ada yg gitu"
novyraliaagatha,kurang tahu Bun.. mungkin beda². nnti saya di sangka menyalahkan dokter suster. padahal saya jg udah ikhlas. 🙏
nayudra,"Ya sudah bund, tp sbnernya g papa kok nyalahin dokter, krn ponakanku dirawat 2 mg di RS A g diket pnyakit, Baru 2 hr di RS B ternyata kena virus CMV"
novyraliaagatha,terus keponakan bunda gmna Bun ?
nayudra,"virusnya dah terlanjur sampe di otak, seandainya aja di RS A dah bs ngedetek virusnya, krn di RS A hasil tes darah smua baik"
zakivale2,sabar turut berdukacita nanti insya Allah di jemput sama anak nya di pintu surga di tungguin orang tua nya
novyraliaagatha,amin. terima kasih Bun 🙏😇
zakivale2,"sama sama saya pernah di posisi mbak,malah 2x"
gak_fyp_gpp,"yaallah liatnya aja hati saya sakit bgt dek,, krna anak saya juga abis demam panas tinggi, ini yg dikhawatirkan dari demam panas tkut kejang sampe sya"
novyraliaagatha,sehat2 yaa Bun buat anaknya. 🙏😇
gak_fyp_gpp,"Aamiin, ini anaknya gejala nya cuma berawal dari demam ya Bun trus kejang ?"
novyraliaagatha,betul Bun. dri dokter anak di rujuk ke RS dan di RS di opname 5 hari mungkin udah gakuat anak saya Bun.
gak_fyp_gpp,dari kemarin juga anak saya udh dikasih sanmol panasnya ga turun² akhirnya aq balurin irisan bawang merah kasih minyak telon ke badannya baru turun
zahraarga2,aku dah ngalamin ini.tp g ada guna menyalah kn pihak RS mereka ttp yg paling bener menurut mereka .anak sekarat yg d tanya ini itu.bukan pasien yg 1
novyraliaagatha,betul Bun. mereka juga udah berusaha semaksimal mungkin dan takdirnya anak saya smpe ini 😇🙏
zahraarga2,iya kk...mdh2an bisa berkumpul d surga by Allah
a.shaqueena.a,"sakit apa? klo baby ku dlu bru lhir minum ketuban, jd juga smpe d inkub,dselang,d infus, bahkan pertama x aj puasa smpe 2hri, bru d msukn asi pke slng"
novyraliaagatha,awalnya panas bun terus kejang bun. skrng anak ibu gmna Bu ? sehat kan ? 😇🙏
a.shaqueena.a,"kata nya reaksi air ketuban itu 3hri.. klo smbuh ya akn menter baby nya.. klo ga ya yg aneh"".. tp allhamdulilaj sehat bund.. bunda yg sabar yaa.. 🙏"
anggun05059,"turut berduka cita ya bun, sya gak tau knpa bsa sprti itu dedeknya.. tpi komen yg ibu d sematkan, sya ngakak sih sma komen netizen😅😅"
novyraliaagatha,terima kasih Bun. 🙏😇 iya di sangkanya saya menyalahkan dokter dan suster.. Padahal saya jg ikhlas mungkin udah takdir anak saya smpe sini.
anggun05059,"sama-sama bun, hrsnya sesama ibu dan wanita bsa saling support, gak ush bnyk blg ini itu dlu ke Org yg sdg berduka krna kita gak ada di posisinya"
anggun05059,sebel sma org yg cma bsa ngmng
sylva166,anakku juga di Nicu ga boleh kasih asi sejak lahir sampai hari ke 2
novyraliaagatha,skrng kondisinya bagaimana Bun ?
sylva166,Alhamdulillah skrg sehat bun . udh mau 2th usia nya maret ini
novyraliaagatha,syukurlah Bun. sehat2 yaa Bun buat anaknya dan bunda sekeluarga 😇🙏
sylva166,karena kata dokter dan baca2 juga bayi itu punya cadangan makanan untuk beberapa hari setelah dilahirkan bun .
sylva166,Aamiin Ya robb . bunda juga sehat2 bersama keluarga ya 🥰
novyraliaagatha,"iya Bun. Udah takdir gabisa di jauhkan Bun. 🙏😇
sebelum dy meninggal jg ada taplak tangan bayi tempel di jendela Bun. mungkin salam perpisahan 😇"
novyraliaagatha,Amin. saling mendoakan yg terbaik yaa Bun 😇🙏
sylva166,Yang tabah ya bun .. Kelak dia nanti bakal nunggu ayah ibu nya di pintu syurga ..
rengganis23375,"surga tempat mu Dede,,
semoga keluarga yg di tinggalkan diberi ketabahan serta kesabaran,,Aamiin..🤲"
novyraliaagatha,amin. makasih Bun 🙏😇
yemimaputri96,"yg kuat y bun, sbgi pelajaran buat kita.. baru aja kmrn anakku 15 bln panas ak asi nonstop smpe 42C cpt"" ak lariin ke klinik disana dikasih obat"
novyraliaagatha,makasih Bun. sehat selalu Bun dan anaknya 🙏😇
yemimaputri96,"sama"" bun... nanti suatu saat diganti peri kecil sama Tuhan y bun"
novyraliaagatha,amin 🙏😇
mgbrnmlk,"heeey aku waktu abis melahirkan cesar ga ketemu sama sekali sama anak 4hr, ga minta asi aku juga sama sekali, sakit bgt rasanya kalau diingat dan akhi"
mgbrnmlk,tp alhamdulillah anak aku sampai skrg umur 7bln lebih sehat
novyraliaagatha,sehat selalu yaa Bun anaknya dan bundanya 🙏😇
bacallalo,aku pernah kehilangan bayiku baru lahir rasanya menyekik bgt sampe tidur sm bedongnya 🥺tp alhamdullilah diganti allah dg jenis kelamin yg sm berat yg
bacallalo,sama juga mashaa allah yakinlah semua ketentuan allah
09kumbang,"puasa biasa ny buat di USG anak ny, kata ny biar bisa kdetksi pnyakit nya. anak ke 2 saya juga akhirnya meninggal dah blak balik RS. akhr ny g kuat jg"
novyraliaagatha,udah takdir yaa Bun. turut berduka cita yaa Bun. 😇🙏
09kumbang,"iya dah takdir kita cuma bisa ikhtiar sm doa saja, yg kuat ya bun insyaa Allah bakal di ganti yg lebih baik sm Allah"
trinanda08,sama sprti posisi aq saat ini mbak.😭😭😭Surga tempat buah hati kita mbak.amiin
novyraliaagatha,amin. sabar yaa mba buat kita. udah punya tiket surga kita 🙏😇
trinanda08,"amiin,tpi rindu yg tk brujung.nyesek."
riri090591,It biasanya pneumonia bund. Dia demam kejang. Demam kejang itu GAGAL nafas . Pneumoni adalah salah satu tingkat kematian tertinggi bayi dan balita.
novyraliaagatha,ohh gituh yaa Bun. saya ga di jelasin detail si Bun. makasih yaa Bun 🙏😇
riri090591,Anak bunda udh vaksin PVC ? 4x vaksin bund ? anakku dlu usia 3 bln demam 41 celcius dokter suruh cepat vaksin PVC takut demam kejang pneumonia.
andytajulikusumamalu,anakku juga koma dinicu. aku tanya knp gak nangis. perawat bilang nangis kok bu. karna dia gamau kita kepikiran
novyraliaagatha,terus anaknya gmna Bun ?
andytajulikusumamalu,"alhamdulillah tgl 23maret ini umurnya 2thn. sempet koma juga 1minggu, dibilangnya dedek lg dipuasain nyusu dulh. dahal lg koma😇"
andytajulikusumamalu,"sabar ya bun. takdir allah di ikhlaskan, insya allah jd tabungan orgtua di akhirat nanti😇"
novyraliaagatha,mungkin anak saya kayak gituh yaa bun. cuma dokter susternya takut saya kepikiran 😂 udah takdir anak saya smpe sini. sehat selalu yaa Bun 🙏😇
ahnafshirazy21,"semangat bunn,aku juga mngalami ini.. bru dtgl anakku umur 39hr. besok pas 1bulan kpergian anakku.. peluku virtual🥰🤗"
novyraliaagatha,anak kita udah tenang yaa Bun. smngt yaa buat kita. peluk jauh Bun 🙏😇🤗
ahnafshirazy21,"iya bun anak kita udh tenamg ,udh jd anak surga.. kita mampu,makanya tuhan kasih ke kita bkan yg lain🥰"
neo.zrf,mgkin sdah terpasang infus...klo dokter bil puasa mgkin ada yg hrus beliau evaluasi.dan klo sesak nanti kesedak pasti nyalahin jg kan🥺😏
novyraliaagatha,iya Bun. kita gabisa melawan takdir. mungkin dokter suster jg ngmng biar saya ga panik 🙏😇
neo.zrf,klo ditanyakn psti akan dibantu jwab.dan stiap tindakan pasti di ACC kan ke penanggung jwb pasien MB.mgkin captionny Videony dirubah
noviwidianti311,kecewa pasti sedih pasti nangis aplagi .. tpi jangan sampe menyalahkan tenaga kesehatan .. kita mau kerja ajaa di sumpah harus profesional
novyraliaagatha,iya saya ga menyalahkan kok. mungkin emg takdir anak saya. saya ikhlas. dokter suster ngmng gth mungkin biar saya tenang ga kepikiran. sehat selalu ya
heriyati010,kelihatannya sedikitpun pembuat vt ngga berani nyalahin kok tenang aza.
novyraliaagatha,benar Bun. saya ga menyalakan siapa2. mungkin dokter dan susternya blg bgtu biar saya ga kepikiran 🙏😇
kebidnugroho,captionya kena prank dokter suster
hafizhshyfa,"itu awalx gmna bun,,demam KH dedex atw tiba2 kejang
soalx ank cow q bru kejang2 jga,bilngx step"
novyraliaagatha,awalnya panas bun. terus dibawa ke bidan sempet turun terus panas lg kejang di bwa ke RS Bun. 5 hari di RS meninggal bun.
hafizhshyfa,"ya ALLAH Bun ank q jga gth kmrn smpe panik,,dioksi setengh jam Bun Bru MW nangis ,,yg sabr y bunda 💪💪💪penolong bunda nnti dijanah,q jdi tkt Bun 🥺"
novyraliaagatha,Amin. makasih Bun 🙏😇 d RS ga jelasin knpa²nya Bun.. disuruh puasa hampir 3 hari. gabangun2
chanelgggggg,"bawa nya langsung ke dokter anak jangan bidan,bidan bukan dokter dan bidan mah buat ngelahirin"
heriyati010,sy baru denger bayi disuruh puasa
novyraliaagatha,udah takdir jg mungkin bun. 🙏😇
hafizhshyfa,"kmrn aq lari kebidan jga Bun cmn bidan g MW nangani ,,dirujuk ke puskesmas dioksigen Bun ad stengh jam Bru teriak manggil sya Bun,,"
kebidnugroho,hanya medis yang tahu
heriyati010,"anak sy kembar prematur, saat usia 2bln panas tinggi sampe 40 dijln mulai step sy bawa ke rs trus di infus tanpa puasa n pulih sekarang sdh umur 22 th"
novyraliaagatha,sehat2 yaa Bun buat twinnya sudah pada gede yaa 🙏😇
user8634031940637,sound ny np yg ne😳
novyraliaagatha,di fyp saya pake sound yg ini. harusnya yg mana yaa 😅
user8634031940637,ne sound org happy🥺
user8634031940637,gk cocok sound ny🥺
hardiana12340,sabar ya bund
novyraliaagatha,makasih Bun 😇🙏
novyraliaagatha,iya Bun. terima kasih Bun 🙏😇
muhrakanzaabqory,"sama seperti anakku😭, Al-fatihah untuk malaikat"" kecil kita🤲🤲"
libraceria_,sabar dan terus semangat ya bund🥰
setyaning92,sabar bund.. syurga tempat nya in sya Allah.
syarishoop,sakit apa dedenya bu?
novitaagreini,skit ap bun emng y
artikananda29,Yaalh bund bar anak saya 1 minggu di panggil jugaa 🥺😭
hanifahsaja23,"yg sabar y bun...
maaf.. sound nya g cocok... kan lg berduka.."
syifarz18,Kita sama bun anak pertamaku juga meninggal🥺
wawanhendriyo8,"Sabar, bukan salah dokter, ikhlaskan.
bikin lagi 😳"
ayueza4,tp di infus kan ? kalau ga sama sekali ga mungkin jg
pakchandrat,turut berdukacita ya bun
setiaagung49,"takdir mba, Iklhas kan kpd Allah SWT"
ika.sy31,qt sama bund 🥺 rasanya msih sedih trs smpe skrg. gak nyangka bgt 😔
dhiannatasyadhian,sumpah ya anak kalo udah demam tuh saya paling takut 😭
berserihati,"innalilahi wainnailaihi rojiun
dedekny udh tenang di surganya Allah SWT"
azurashirin,semangat ya bun 🥰
aisyahzahra152,innalillahi wainnalillahi rojiun...de2 sdh jdi kbang surga bun
akuhensa,"bunda yg tabah ya, dede nya udah bahagiaa di surga amin🥰"
akitsan.inairdni,yang kuat ya kak. God bless you.
rahayurillakuma0,emngnya efek obat suka gitu🥺
sorayarizal,Innalilahiwainaillahirojiun turut berduka cita bun
3al_02,sabar bun insyaallah dedenya yg membawa bunda kejannah
dessy.chrysti,"bisa jd kejangny krna aspirasi bun, mkny d sruh puasa."
tokotwinkletwinkle,Semoga ditabahkan ya Bunda
vikkyalanr,soundnya kurang cocok mbak ee
bunda_dian01,"sabar ya bun, insyaallah nnt dksih malaikat kecil pengganti dd🥰🥰"
linggargupitaa,semangat dan sabar ya bund 🥰
retnokyu,ya alloh betapa beruntung dan kuatnya anakku bisa melewati masa2 spt itu
sheza_jasmine,"pnkn dulu bgitu, ada infksi saluran pencernaan. emang begitu di bersihin dulu, gak minum susu dll. usia -+seminggu lahir, Alhamdulillah dia kuat. smng"
nabilarahayu05_,"iya bund , saya pun juga pasti khawatir anak gg ada pergerakan sama sekali udh gtt gg ada asupan apapun sama sekali."
terimasandal,yg sabar y bund🥺 semua sudah takdir nya.. mau d gimanain tp semua manusia punya takdirnya🥺.. ibu kuat 🥰
titi.dewi.daryant,"Q JG BRU NGLAHIRIN. ANAK QW 3 HR G MINUM ASI. ASI G KELUAR SAMPE TURUN BRAT BDN. PAS MAU KLUAR RS BRU DECH ASI KLUAR.
jadi keuar or ga hars di isep."
goofy.saja,"ikhlas, do'akan yg terbaik bunda, dedek jd tabungan ayah bundanya di surga nanti, aamiin 🥰🥰🥰🥰"
yayoh8,kata pak ustad jg kalo orgtuanya ikhlas insya allah penolong ortu di akhirat
ownerwhpgallery,"almh ibu jg gitu, alasan disuruh puasa karna bersihkan ginjal,3 hr tanpa asupan akhirnya ibu meninggal 🥺🥺🥺"
jijnnijin,sabar ya Bun...semoga jadi tabungan akhirat. Kumpul lagi nanti. Sehat selalu ya...
vena_oktaviani,"yg kuat ya bun
tp prah bgt smpe 3 hri g d.ksh susu klapern & kehausn bun luar biasa bgt ya doktr & prawt nya"
inongpaulin,anak ke 2 ku kejang..tapi pas dibawa ke rs langsung dikasi obat..gak disuruh infus..malah disuruh makan minun yg banyak...
deaa_030903,"sama kaya anakku di kasih susu asi nggak boleh sama dokternya m terus disuruh tidur katanya efek obat, dan nggak sadar sampe meninggal😭"
atikah3944,dulu saya juga d preeng sama suster suami sudah ga sadar...d bilang pendiem untung ada yg berani ngebrg meja alhmdulilah suami sehat kembal..
tatiputricirebon,nanibnya sama kaya ank saya bun gk blh di kasih asi ..anaku bayi prematur lgi cumn sampe usia38 hri
sriwahyuningsih7859,"sudah takdir dedek sampai umurnya jdi ikhlasin aja ya bunda, biar dedek bahagia disana"
fidah739,sabar dan ihklas sy pernah di posisi ibu anak sy meninggal itu tabungan akherat ibu dan BPK percayalah dia sudah tempat yg indah surga Allah ...Amin..
irmanoeratoe,"peluk jauh bun saya juga pernh ada di posisi ini sama persis skrng bayiku sudh ada di syurga nya allah alfatihah untuk bayi"" qta"
isti13031992,iya anak saya meninggal dlu juga slaah nya siapa sy paham. masa saya dan nenek nya di larang berikan susu makan bhkan ga boleh minum air putih😭😭😭😭
ikajovan217,"dari semua bls komen ibu kuat banget ya iklas bgt
semangat aja buat ibu nya yya"
balqiscantika0,mgkin dkter ny ngasih obat yg bkn dosis nya.buat bayiny terus tidur .soal nya ank ipar sya prnh kejag di bwh ke rs Dn tdur ja.lgsung dipindhkn rs lain
reni_tea25,iya anak ak juga gitu gak boleh di ksh asi selama 2 hari satu MLM sama dr bukan nya sembuh malah ninggalin selama nya 😭😭
yayangfakar,anak saya juga dulu setelah koma pas sadar ga d bolehin makan atau minum susu selama 3hari d puasain
faridah34159,sudah merasa kehilangan bayi sama kasusnya kejang juga🥺🥺..siang dibawa ke rumh sakit sorenya meninggal
lisacasilas,infus kan bukanya itu nutrisi ya... karna kebanyakan anak sakit ga mau makan. kyk anaku di opname 5 hari ga mau makan.
fitrisuryani155,aku masih ingat dulu anak sepupuku pernh ngalamin d RS 3 hari puasa cm boleh di olesin air putih di bibirnya. dr mulutnya kelihatan minta minum.
heishaputri,jadi teringat Alm ankku bund. sakit demam kejang selama 5 hari .Uda berobat ke dokter. d bawa ke RS meninggal di jalan.😭
deladas,ya Allah ikhlas ya kak insyaallah ada pengganti Dede yg lebih baik lagi tetapi jaga kesehatan bahagia selalu kak amin 💖
aniesnurlatif,"pernah anak ada di posisi itu, 3 hari gak boleh dikasih makan dan gak boleh dikasih susu . semoga menjadi tabungan untuk orang tua aamin"
ayuapriani27,shrusnya klo dedeknya TDK sadar biasanya dipake NGT selang buat makan minum klo bgtu slm 3 hari ngk mkn minum susu ya 😭
qfa1110,"nah tu kan , sama kaya keponakan saya😭😭😭 ga boleh di kasi sufur selama 3 hari pdhal asi blom kluar akhirnya ga ad😭😭😭 udah tenang ya de di alam s"
kristina.mk1431,smngt ya bun
unazea12,"inalilahiwainailahirajiun, 🥺"
izzakang,sabar ya bun
andriachannel7,innalillahii wainnaa ilaihii roji'uun
renyzahabi,sabar bun
faisha.syari,innalillahi wa innailaihi rojiunn
ndomone,"yg sabar bu,dde udh bahagia dsana,🙏🏻🙏🏻🙏🏻"
aprisetiani30,turut berdukacita
lismaysari,sabar ya bunda
hadisaputra47,anak saya juga sama Bun.
dianasipayung846,sabar ya bunda.🥺🥺
thamimah,yang sabar kak...🥺🥺
bebilwinaila,sabar ya bun
farzanryhanzakial,"ke gitu, dikasi sound ke gitu"
dew1_kurn1a,sabar y bun🥺
linesagala22,sakit apa kak
evibarus3,turut berduka mbak
izzatullaili_10,sabar kk
intansoul,"yg sabar ya bund ,"
innarina93,Sabar ya bund🥺
chattime2022,rs apa? spill disini deh
dewilinda19,yg kuat ya Bun 😭😭😭
okefit3,anak saya 10 hari puasa karna di nicu
hiiiiiiiiiiiiiipi,"ko bisa si ngedit bgini, gue yg liat istgfar aseliii🥺"
riskikece0,yg sabar bun
wijayanti17845,"proses kematian memang begitu bu, tidur terus dan tidak makan/minum. dikasih makanan nggak bisa"
citraa_mommidera,sakit apa mom
zieana7,mohon maaf kenapa sound nya ini sih
borupurba096,jujur klo anak aq gk bergerak pas TDR Slma sejam auto cek idungnya 😂
m.ulfa7,Kenapa musiknya gitu yaak???😏
al.barra26,Ini pdhal sedih kk tp lagunyaa kayanya ga msk
momgabrian,sama anak saya dlu mulai lahir sampai 4 hari di rumah sakit kami di larang ngasi susu formula padahal asi saya pada saat itu blom bisa keluar 🥺🥺🥺
irfanrheiyurina0,sound ini mengandung bawang.membuat ag gak semangat hidup.
misbahulmusonnef,lagunya malah opahganamstalys😂😂😂😂😂😂😂
riamulya8,ko captionnya d prank sama dokter dan suster.
lismiwati0,sabar dan iklas itu kuncinya supaya hidup tenang dedeknya kak... aku dua kali kehilangan anak n anak aku kena kuning🥺🥺🥺🥺🥺🥺🥺🥺🥺
mybookstore127,nyalahin dokter suster....
durrotusituuus,"innalilahi wainnailaihi roji'un insya Allah surga untukmu nak..
turut bedruka cita ya kak. 🥲🥲"
diyanhurro,Bilangnya gk menyalahkan tp bilang di prank 😏
inicitraaa18,"intinya klo kita susah itu nyawa kt di anggap murah sm merka ,coba kt ky egk nanya aja pun pasti mereka ramah bgt uda ky raja kita y😏smua karna uang"
aleafawnia,Melihat ceritanya ikut sedih. tp bingung pas denger soundnya .
ria.fs12nn,"aku selalu sedia obat panas di rumah. anget sedikit da sanmol. biar gk smpe tinggi, pginy k dok. gk mau bidan."
safrina403,aq bgung yg blg di prank dokter srasa hdup anak itu cma buat main2 ...bgung sma org skrg
wbkssn,Dark banget konsep editingnya
agoes607,"sekarang saya mau tanya sama nakes,apakah kalian tidak tau waktu di ajarkan di kuliah atau akademi keperawatan tentang gejala gejala awal,?"
ksnlalin,"itu dibersihkan dlu racun²/kotoran yg ada di lambungnya klau udh bersih selangnya bening baru bisa dikasi makanan, kan jg sdh dpt cairan dr infus"
irhasanitami,Knp pke lagu bginiannnn ?
bootlop461,"jadi guys, pas kondisi kita ngerawat keluarga di rs. perlu dipahami kita musti belajar penyakit dan penanganan juga. tapi jan prnah menggurui ya"
cydesin,jd takut
jhojo.11,kanapa saat FIP d saya sekarang juga depan rumahku anak umur 5 bulan meninggal karena tadi panas trus d bawa ke rs skrng mninggal🥺 g tegas sekali
indahimii,tetangga sy bpk2 lagi sesek maksa mau minum Uda g di bolehin dokter masih aja g sampe semenit dr minum langsung biru muka n meninggal ternyata kesedak
bellvakidz,Anak saya umur 3 hari jg dipuasakan 5 hari masuk nicu .. jadi asupannya cuma dapet dr infus aja .. kalau anak bunda diinfus jg gak pas dipuasakan?
yuanita.8tasyha,tp ko soundnya kaya gini
anitahera88,"yang d sesalkan kok sound nya begini ya,inikn posisi berduka 🥺"
desipurwati88,sebenernya ini harus seneng apa sedih sih? ko sound nya begini amatt yaaa gak nyambung
valgax,habis vaksin ga?
azurashirin,dia juga harus puasa dari pagi hingga jam 12 tapi karna anak ku ga kuat akhirnya dibolehkan asi dan minum air putih secara perlahan
masakopride,sound nya gajee
rumichannn,"adik iparku dlu dbd, masuk nicu gadibolehin minum, dsuru puasa masi bayi 5bulan, mamaku lgsg olesin air dibibirnya langsung sadar lagi. dehidrasi"
sheputrysulung,bingung sama sound ini
vickiyprasety07,"la apa ka di kasih selang lewat hidung.wlpun tidur lambung tetep bekerja,hrusnya kasih selang lewat hidung minum sususny"
arsyalan13,"itu caption ny seolah olah gk sedih gk ngerasa khilangn gitu,sound y juga y alloh mba ini knapa y anak sndiri itu"
arkanaarsyil,sama banget sama alm anakku dulu .. abis operasi ga sadar2 ditanya knp ga sadar2 dok dokter anak saya?dokter bilang ini efek bius eh taunya anaku koma
r_40m,"pie to kih, kudu berduka atau gembira"
lindahermawan5,"sa bund anak ku masuk ruang ICU pake oksigen.. gaboleh d kasih ASI, makan minum soal nya lagi sesak.."
ririnwulan7,sound ny g pas bun
scholasticaessy,ga dipasang sonde Bun buat makannya...
meliscarimawatyma,sakit apa kalau boleh tau gak ka🙏
aaqilrazzan18,kok sekarang sound yang meninggal kayak gini semua ya🥺
siagian745,lagunya buat sebel ....😏😏😏
iyuliacitra8,sama Bun anak AQ juga gituh dari rumah masih bisa melek dan ada suaranya pas di rmh sakit masuk ruang ICU malah koma 3 hari dan meninggal. 😭😭
rendiagilgrezia,"sabar yaa bunda , kuat kan bunda yaa Allah"
irvapratama123,"pernah ponakan , bayi di puasain ga pernah di kasih susu katanya kuning padahal kalau asi terus bisa bantu nyembuhin , akhirnya Allah lebih sayang dia"
wullandsariedewie,"sma bgt bunda sma ponakanku... 3hr ga boleh makan puasa.. ibunya bner bgt ga ngasih mkan di RS..pdhl anaknya ngerengek minta mkan,akhirnya meninggal"
alfarizqky19,"saya juga merasakan kehilangan seorang anak😭, mana anak saya laki² satu²nya,😢😟.sama² mendoakan qt yaa mbk agar bisa dapat gantinya. aamiin ya Allah"
aulialutpi,ya Allah de...surga buatmu nak
trihastuti229,AL FATIHAH..
dwicollectionn,surga buatmu nak😇
yddiw,Semoga semuanya berjalan sebagaimana mestiNya 🙏🏻🙏🏻🙏🏻
lindarosdawati,"bunda kuat bunda hebat
anak syurga 🥺🥺🥺"
sugeaditya_btkcl,bygkan kita gk makn 3 hri aja lapar..🥺🥺🥺
salwa2772,lagunya kurang pass bund sama kisahnya bund..apapun Alfatihah untuk anak syurga
apridasinabutar,Rip
estheraveyana,"ya ampun, peluk utk mu mom 🥺"
teras_berkah02,syurga tempat kembalimu de 🥰
sulthon_konveksi04,fealing seorang ibu kuat
rossa_les24lar,sound nya kurang cocok bunda
skyfirdausy,lg trendnya begini di tiktok bund..coba buka soundnya..liat vt² org²..
rossa_les24lar,lagu oppa gangnam style musik happy fun.gda diapke untuk yg meninggal kaka...🥰
humairaaisyah96,setuju mba kurang pantas trend ini🥺
novyraliaagatha,maaf yaa Bun. saya gtw 🙏😇
novyraliaagatha,"maaf yaa Bun saya gtw ,😇🙏"
ibu.zayn14,"memang lg trend sound ini kak ,tp ttep aja ga cocok sama kondisinya tah"
yuniiiiiiiiiiiiiiiiiiiii,Mgkin org pke sound gini biar gk tllu sedih kak. Mereka juga pasti sedih kehilangan.
yusnidarnidar28,dipkek sound ini biar gk tambah sedih setidaknya bsa menghibur dgn soundnya setelah mengalami kesedihan
novyraliaagatha,makasih ka. sudah berpikir positip. 🥰🙏
novyraliaagatha,makasih ka sudah berpikir positip 🙏😇
immris,"meskipun sound ini ga cocok sama keadaan , mam ini bukan hanya ikutin tren aja tapi dia udah berdamai Sama keadaan,kmren ada yg jelasin alasanya ko"
immris,"kenapa org²dg kesedihan, ditinggal meninggal,penyakit yg fatal pd pke sound ini ,kyk yudah mau sedih juga toh udah terjadi,lebih kayak km udh bs nerim"
erufiervi,"anaknya sakit apa dulu, biasanya ada penyebab kenapa tatalaksana disarankan puasa.
turut berdukacita utk keluarga semoga diberi kekuatan"
okta.bi.13,"anak sy baru lahir di NICU 7 hari selama 5 hari dia puasa gak dikasih asi dulu, tapi kan ada cairan yang dimasuki melalui mulut sbg energi dia."
iyaybazzar,"buat pembelajaran, buibu.. bayi lahir normalnya nangis dan gapapa walaupun ga dikasi asi selama 3 hr krn masih ada penyimpanan makanan di perutnya tp"
_juni_06,"tmn tmn doain sy ya semoga bulan ini hamil,saya doain semoga rejeki kalian lancar aamiin"
wolfycat795,"anakku gak sadarkan diri masuk PICU 3 hari ttp saya kasih asi,pke selang lewat hidung masukinnya."
novyraliaagatha,iya Bun. saya jg kmren pake selang lewat hidung cuma disuruh puasa dlu. mungkin emg udah takdir anak saya Bun 🙏😇
wolfycat795,"iya bun,yg tabah ya bun."
yantidong1,"sound nya salah pilih itu MB.
kesedihan musiknya wowww😅"
bobynf4,asi kn harus diksh 2 jam sekali... masya Allah sabar ya bunda 🙏🙏
setiawangonza,"di inpus gak,gak mkan asal infus gpp"
srikuntari521,kalo warna ngt sdh jernih biasanya udah bisa lambungnya menyerap mknn klo masih hitam atau kecoklatan mmg puasa dulu..yang sabar ya Bun
bboy.888,tren apaan sih ini..
yunidio03,Kenapa gak Musik Dance sekalian yahjj.😳
asheeqa64,kok musiknya😌
oktizahra,peluk bun
mimihalisha0,"bukan masalah di prank perawat bun, anak klo lg pake oksigen memang gk boleh nyusu dulu bahaya bisa tersedak masuk ke paru2"
novyraliaagatha,ohh gtuh yaa Bun. mungkin jg dokternya blg bgtu biar saya ga kepikiran jg hihi makasih yaa Bun 😇🙏
mimihalisha0,"iy bun, mungkin sudah jln dedenya yg ikhlas y bun 🥺"
novyraliaagatha,iya Bun terima kasih yaa Bun 😇🙏
riri090591,"True, krn lg ga sadarkan diri ya kita aja lg tidur terus dksh minum apa ga kesedak😁 ini bayi."
novyraliaagatha,iya Bun. saya jg orang awam.. udah takdir anak saya sampai sini hihi 😅
riri090591,Iya bund. Tp anak bunda meninggal kok ketawa bund emotnya.🥺
riananidya,Anak bayi dsuruh puasa.. itu dokternya sekolah dimana sih.. main2 sama nyawa astagaaa ngpranknya kelewatan😏😏
novyraliaagatha,udah takdir bun. 🙏😇
riananidya,Iyaa bun.. sabar ya bun.. tabungan bunda disurga nnti ketemu dedenya.. 🥰🥰
drz24_,"makannya kalo ada yg sakit jgn ke rs bu, ke dukun aja. udah dtolongin tapi malah dsangka prank 😅"
novyraliaagatha,makasih sarannya ka. saya jg ga menyalahkan pihak rs maupun dokternya. sehat selalu yaa ka. 😁 🙏
drz24_,"koq anda berani buat staitment ""diprank sm suster dan dokter"" memang arti kata prank apa? hny krna konten kaya gni lg rame, ikut²an trs asbun seenakny"
imiyndut26,pdahl bayi kn hrus nya dua jm Skali minum susu masa itu ga boleh kn kasian bayi nya ..
novyraliaagatha,tdi ada yg komen ktanya buat indikasi Bun penyakit apa anak sayanya. tpi Tuhan lebih sayang anak saya Bun 🙏😇
imiyndut26,Ade nya dh tenang dsana
asyila.nada,bukannya seharusnya lebih baik dpt ASI y
milasitiumila,ank gak bangun bangun 3.hari Lo brarti kn gak wajar koma atu gmn gak mungkin tidur slma 3.hari gak bangun bangun
1rania18,"Yang benar aja tiga hari ngk minum Susu ?? Ya Alllah harusnya inisiatif dong dokter nya gimana caranya biar bisa masuk susu , orang dewasa aja bisa me"
azurashirin,"hallo ka , belum lama anak ku kejang juga dan dia tidak sadar kan diri , tapi setelah anak ku dapet tindakan selang 15 menit anak ku sadar kan diri"
nurulnomol,"biasanya di pasang selang buat minum susu,, tapi GK tau ya, kalo kasus si adek ini gimana,, apa mungkin krna terlalu kecil, jd GK dpsang"
babyshakila1905,Berarti kata dr dede nya lagi puasa dulu selama 3 hari itu berarti meninggal ya?
meinymaya31,selamat jalan malaikat kecil
tailedik17,anak pernah muntah ber minta rujukan sama dokter kata dokternya nunggu gamau mkn minum baru di bawa kermh sakit akhirnya gasadarkan diri
erichhst123,Kejang demam
wuland918,"tiga hari gak nen susu terus baby asupan nya apa, pantes aja ninggal mungkin kelaparan"
nengpaul,ko aneh yah Bun. bisa di laporkan low Bun dr nya. sependek pengetahuan saya. soalnya dh menyalahkan kode etik dr Bun.
nopo_28,sabar Bun kalo Maslaah anak saya langsung sedih .moga bunda d kasih rezeki kembali🥺
thathakarwita5,dokter we dan. anak ga d ksh mkn 2 jam aj udh bahaya aplgi 3 hr. ngibul bae ampun.😳
rosida560,lg Ini kok mendadak jd sedih
sesiliatiwi,"Waduhh serem jg 3 hari, buat pelajaran kami jg kedepannya .. turut berduka y bund🥺"
gamawijaya87,sebenernya kurang etis kalo dibuat konten seperti ini apalagi dengan musik yang gak ada hubungannya sama sekali
vzx_raza,😂kontenn
anangcagat0,"yakin itu kata dokternya, spil dong klinik apa namanya sama nama dokternya?"
ilhaminsyirah163,𝚍𝚒 𝚖𝚊𝚕𝚊𝚢𝚜𝚒𝚊 𝚓𝚞𝚐𝚊 𝚐𝚒𝚗𝚒. 𝚒𝚋𝚞 𝚋𝚊𝚙𝚊 𝚜𝚊𝚖𝚊𝚗 𝚙𝚒𝚑𝚊𝚔 𝚋𝚎𝚛𝚠𝚊𝚓𝚒𝚋.
banyaknanyaluh,🥲
lusihelendina,rip
andres5.1,masih fyp
zhviers,mukin mkirnya d ksh cairan infus g mkn gpp..pdhl bayi ttp j btuh asi😔 giliran meninggal rumah sakit g mau d salahin😂
novyraliaagatha,iya Bun. mungkin udah takdir jg Bun. saya cuma bisa ikhlas 😇🙏
zhviers,sabar y bun..mski saya tau pasti g bakal seikhlas itu..pa lagi utk seorg anak😭
novyraliaagatha,iya Bun. terima kasih Bun 😇🙏
we_la5,"peluk jauh bun, semoga bunda selalu kuat, sehat ya bun🥺"
wijayagemini,ya Allah..sabar ya bund..saya jg kmaren saat lebaran ank sakit sampai 5/6 hari GT panas naik turun.. Alhamdulillah skrg udh sembuh..
kautsar212,"anak ku prematur, harus 2 jam sekali minum susu, walaupun tidur harus di bngunin, 24 jam aku begadang"
toshikoshan,ya ampun... turut berdukacita Kak.. sakit apa debaynya?
balqies_15,dd udah d sorga
annisaaldo195,pelajaran pertama kalo pny bayi plg gak ada paracetamol drop utk turun panas kalo g turun segera ke dsa /rs.....lha ank q g knp2 bbk e bablas surga
malkihamzah,"horor sama""sound ini lama""🥺😳"
redenreden905,klo krna efek obat harusnya ga dikasih obat dulu biar dedeknya mkan minum. @suster nya males kasian dedeknya🥺🥺
kursi80,semoga Allah SWT memberi kesabaran dan ketabahan
nenkyenny1,"https://vt.tiktok.com/ZSeKBsYX9/, inalillahi wa lilahi rojiun semoga Husnul khatimah 🤲🤲 yg sabar ea Bun"
loakoutwear,🥺🥺🥺
lili_official07,🥺🥺
xianmey69,🥰🥰
ibu.mini,😢😢
dinarrizki55,🥺🥺🥺
mitzukayasha,🥺
bundatama19,🥺
ariyantobinsupardi,🥺🥺🥺
vjnamikasarimaroy08,"adeknya di suruh puasa knp?
biasanya setauku puasa mau lakukan oprasi.
umur Allah yg tentukn, bhkan bnyk yg di nyatakn dokter sekarat tpi msih hidup"
ardiansyah.265,maaf apkh anaknya ada down syndrom?
almeeraaleaabbas,"heran ya, harusnya keadaan sepeti itu tuh sedih. kalau mau cerita ya pakai lagu yg sesuai."
putrilibrarian,emotny koq kemayu cocokny 🥺😥
asiya_dina,kok bisa 3hari gk makan ya..y meninggay lah..anak sekecil itu..itu saran siapa dibiarin gt?
novyraliaagatha,buat bersihin lambung nya Bun. tdi jg ada yg komen buat indikasi penyakitnya apa. saya kurang paham si Bun
asiya_dina,ya allah bu...suka nyesek klo ternyata kita salah jalan tp akibatx fatal...yg sabar bun mungkin sudah jalanx..tp aduh gmn ya..gk tega urusan anak
widadariska,anakku juga gitu🥺 katanya puasa dlu. selama 3 hari ndk d kasih susu. sekarang udah ikhlas. anakku udah bahagia d surganya🥺
novyraliaagatha,amin. sabar yaa Bun. punya tiket kesurga kita 😇🙏
heriyati010,"sy punya anak 2 n 2"" nya pernah kejang tp dulu engga pernah disuruh puasa"
novyraliaagatha,beda² mungkin Bun 🙏
widadariska,Aamiin bun🥰 semoga kelak jadi penolong kita🥰
novyraliaagatha,amin..maksih Bun 😇
rafkarinn,sy juga SM Bu ank g mnum susu 3hr kn laper.ahirnya mninggal
novyraliaagatha,sabar yaa Bun. kita udah punya tiket buat ke surga 🙏😇
rafkarinn,insyaallah sabar bu
tinasuryantini6,"sabar ya kak, salken dari Karanganyar nih"
apriliaindawati2,sabarr bund🥺🥺
dwigayatri240192,knpa sih ni gk mgrti
heidisinaga,https://vt.tiktok.com/ZSeKU4nvD/