User @,Comment Text
diniizulfia,"Ya Allah g nyangka bisa rame 🥹.. trmksh udah berbg pngalamannya, maaf g bs bls 1 1 🙏🏻 smg Allah melancarkan & memudahkan rezeki kita semua aamiin"
tiaraeka526,aqu dlu pas kelihatan hamil mudai minumny acman folavit aja kak ..habis itu langsung cek kandungan ke dokter pas 2bln hamil
diniizulfia,Iya yaa soalnya klo masih 5w pasti di suruh balik lagi yaa kak.. mksh yaa kak sarannya 🙏🏻🤗
ikafarhan_18,"sekali haid Alhamdulillah Allah berikan kepercayaan lagi,dan dari situ aku sampe usia 3bulan ngak kedokter,ngak kebidan dan ngak cerita ke mertua"
ikafarhan_18,"ataupun mmh ku pokok nya cmn suami ajh,,pas di usg Alhamdulilh udah gerak,,dan katanya jangan terlalu senang karna suka kena penyakit ain,,"
diniizulfia,"Iya aku dr hamil pertama smpe ketiga nyoba buat nnti dlu ksh taunya, tp Allah berkendak lain kak.. smg cmn 3x aj kegugurannya Ya Allah.. aamiin 🤲🏻"
ikafarhan_18,iya kak semoga nanti jika hamil lagi rezeki kkak sama suami 🤲
diniizulfia,Aamiin Ya Allah.. mksh yaa kak doa baiknya.. 🙏🏻🙏🏻🙏🏻
belanjamurah98,"Aku dlu minum hydromamma mulai hamil muda smpe tua. Soalnya aku dlu pas hamil muda minum vitamin itu krna gabisa minum tablet tpi diimbangi sma buah""a"
diniizulfia,Ohh ok kak nnti aku cb konsumsi buah2an.. emg jrg bgt mkn buah si ka aku 🥺 mksh kak 🙏🏻
primapekk09,"pada saat dinyatakam bahwa anda hamil sebaiknya minum vitamin asam folad,kalk sama susu hamil biar janinnya kuat kak :) dan jgn lupa ke dokter jg"
diniizulfia,"Iya kak wkt hamil tahun 2018 smpe 2020 udah minum asam folat dan susu hamil, tp memang blm rezeki ka 😊"
primapekk09,mudahmudahan segera di beri dan di jadikan anak yang sholeh dan sholeha kak
almaaamr1213,"aku kmrn usg jg kliatan kntongnya aja kak, 6 mngguan smpet tkut karna di minggu itu kok blm kliatan janinnya trs akhirnya sma dr.nya d.ksh pnguat"
almaaamr1213,"kandungan dan d.sruh balik 2 minggu lg smpet tkut krna sorenya kluar flek gt, trauma soalnya prnah kguguran dn alhamdulillahnya udh gk kluar flek lg🥺"
diniizulfia,Ya Allah.. sehat selalu kk dan babynya.. smg lancarr smpe persalinan sehat selamat semua ibu dan anaknya aamiin Ya Allah aamiin 🤲🏻🤲🏻🤲🏻
kalongg99,"Mbak keguguran bukan krn folamil genio nya mbak, tp apa yg di bilang dokter bs utk peljran kedepan supaya ikutin aja resep dokter yg mba percaya.."
kalongg99,Yg jelas kalo udah ketahuan hamil tapi belum bs ke dokter minumin microgest aja dl. Tp secepatnya ke dokter
diniizulfia,Ok mksh kak sarannya 🙏🏻🙏🏻🙏🏻
hainoppp,"Microgest itu penguat kandungan bun, yg lebih wajib asam folat dan itu ada di folamil genio juga kok😬"
kalongg99,"Ya bun jadi sebelum sempat ke dokter minum itu.. asam folat kan bukan utk menguatkan kandungan, kandungan lemah ngga cukup hanya asam folat"
adamalshaka,"betul, setuju. bukan karena folamil genio nya, bahkan dokter saya juga menyarakan folamil genio dari sebelum hamil (misal kehamilan direncakanakan)"
adamalshaka,karena folic acid pencegah cacat janin dan baik bagi kandungan
litacahyani885,"klo dokternya bilang ketutupan lemak mungkin ada baiknya si mbaknya lebih sering olahraga paling ngga 30 menit untuk 1 hari,"
erikhaeryananta14,bukannya gk boleh sih cuman untuk awal kehamilan emg disarankan asam folat istirahat yg cukup dan makanan yg bergizi aja . karna emg rawan jatuh anakn
kalongg99,"Aku g krg2 kl mnum asam folat kak krn program ud setahun lbh, cape jg ga, pas hbs kgguran bln dpnnya + lg, lgsg mnm microgest sblm k doktr"
erikhaeryananta14,benerw bed rest dikasur aja sampek 3 bln .
dianoktavs,tp sy persis ky mbakny krna trlalu percaya vitamin mahal mlh jd gk cocok sm janin ny.dn hrus dikuret dulu.itu memang bener
akuajun21,"biasanya di awal kehamilan akan disaran kan minum asam folat aja,,"
xxdf35,"iya asam folat ,stlah kehamilan nya cukup baru disaranin folamil Genio sih pengalaman sy"
astridbrendamahar,iya aku juga gtu kalo udh ada janin 6 weeks disaranin minum folamil genio. kalo msh ada asam folat suruh minum doble. folavit smpe 4 weeks sih
marlenmargaret,aku waktu 6w baru akntung ajh tp di kasih folamil gold sma dr ny
fathira006,tp bkannya folamil genio itu ada kandungan asam folatny ya ????
themardayuda,"Udah komplit bun, termasuk asam folat. Saya 2x hamil cuma minum folamil aja udah cukup kata dokter SPOGnya kecuali oyong bgt br dikasi penambah darah."
fathira006,"nah, setau saya bnyk kog dokter yg menyarankan minum folamil genio, tp knp ada yg nglarang, bulekku dr promil aj suruh mnum itu"
tyazainal10,"ak jg mnm itu dr awal hamil..2anak alhamdulillah sehat,mngkn krn ada bbrp wanita yg mmpunyai rahim yg tdk kuat/prnh mengalami keguguran sebelumnya"
fathira006,mungkin memang trgntung kondisi kehamilannya...
xxdf35,"iyaa ,tapi aku disranin nya stlah 6week ,gak tau sih kalo yg lain😁"
putridiany06,"aku juga sama bund folamil dari awal hamil sampe skrg 27 week, tp ini hamil kedua saya yang pertama belum rezekynya 🥺"
themardayuda,"Anak pertamaku br 6minggu br terlihat kantong janin sana, dr. SPOG yg menjabat direktur utama di RS itu pun nyaranin minum FOLAMIL GENIO."
sukasukaraaa,Betulll sama di kasih penambah darah si klo aku
cans_1005,dan vitamin B atau E
bocileem,g jg kak ak udh diresepin folamil genio sma microgestan kok sama dokter kandunganki
syabillaelisafebr,minum asam folat Sampai hamil berapa bulan iya Bun .
akuajun21,"asam folat itu dibutuhkan selama masa kehamilan, tp biasanya di beberapa bulan kehamilan disaran kan di tambah kalsium + penambah darah jg"
anaksukses11,"bener, mnding ikut obat dokter dulu nnti pertengahan bulan bru minum vit diluaran."
liialidya26,"aku awal hamil anak pertama baru 2minggu cek usg baru ada kantong jga di ksih asam folat gtu , di suruh kembali 1bln lagi alhmdulilah ada bayi nya🥺"
skolastikadamarda,lah ak sblm hamil dh disuruh minim
idewayuwardani,"Ia samaaa🥰🥰🥰🥰, ga salah sih dr nya, demi kebaikan jg"
ikashalihin,aku dr awal hamil minum folamil genio dan dokterku bilang bagus kok beda ya sama dokter itu 😳
chikaavirginia,Aku baru 5 minggu juga dikasihnya folamil genio😳 sama penguat kandungann
yuniss48_96,sama kk
miwmiwoney,sama
anbar.zain,iyaa 😅 saya baru hamil beberapa Minggu dikasih saran minum folamil 😁
maafgkdl,"Mungkin udh keliatan detak jantungnya, beda sama kasus ini. Tiap kehamilan jg beda-beda, baiknya denger saran dr aja."
kyz3006,"saya juga minum fg mba, dokternya malah bilang bagus, kandungan 5 minggu dah usg kok."
_amydros,mungkin kondisi ibu juga berbeda dengan kondisi ibu yg buat video
cadel727,mngkin kondisiny ibu memungkinkan buat minum folamil kan usg dokter ada.da jga si tdp pada makanan g slu dr obat.😂ikan misalnya makan sehat lengkap😂
ikashalihin,mungkin bisa jd tapi klo aku yg hamil nya ga bisa makan yg begitu pasti muntah dokter saranin folamil genio ga minum susu hamil juga gpp
ikashalihin,karna udah mengcangkup semua jujur aku juga hamil dalam resiko obesitas 120 kg tapi dokter aku ga pernah sampe bilang ketutupan lemak atau apalah dia
aeriuuuu_,"Sama bun, aku dari awal hamil minum folamil. Obgyn nya bilang folamil udah mencakup semua kebutuhan perkembangan janin. Skrg aku udah lahiran."
raditiameyzani,lah sama
latte1.i,"sama, folamil genio sampe lahir😂"
evauginasitumoran,Aku juga d kasihnya itu ko
nabila..ahmad,biasanya folamil Genio untuk kandungan 7bulan
ikashalihin,engga bun malah folamil genio bida dikomsusi klo kita promil malah klo udah usia 7 bulan bb janin sudah besar biasanya udah di stop ganti ke yg lain
https._.indah,"beda beda setiap ibu hamil ya bun, karena terkadang ada ibu hamil yang bisa alergi terhadap kandungan obat tersebut"
lina_prastiawati,sama mba aku juga dari awal minum itu alhamdulillah baik2 aja.
liameel_,bund minum folamil dibarengi ama ttd juga gak?
sindikarizki,"@Virgo 🥀: sana aq pas kehamilan 4minggu, sna dr.spog nya malah d sruh beli obat it"
vionadjubiharto,"iya kak aku jg sm, dr awal hamil sd 5 bln pas jalan 5 sd 7 diksh provit karena ada DHA nya. dokter blg bagus kok folamil genio minum nya tiap hari"
noura_linda_syavira,aku juga kak minum folamil genio dari awal hamil..
wil05050,"mgkin tahu kandungan kakanya itu lemah ,saya juga pernah dblg dokter knapa hnya konsumsi vitamin itu .
krna dokter tau kandungan saya lemah banget"
namuyeol,Beda kasus kak.Aku hamil waktu itu cmn ada kantong aja pdhl udah 2bln lbh usia kandungan.Sama dokter di suruh bedrest+di kasih obat penguat
ajdla123,"iya aku bahkan blm keliatan ttp minum folamil pink, balik lagi 2 minggu sdh ada, ganti folamil gold pda saat kandungan usia 7-9 bulan"
farah0107,Sama ka aku usia kehamilan 8 minggu kalo ga salah di saranin minum folamil genio
oejaaa,"Sma mba , dan bukan dokter aja sih yg blg. Ada beberapa bidan dan perawat dipuskesmas serta klinik pun blg flmlgnio bagus krna vit nya udh lengkap 😬"
widya120292,Iyaa sama aku juga dri awal folamil genio sama penguat kandungan
budakcorporateeeeee,dokter nya aja noh
rinarachma30,"ya sih gpp, ga bahaya cuma kaya ke percuma aja, belum dibutuhin, minum yg asam folat doank pun udah cukup, gitu sih"
lia_subhan,sama aku jg gtu minun folamil Genio
nurulanshor2107,sama mba aku dr awal kehamilan jg minumnya folamilgenio kata dokternya gpp bagus Uda lengkap..beda² ia dokter ngmngnya
user8178807599454,klau dokter kandungan sy folavit
desmarssy,Sama bun
almaz_ofc,"Mungkin cara minum nya tdk sesuai anjuran dokter, Bsa jdi sehari 2x, wkt aku obat vitamin hamil apapun itu sehari cukup 1"
ressy.ywnk,sama mba aku juga😳
mamaantika,sama bund
istaarofah,mgkin kondsi tiap ibu berbeda 😁
daniyalbisyir,lha iya sama
saa_bela,"sama bund, dari usia 5minggu juga minum folamil genio emg Bagus ko. cukup sehari sekali aja"
rifaafz,"Aku jg pake folamil bun, aman aman aja tuhhh sampe skrg anak umur 3 tahun"
nda_duty,"samaakk awal hamil periksa ke dokter udh 5 minggu lsg di resepin folamil genio alhamdullilah sehat""😁"
vionyaltha,"Smaa mba aku juga minum folamil dari tau hamil, ditambah d3 alhamdulillah insyaAllah aman🥺🥺"
dinda.semesta,"samaa bun.. aku dri usg baru 5weeks lngsung dikasi folamil genio, alhmdulillah tdi usg lgi 10weeks janinnya sehat, dtk jntung juga baik."
adnama9393,"Beda beda mba, kan tergantung kondisi bumil nya. Gak akan ada yg sama hehe."
anantakiranidinandra0,kok bisa ya. pas aku dikasih ya udh hamil 3/4 bln pas awal cuman asam folat murni
puspitaeka14,aku juga bun pas awal hamil dokter kasihnya folamil genio
user5425609550727,sama
_sagigirlss_,"iyaa sama mbak,saya usg 5w sama dr langsung di bilang minum vit folamil genio,alhamdulillah usg ke 2 bayinya sehat"
annisaheggy,Samaa bgt bun
nezyang,sama bun kan yg penting itu asam folat dan folamil genio ada asam folat dan tambahan vit2 yg lengkap malahan
reniraunisa16,"Knp diminum asam folat awal kehamilan krn itu berguna pada saat pembentukan awal otak,jd asam folat berperan jg dlm proses perkembangan otak bayi."
reniraunisa16,"Mdhan ga salah sih,tp epekx bs mual pusing 🥰"
_w.ndari,itu berarti udan ada janunnya kak sedangkan yang di alami kknya belum ada janin
nissaflorence,"Gak minum folamil genio, tapi konsumsi folamil gak ada hubungannya dengan keguguran."
by2829,tapi sebenernya folamil genio itu bagus di konsumsi mulai dari umur kehamilan brp dok?
novidwiliyani,"Awal kehamilan kak, aku 5weeks udh diksih folamil"
by2829,jadi kyk was² gitu kalau lihat vt gini. aku minum baru semingguan ini udah usia 16 minggu. awal² minum vit dari dokter aja
novidwiliyani,Gpp si kak dr dokter juga kan psti diksih yg baik. Klo aku dr awal diksih folamil heheh
jesicaa987,aku dr awal hamil sampe 5 bulan tetep folamil Genio d ksh dokternya kak
ss14341,Iya bner aku juga d suruh dr minum folamil pdhal kehamilan baru 5 minggu belum keliatan ada kantong nyah malah
novidwiliyani,Aku hmil prtma 5mnggu udh ada kntung diksih folamil. Mskpn smpt kgguran tp krn emng krng asam folat. Hmil kdua stlah tau + lngsung mnum folamil 😂
novidwiliyani,"Pdhl blm usg tp stlah tau + aku lngsung knsumsi folamil, trs pas usg alhmdllh baik2 aja udh ada kntung di 5weeks smga shat2 hamil yg skrng 🥰"
geminii12_12,bener tuh . aku juga waktu priksa hamil 5 minggu ditanya konsumsi apa aku jwb folamil dokter bilang bagus ko . malah gajadi diksh vitamin dr dokter
rinarachma30,"ga bahaya cuma kaya ke percuma aja, belum dibutuhin, minum yg pyur asam folat doank udah cukup gitu sih, minum gpp bagus kok buat ibunya jg"
ratissamutia_,Ga apa apa ih. Aku jg pake folamil genio dr tm1 - tm2. Tm3 bosen folamil trs ganti ke blackmores hahaha
ofysubekti,aku dr ketauan hamil lgsg folamil Genio kok kak. kalo yg dimaksud dr nya asam folat. di folamil Genio jg ada. gak usah takut
ibukomplek,"sama kak, dr 5weeks trs hamil tua folamil yg beda warna"
gabriellamarthania,"mungkin masuk trimester kedua aja bund, klo trim 1 sebaiknya asfol sama penambah darah aja"
bundafathan14,q mlh dr umur kandungan 3 bln udah minum...alhamdulilah ank q lhir slmt n sht
ciwie11,dokter cerdas nieh...rada janggal antara chatt cm caption Sm keguguran.dokter tnya mnm apa?..djwb folamil berarti mmng sedang minum folamil kan.
bidanmeyna,ga ada yang salah sih sama folamil .. dia isinya multivitamin dan tinggi asam folat.. jadi tentunya bukan penyebab kegugurannya
asiihsaputrii,tapi aku baru keliatan kantung nya ajh dikasih DR. folamil Genio loh krna asam folat nya tinggi dan itu butuh di TM 1
yurike.elvira,sama bangetttt 😳 baru tm 2 dapet tambahan kalsium dan ningkatin dha buat janin nya
evi.shop03,aku di 6 minggu ini langsung minum folamil genio
yurike.elvira,aku dari 4 minggu kak ketawan ada kantung dikasih itu sama penguat kandungan
asiihsaputrii,iyaa aku udah abis 2 botol folamil Genio krna pas baca lengkep nutrisinya
yurike.elvira,bnr bun apalgi tm awal mual parah susah makan dokter saranin itu untuk nutrisi juga
rinarachma30,"aku jg hamil pertama ngeflak gituh, dikasih folamil Genio juga kok cuma plus penambah hormon kehamilan, Alhamdulillah gpp"
riadewi90,kakak flek nya brp hari? banyak ga ya?
rinarachma30,"bbrp hari, d minggu k 5 kehamilan, tp maaf tkt slh phm, aku ngeflak baru ke dktr dan dksh resep folamil genio, bkn ngeflek krn mnm folamil genio"
viliasesha12,"hii bund, mnrt mu gmna ... aku baru hamil jl bbrp minggu nih mnum vit bllackmores ... 😌liyat vt jadii nyagmna gtuu .."
asiihsaputrii,"Blackmores juga bagus Bun,,cuma kalo di folamil Genio itu kandungan asam folat ya tinggi, dan itu dibutuhkan di TM 1 krna sedang pembentukan organ"
asiihsaputrii,ini pengalaman aku pas hamil pertama muntah parah dan kekurangan asam folat dan bayi ku anenchepaly jadi trauma 😭
viliasesha12,waahh mksh bgd bund 🥰 sehat slalu
sanas086,Sama banget kak.. bahkan diresepin folavit sama penguat kandungan juga..
naya_nalunk,"sama bun awal hamil usg dah 8 minggu, ga doyan makan
dokter sarankan minum folamil genio biar asupan janin terpenuhi karna bunda nya ga doyan makan"
nadia.re,"sama, ak hamil pertama dan baru pertama cek udah d resepi folamil genio sama penguat krn kerjanya di lantai 2"
dhlftr,Sama bun😳
goodladycoloring,"Sama bund aku dri awal udh folamil, pas habis aku bli sendiri yg blackmorses"
asiihsaputrii,Blackmores Pregnancy & Breastfeeding Gold ini juga bagus untuk mempersiapkan ASi juga kan yah
goodladycoloring,"Betul bund, alhamdulillah cocok di aku jadi asinya banjir bund"
wildanbaim2,Bun selain minum folamil Genio minum apa lg ? atau cuma minum itu aja ??
lelymaharani21,lah aku jg kak suruh yg folamil Genio
user11051706191221,"iya emg bagus ko kata dokterku jg, soalnya sgala kandungan yg d butuhkan udh ada d situ. d tmbah aku jg minum susu"
pangilsaya16,"Iya sama aku jugaa,blm priksa ke dokter tp di saranin sama temen yg bidan suru minum itu,soalnya di folamil genio udh lengkap"
avadakenavah,"pengalamanku pernah keguguran juga, di kehamilan selanjutnya bidan kasih asam folat murni dulu. baru setelah 3/4 bln an dikasih sejenis Folamil Genio."
viapradiani,aku tm1 lgsg di kasi folamil kok sampe skrg udh mau lahiran msh folamil😁
bunda.yanda.arza,"aku jg kak mnum folamil dr usia 5 mnggu smpe lahiran msh ad sisa disuruh dokter hbiskan wlwpun sudah busui, alhamdulillah anak sehat smpi skrg"
va_duts,folamil genio atau yg gold?? . aku minumnya folamolgenio trus ini msuk tm3 bingung mau minum yg mna
viapradiani,"genio, kata dokter ku ga beda jauh komposisinya. aku tambahsm ttd, vit c, kalsium, vit b12"
pasrahkansamaallah2,la sama aku kan emang promil pakai folavit lalu pas usg dokter menyarankan kalau habis folafit ganti folamil genio itu pas hamil 5 week.
va_duts,minum ttd n kalsium dijeda atau gak
oktavianafyp,sama kak
jessicaluntungan,"bener aku juga gini waktu hamil.. ditambah d3 dan penguat kandungan (krna ada miom, kista dan riwayat keguguran)"
paijemmu88,nah ini bner
nonamebutalwayson,benerrr
user11051706191221,"aku pas tau hamil lgsg minum folamil, dan itu udah 5 mingguan kyanya hamilnya. dan pas ke dr udh 6 minggu, blg gpp bgus minum itu krna sglanya ckup"
marlenmargaret,"kalo aku wktu 6w kak di kasih nya folamil gold ..
trus pas habis aku pindah rs lanjutan nya sma doktr folamil genio, boost D, quatro"
user11051706191221,ohh kalau kata dokterku folamil gold untuk 4bln ke atas krna itu kndungan kalsiumnya lbh tinggi d banding yg biasa sdgkn-
user11051706191221,-usia 2-3 blnan yg d utamakan asam folat dahulu. setau aku dri dokterku ya. mngkin beda²
marlenmargaret,"aku wktu itu kondisi mual muntah parah, jd di kasih yg gord, klo genio kan ad zat besi ny bisa memicu makin mual"
stefanietuaselaa,"Aku jg gini, TM1 asfol murni. Nanti masuk TM2 baru yg untuk baby"
setyasonja,"Kalo ini kedua kli kgguran cb bunda cek virus toxo sm rubella, apakah ada indikasi.."
ameliasukmasejati,"bnr nih,q s7 krna sdh 2x..cz jaman mamah q muda dulu jg gt sring keguguran akhir.y dokter saranin tes virus toxo trnyata bnr ada indikasi"
astriana785,"maaf bund,klo mau cek virus toxo sama rubella dmn dan kira2 biayanya brp?sy jg 2 kali keguguran🙏"
tatiktik77,di cito per item 300rban bun
azetjuragantembagamurah,beda2 kaya nya ya Bun.. tergantung lab nya.. Prodia atau yg lain yg terdekat dikota bunda tny langsung aj k lab nya..
astriana785,terima kasih bund🙏
mom.alula,"kalo di kotaku, cek toxo lengkap bisa nyampe 2jtan"
astriana785,terima kasih infonya bund🙏
yualyualita,bbrp bulan lalu aku cek 2jt lbih. tpi puji tuhan hasilnya sdh negatif smua. dan bbrp stlhnya d ksi kpercyaan tuhan. skrg dah jln 3bln
setyasonja,"sht sht smpe lahiran ya bun, sy jg alhamdulillah sdg isi pasca janin tdk brkmbng, moga bunda yg pjuang gris 2 smua jg disegerakan"
sants854,klinik prodia
nami.world,Aku baru cek di prodia bagus cepet keluar hasilny biayany 1 jt 100 rb
danikha1020,"aku cek di prodia kak, cek lengkap igG dan igM toxo , rubela, cmv, hsv, d-dimer sama aca kena 6jtan kak."
danikha1020,"krn selain virus itu, kekentalan darah juga bs jd penyebab keguguran kak. atau ga bisa juga kakak konsultasi ke dokter fetomaternal, jd bs dicek lngkp"
astriana785,terima kasih infonya bund🙏
danikha1020,"oh iya coba download aplikasi prodia aja kak, dsana ada harga2 per item yg mau diceknya"
astriana785,ok🙏
turinaap,di prodia 4 jt an kalo lengkap
thelias1104,"Betul :) Btw saya pas hamil ada toxo. Titer sangat tinggi, harus minum antibiotik dan antivirus terus sampe lahiran. Bayi saya sehat udah umur setahun"
kireitan,"di siloam 2.8 ka, di hermina 2.7 ,kemarin nanya nanya karena mau torch juga"
ciwidamayanti92,Betul
tulangrawanmu,"Iya bnr bgt ini.. Tmnku dlu toksonya tinggi bgt,itu yg bikin sll keguguran..
setelah terapi obat hampir setahun lgsung di beri momongan"
ooreoodingin,"Bukannya asam folat itu bagus di konsumsi bahkan dr sebelum hamil/pas promil ya, kok dokternya jawab gitu? 🥺"
ikashalihin,makanya bingung kan malah bagus dikomsumsi klo kita mau promil sampai menyusui kan
kcissis6,"nah iya itu, kalo folamil kandungannya ga cuman asam folat. lebih lengkap kan harusnya bagus kan ya"
silviakhilal,"kl folamil genio kndungsn ny udh cmpur2 kak, kl di konsumsi dr sblm hmil baik ny hny asam folat sj"
vionadjubiharto,"iya bener, malahan disaran kan dan di imbangi sayur dan buah buahan. akupun heran"
dineeeeeeeeeeeeeeee,"tergantung RS atau dr nya kerjasama dengan obat apa kayanya..jd kalau bkn kerjasamanya dibilang buruk.soalnya pernah gitu juga sih,"
dineeeeeeeeeeeeeeee,"beda dokter beda resep.awal hamil ada dokter ngasih folamilgenio,tp pas priksa didokter lain katanya folamil genio gak bagus."
dineeeeeeeeeeeeeeee,"jadi saranku,tentukan 1 dokter yg sreg dihati bunda."
mixedberry__,Betuuuuulllll
fitriainnurf,"folamil genio vitamij bagus menurutku. Cuma kalo kita ke bidan/kesmas awal kehamilan dr tm1 sampe tm3 itu obatnya beda-beda, sesuai kebutuhan perkem"
thmg8718,folamil genio emg disarankn diumur kandungn di ats 3 atau 4 bln deh
kyna.hijab,enggak kok. aku 5 weeks udh diresepin folamil genio
annisadt23,"gak juga, aku dr telat haid udh minum folamil"
gibshidrofarm,aku hamil 5 minggu d kasih dokterku folamil
hainoppp,"Gak juga, yg wajib asam folat dan tablet tambah darah biasanya. di folamil itu lengkap malah bagus asal kuat karna biasanya bikin tambah mual"
ultramensingit,dari 2 minggu hamil mimum asamfolat folamil genio smpe udh jd bayi 3 bln skrg its okey ko
pompomkecilllll,aku dr awal hamil udh dksh folamil
putriprayitno946,"aku dari 4week folamil genio, dan yg kasih DSOG saya"
qianaaf33,aku dari awal hamil minum .
user9337426193017,aku baru 6 Minggu dikasih dokter folamil Genio + Elkana
juzaaann,"Aku dari 4 weeks udah minum folamil, alhamdulillah sekarang dede udah umur 1 bulan"
tatapuspa0906,"Dari awal ak folamil genio,, mlh di sarankan kalo program minum itu bagus kandungan hampir sama prenagen esensis"
disaamora,Ak dari 10w udh minum folamil genio
ranssdisini,aku dkasih folamil genio pas ada janiny pas masih kantung dkasih vit d aja sma penguat
maukayaaaa,janinnya sehat² aja tetep di kasih penguat ya ka? aku parno karna keguguran
ranssdisini,"aku yg minta ka sma dokternya ,karna waktu awal hamil suka kram2 perut jadi aku minta antisipasi tp klo udh gk ada kluhan aku stop minum"
maukayaaaa,oh gitu ka makasih infonya ya.
nita_montolalu,aku jg LG hamil dikasih vit d calcium Ama penambah darah yg udh ada asam folatnya
anouthermee,"pengalamanku pas hamil, awal2 dikasihnya asam folat, baru setelah berapa weeks gt doktermya ngasih folamil genio"
angelinaa6880,aq hamil 3 bln saya periksa pindah dokter utk USG 3 kali katanya bayiku gk keliatan tp setelah pindah dokter janin kelihatan tp udah meninggal.
vviy_chan,sama prtama 10w gk kelihatan trs ps 13w kelihatan tp pulang usg pendarahan
angelinaa6880,klo saya nggak kak.. kata dokter meninggal nya antara 1 2 harinan
fiii57_,emang gaada tanda tandanya mbak? kayak flek atau pendarahan gitu?
seblakcikurs,"sepengalaman aku mah eggk ada tnda2 flek/pendrhan, usg 2x beda dr ttep sama janin tdk ada djj.."
himhimhim09,"Dulu saya juga begitu mba, tapi apa mba di kuret atau dikasih obat aja sama dokternya mba?"
reginasj_31,"dr 1. billng hamil ku 7w.pdhal hitungan ku 11w.
2mggu klo gk ad prkembngan d kuret😳.
pindh dokter alhamdulllah aman"
racuntiktokshop999,"bini gua 2 bulan pertama minum asam folat biasa, sisanya folamil gold😂 Alhamdulillah 4 hri yang lalu sidede dan ibunya sehat, lengkap, selamat."
liameel_,konshmsi folamil gold dari berapa bulan kak?sampe mau lahiran masoh diminum kah?
racuntiktokshop999,"sbnrnya dr awal hamil kak,tp d selang seling sm asam folat yg dr bidan dkt rumah.full konsumsi folamil gold sejak bulan ke 3 smpai lahiran"
liameel_,oke makasih kak krn aku skrg lg konsumsi folamil gold juga tapi dari 7 bulan sih😬
racuntiktokshop999,"gpp kak terusin aja.mmg bbrp obgyn pnya pndapat beda2 soal folamil.tp aku d resepin folamil gold sejak usia khamilan 3 bulan,jd ya aku konsumsi aja😁"
liameel_,minum folamil dibarengin sama tablet tambah darah juga gak kak?
racuntiktokshop999,"iya kak,aku dr awal hamil smpai lahiran mnum folamil,TTD sm kalsium terus😁"
liameel_,aku panik bgt kak gara2 baca2 digoogle bumil cmn bth 400-600mcg asam folat sdngkan kl ttd sama folamil digabungin dosisnya jadi 1400mcg dn aku udh-
liameel_,konsumsi itu kurleb 3 bulanan gara2 saking gataunya sampe skrg kepikirin takut juga terjd apa2😫tp stlh baca komen kakak alhamdulillah jadi agak legaa
racuntiktokshop999,"bayiku alhamdulillah sehat pas lahir kak,ga knp2.justru klo ga mnum ttd,takutnya malah hb nya rendah trus defisiensi zat besi nnti dedenya.kasian"
keluarga.fsemua,aku pas ketahuan hamil langsung dikasih dokter folamil Genio kan kandungannya lengkap ada kalsium dan asam folat. aku gemuk tapi dokter gak pernah
diniizulfia,Makanya aku juga kaget dokter blg gt😳
keluarga.fsemua,aku Konsul di 3 dokter karena aku preeklampsia dan semua ngasihnya folamil genio
keluarga.fsemua,gak pernah bilang ketutupan lemak deh. btw BB aku 85
lendutz,serius Mbk ..
keluarga.fsemua,iya
lendutz,soalnya sya gemuk Mbk... dokternya sllu bilang lemak lemak ..bukan kantung rahim
keluarga.fsemua,aku BB 85 kan gemuk. telat 2 hari di USG kelihatan
lendutz,brp bulan mbk .telat 2 hari ...
maulinahartini,"Mba aku abis keguguran, setelah keguguran disuruh konsumsi Vit folamil genio selama 2btl alhamdulillah isi garis 2, aku lanjutin smpe 4bulan -"
maulinahartini,Harusnya mba lanjutin aja jgn dengerin apa kata org☹️aku dikasih resep itu sama dokter
fitrironron,"keguguran berulang bisa krn masalah sm hormon , ap lg yg pcos itu rentan keguguran !"
kenalan_yukkks,"tapi ga da komposisi folamil genio yg bikin kegugurn kak😂,Krn komposisi DHA nya pun dari alga Bkn fish oil...klw fish oil mgkn bs jd rentan😂"
kenalan_yukkks,"aq dari awal nikah langsung minum multivitamin lengkap dgn DHA,Krn takut anak kekurangan asam folat&nutrisi di Minggu awal kehamilan"
ylsfr_2,"kk aku lg promil mnum folamil, gpp tah?"
kenalan_yukkks,"bisa kak....aq sehari stlah nikah langsung minum multivitamin ibu hamil kok...namanya MOTHER,Krn aq nikah Sdh umur hampir 32,jd dr awal lgsg program"
ylsfr_2,mnum nya mlem pas mau tdur gpp kan ya kak
eglowplatinumindonesia,"folamil genio aq konsumsi saat trimes 2 , mulai hamil 8 minggu jarang minum vit karna mual, br stelah itu blackmores& folamil"
shasaku_,"tp betul apa yg d bilang dokter, awal aku cuma dpt asfol, masuk 20w baru ganti folamil genio, masuk 24w sampe skrg 37w dpt folamil & eazy cal"
cancerhoki,aku pas awal tau hamil anak ke 1 dan 2 dokter ku lngsung ksh resep itu 😳
rembulan356_0,folamil Genio nama obatnya ya. saya dikasih folda sama multivitamin sama dokter . udh TM 2 sy baru denger folamil Genio? 🥺
alfindaindra,nihhhhh @vika asmara
jousca_cane,dokter aku blg bagus pake folamil genio
pinkdynti,"aku minum blackmores wktu kehamilan 5w
kata dokter gpp, simpen aja dlu BM nya nnt diminum nya yaaa
skrg minum asfol aja dulu"
swandith,klo aku digituin langsung nangis depan dokternya 😂. kek awal awal aku hamil ga kliatan karna usg atas perut. pas usg tv kliatan. pas blm kliatan--
yawesyaoke,"kalo dokter ku kok ga nanya ya minum vitamin apa, dia yang kasih lgsg. Kecuali kalo hamil ke 2, dia tanya karena kita udah pengalaman."
diniizulfia,Iya kak itu kan aku hamil ke dua kak .. 😊
iyakamuttu,Aku jg trauma le dokter kandungan di TM 1 pernah hamil ke 1 masih telat 1minggu alhmdulilah positif trus cek usg kata dokter ini blm hamil
iyakamuttu,"Sambil nada yang kurang enak, dari situ pikiran down 1 minggu kemudian pendarahan dan keguguran."
iyakamuttu,"Menurut aku walau ini tidak dibenarkan, selama TM 1 ga ada masalah seperti mual berlebih, rasa sakit nyeri yg ga wajar ga usah dulu ke usg"
ik_wrta066,"diawal kehamilan biasa disuruh konsumsi asam folat, kalo Folamilo Genio itu sdah lengkap dgn berbagai macam vit didlm nya...
bgtu sy tau sy hamil"
nunikelryani,aku dari hamil pertama minum itu kak sekarang lagi hamil anak ke 4. awalnya periksa di bidan banyak di kasih pil penambah darah asam folat sama kals
nunikelryani,"sium tablet tuh, agak males minumnya. terus periksa ke dokter di resepin folamil Genio minumnya praktis nggak perlu tiap hari minum tablet banyak2."
hainoppp,"Aku malah dikehamilan pertama cuma minum asam folat 400mcg keguguran, yg skrg aku minum folamil karna vitaminnya lebih lengkap tambah microgest gpp"
hainoppp,"Gaada hubungannya sm folamil bun, yg kuat ya bun semoga segera diberi kepercayaan lagi🖤🖤"
isty4835,"lebih parah gw sih tspck samar sampe 5x tspck tetap garis 2 samar,pas d USG d blng gk hmil bnyak lemak susah hmil rahim kering mandul d blng dokter,"
isty4835,"dan ku nangis sejadi2nya, suami slalu sport dia blg tunggu 2 bln lagi, nah d situ aku inisiatif mulai mnum folamil genio dan mkn alpokat stiap hari"
isty4835,"2bln kmudian USG k dr lain dan alhmdulilah udh 8week,brrti ku USG kmrin itu Bru hamil 1/2 mingguan blom trdetksi alat usg😊 ni Bru lahiran"
cabegaramm,"astagfirullah. pokokny kalo ragu"" bisa tanya ke dokter Sp.og yg lain. JANGAN KE BIDAN. Bidan itu buat membantu lahiran normal, tanpa kasus"
yohana254,Utamain makanan aja dlu bun..sayur.protein..buah..saya juga baru 5 minggu..kata dokter asal itu ud bisa dipenuhi ud baik
riadewi90,kakak minggu ke 5 ini sempet ada flek ato keluar darah ga?
drlukluk,"pilih2 makanan,jd utk menambah penyeimbang,biasanya dokter suka kasih vitamin"
mylove_sadiqi,"wkt hamil saya jg gt di blg lemak bnyak, susah crinya. tp dkasi folamil jg kok bun"
leviemahendy,"aku dari awal minum folamil Genio tanpa resep dokter... kemarin USG 10 week Alhamdulillah baby nya udah lincah grak""😅"
ifnima,Pindah dokter aja bund dan tetep minum asam folat. Biasanya awal2 kehamilan dokter nyaranin minum asam folat kok bund
azizahnurfikriy,Aku jg disarankan folamil genio ditm 1 mlh bgus ktanya
dheagustiana,aku dari awal kok mba minum folamil Genio malah bagus Krn ada asam folat dan vitamin 😳
winterbaby12_,"tapi waktu aku awal hamil disuruh minum folamil genio, dan skrg udh nginjak 3bln alhamdulillah gpp"
dewiangg93,aku pas awal hamil diresepin dokter : vitamam dan penguat kandungan. vitamam juga multivitamin kyk folamil. itu dari aku 4weeks
botolair10,q di dokter SpOG TM 1 itu emg folavit asam folat 1 mg SM ossoral aj. TM 2 folamil genio sama cal. TM 3 folamil gold 2minggu sblm lahiran udh g minum
mammasitoh,anakku 4...dikasih doktrr folamil semua 😁
nynanda,aku folamil genio juga gpp kata dokternya bun..lain kali pindah dr aja bun cr yg cocok
nami.world,Coba cek lab torch bun
azahraazhim,folamil genio klo sudab besar usia hamil ya bun
karinspill,ya allah sedih juga.. aku minum asam folat aja itupun dr bidan. mau coba folamil hrga nya luamyan soalnya😬
sitifitriah010,".awal hamil . makan makanan bergizi, folavit +susu Prenagen emesis."
darahputihc,"loh, justru asam folat harus dikonsumsi sejak sebelum kehamilan. fix pindah dokter"
blendaelf,saya hamil kedua dkasih dokter folamil genio..hamil 8 bulan dganti folamil genio gold
thikaa2507,aku dr awal hamil d sarankn dokter minum folamil genio+tambah darah. Alhamdulillah ngk ada masalah. kn vit ny emng ada kandungan asam folat.
user9502587852250,ku dr dlu gk prnh mnum ap2 klo hmil
nounaana382,"trs mb nya dapet vitamin itu dari mana? beli sndiri kah? atau dapet dari bidan?klo bisa nanti klo hamil lg jngan sembarang beli obat sndiri sih,"
lolipop_merah0,kalau cek hamil pertama lgsg suruh usg pst untuk memastikan gmn keadaan nya. jd dokter tau hrus kasih resep apa aja
fidelya557,yAllah sama mbk 😭😭 aku nyesel minum folamil genio krena masih 8 minggu 😭 akhirnya gugurlah
tinabaroroh,"bener kok bund, biasanya dikasih folamil untuk lebih dari 12/16 minggu"
augustine033,"klo gitu sih ganti dokter SpOG yg lebih bagus, karna kadang di awal hamil biasanya dikasih penguat kandungan🥰"
shepaholic_,Hemm. setau sy pembentukan organ manusia itu dibawah usia 20 minggu (cmiiw). Jadi gk masalah minum itu.
dithanuansyah25,aku hamil 4 week USG di kasih dokter folamil Genio gmna ini terusin apa jgn yah jd binggung
naurajunafalah,dr awal hamil dikasih dr ka dungan selalu folamil genio kecuali mual paraah dokter ku ngasih folamil gold alhamdulillah gpp sehat anak² ku
putry.angsa11,kalo awal hamil baru keliatan kantung nya biasanya memang cuma minum asam folat & penguat kandungan
lisnamulyati0,aku hamil 6 Minggu d suruh minum folamil Genio + obat penguat kandungan.
user7338974046215,"sy jg di kasih folamil di usia kandungan 9 week.tp aku blm ada mnum.soalx aku mabuk berat,"
suci161101,aku di awal hamil di suruh minum penguat janin smpe 2 bln trus pas 4 bln baru di suruh minum folamil
momygibran34,lah saya malah promil ke dokter dikasih folamil sama madu hutan sebulan langsung positif😅😅
nettyhartmoerti,biasanya awak kehamilan pasti dpt vitamin sama asam folat barulah kalo janin sudah terlihat baru folamil genio ..
miiieewww02,biasanya tm 1 itu d kasih asam folat sama penguat kandungan
budakcorporateeeeee,fyi folamil genio itu baik dibkonsumsi tm1 dan 2 karna kandungan vitamin yang lengkap baik unk pertumbuhan janin
nanikharyanti2,q pas hamil 5 minggu gk dikasih resep apa2.. bidan jga gk ngasih.. aku insiatif beli Asam folat murni.. ini mau cek lagi smga Ada ya.. riwayat kegugur
septiaedwrt,aku pas 6 week bru keliatan kantong jg ga boleh dulu minum folamil nanti ya kata dr nya tp di dokter lain boleh entah akhirnya cm asam folat biasa
estikapretty,"kmrn pas hamil 8weeks aku udah minum folamil genio, gak ada masalah dg folamil genio"
ningodhe2,"aku umur 5 bln bru minum FOLAMIL genio,,"
khairulprasetio,"hemn skit rasa nya🥺jika lht fpy org ini.. krna seorang ibu psti terpukul kli kehilngan buah hti di tunggu""😭 sya lgi alami skrg."
dianoktavs,sma persis ky sy.trlalu nurut vitamin ini itu.pdhal tbuh kita janin kita blm tntu cocok
faridarahmah929,saya dari pas promil ampe 9 bulan pake folamil genio... alhamdulillah... bayi sehat selamat kosong 2 tahun dulu
ummua4_1515,insyaa allah Allah ganti yg LBH baik Bun d waktu yg tepat smngt 🥰
noviasustiani,klo q awal hmil g bsa msuk mkn kcuali susu ddn itu smpe 3 bln pas bru bisa msuk mkn tp cuma bbrp sndok setlh enk mkn q konsumsi folamil smpe hmil tua
ameliasukmasejati,"bnr mba folamil itu klo udh usian kandungan 4/5bln,klo msh awal² mesti yg tinggi asam folat,"
qaireenbatari,"aku minum vitamin + penguat Bun, pernah ada riwayat keguguran juga jadi disuruh badrest, waktu hamil kedua muncul flek juga aku coba tidur posisi"
vviy_chan,maaf keguguran ny krna apa kak
qaireenbatari,"janin tidak berkembang bun, waktu itu doc saya suruh tes darah juga ...."
vviy_chan,"sya kmren usia kehamilan 13w lalu janin hnya usia 7w,,, klau tes darah tes apa kak tes torch kah?"
qaireenbatari,"iya Bun, tes torch dll ....
saya juga stop Hb SM pak suami selama 4 bulan ...."
mamaalmeer21,aq g pernah mau minum obat2an.. tp suka makan buah 😅
wildapratiwi23,"0 sampai 12 week minumnya polafit aja ., selebihnya minum genio"
rizkiarsika,takut banget ketemu dokter bgni 😭
arinyukk,Aku tm1 nurut banget minum yang dikasi bidan dan dokterku aja.
gesrek61,"aku awal hamil smpe 6 bulan disuruh minumnya folamil Genio, karna itu bagus ada penambahan nafsu makan jga, karna waktu itu mabok berat"
delaae3,aku awal kehamilan minum nutrimama bagus kata dokter
alfaeroshifa,"saya kemarin usia 4 Minggu juga belum dikasih vitamin apa"" mbak pas ke bidan.. pas sudah 7-8 Minggu baru dikasih folavit.."
flaminggolovers,sebaiknya jgn USG dlu bund KLO masih 5 Minggu. tunggu sebulan lagi
anindya.sylva,asam folat itu klo udh hamil baru diminum malah dibilang telat loh..dokterku jelasin gitu
uma273111,sebab aku yg disuruh orng minum ini itu iyakan ajdah . tp ttp aku ambil vit dari dokter aja🥺 krna ud pernah kehilangan 1🥺
indomiegorengcuy,Kalo bru 5 mggu mah minumnya folafit. Trus minum folamin genio g mengakibatkan keguguran
unaunu02,aku dikasih sm bidan folavit sm kalsium. truss aku dapet folamil genio dari kantor suami emng kalo istri hamil pasti dijatah folamil sampe lahiran
dwiirahayu11,lah aku malah ktanya dokternya lanjutin ajh minum folamil genio padahal pas usg belum keliatan apa²
user30810392,"Kt dokterku juga sama mbak, utk dibawah 12mg fokus ke asam folat dulu. Pas masuk 12mg pasti dikasih multivitamin lain yg memang dibutuhkan janin.."
user30810392,"Entah krn hal itu atau tdk, tp memang sebaiknya begitu kita tau hamil, lgsg ke dokter dan ikutin apa kt dokter saja utk obat/vitamin yg dibutuhkan.."
nurhayatiakhirudi,lah ak blm hamil aja dresepin dokter asam folat folamil genio.gpp kok
ima0796,kalau masih awal kehamilan minum promavit bagus itu
gymbal1,"ak ga cocok sama folamil genio, konsumsi itu hb ku menurun dan pusing trus ..makanya diganti sama spognya"
user490699305,aku dr awal hamil mlh d kasih folamil genio ama dokternya.
nainashabira3031,sya 4x hamil dri awal promil minum folamil genio alhamdulillah gpp sampe menyusui jg msh minum..
mamah3cowok,"aq juga tiap hamil pasti d bilang gtu sama dokter...
baru punya anak 3 jd sudah biasa😂😂😂"
feliciafarella86,aku tim folamil Genio skg jalan 5bln msh d suruh terusin Ama obgyn aku.. SMG lekas dikasih lagi y bun🥰
istijp,semua vitami kategori A jd aman buat bumil
putriimuzayyinu,aku dulu pertama di kasih kalsium sama asam folat trs masuk 3 bulan di kasih tambahan vitamin
showclothes.co,Aku minum folamil genio di usia janin 4 bulan. Sebelum itu minumnya folamil gold. InsyaAllah dokter menyarankan yg terbaik. Jangan asal minum apapun
juitaetikasari,aku dari awal hamil minum folamil genio. alhamdulillah smw dokter dan bidan selama aku konsultasi bilang bagus. dan ikut vitamin lengkap banget.
ransax3l,"semuanya udah takdir ' tapi bisa jadi pembelajaran, sy cek bidan fi kasih vitamin nya ma bidan & sy minum sesuai anjuran aj. alhamdulillah ank ny seht"
iniichaind,Aku mnnum folamil genio setelh usia kandungan 4bulan
agusfitasari,aku aja program pake folamil genio
finanuraeni715,"bukan penyebab folamil genio, bukan rejekinya aja mba, semoga scepatnya dikasih lagi aamiin.."
bilqisaquina26,aku desember keguguran ... februari dah hamil lagi ... kt dr kl hamil lagi harus minum penguat tp aku cm minum folamil alhamdulillah dah 5bulan skrng
ezhaselviani,"waktu hamil 4weeks sama obgyn, dikasih folamin genio sama microgest (penguat kandungan)"
tarishasaid,"aku dlu awal hamil minum folamil genio 2x1 + penguat 2x1 krn riwayat keguguran janin tdk berkembang, nih skrg anaknya udah umur 2thn hhe"
ikhaanjanie88,"makanya aq mah ga mo banyak minum vita
min ckup dr dokter aja"
dealfarez,"bukannya folamil genio juga resep dari dokter, aq dari trismester 1 dikasih folamil genio ama si dokter,Alhamdulillah debay q baik aja"
widyacahyanu,aku juga hamil 6 minggu dikasih resepnya folamil genio .. mungkin pendapat dokter beda beda
gekayudj,"persiapkan kehamilan dengan asam folat.. nutrisi..olahraga .. dan doa.. mudah""an segera di kasih kesempatan lagi.. semangattt😇😇"
safitrii.m,"folamil genio malah bagus, asam folatnya tinggi, selain DHA nya"
mutiarakhairunnis5,"saya dicek kehamilan usia 6 minggu sudah disarankan minum vitamin kok sama dr, di usia 6 s.d 7 diganti sama folamil gold."
dinafitrya,aku dulu gitu sebelum hamil minum folamil Genio allhamdulilah lahir anak udah 2 sekarang
bundafathan14,"q wktu hmil ank 1 jg minum folamil genio...bkan dr dokter tp saran teman yg prnh cb..
alhamdulillah ank q lhir slmt n sht"
novema244,ak di kasih folamil genio sama spog dr masih awal2 kehamilan dtmbh Ossoral... hamil 1-3 sama semua vitamin nya..
nanikh10,coba cek ACA kak.. aq keguguran 3x tnyata kekentalan darah.. alhamdulillah skrg anak aq udh 2 tiap hamil harus suntik
itsyolindacin,Aku keguguran 2x uda cek lab semua2nya bagus Gatau Knp🥲
novisimbolon06,aku jg minum folamil sehat2 aja bayiku
mandastore10,"gara2 dlu di bully dokter Krn lemak ku tebel jd susah pas USG jd takut hamil ke 2 ke dkter itu lagi, kek nusuk bgt kata2 nya, susah loh kurus tu🥺"
nittas665,waduh aq dr bidan dikasih vitonal.genio.
akusiska188,"ku dari awal tau hamil, dr udah saranin minum folamil genio karena ada asam folat yg bagus buat perkembangan janin"
yaudahiyaaaaa09,aku minum FG pas udah 4bulanan bun
haiiomang,"aku yg tiap periksa gk pernah baca merk vitamin nya apa krna beda""
aku cuma tau di kasi 2 jenis pil vitamim+tambah darah😭"
nazmaghania22,aku dari hamil 5 Minggu di resep asam folat sama penguat kandungan baru deh pas udah 12 weeks di ganti asam folat nya pake vitamin folamil Genio
novi.saragih,iya juga sih kata dokter nya. aku dikasih folamil genio setelah usia kandungan di atas 6 bln
miawmimiw,salah obat siii tepatnya mungkin katanya
wuland383,"aku juga pernah 2x keguguran tp bukan gr"" minun folamil, malahan kt dokter bagus kok konsumsi folamil genio"
bee20012,Semoga cepet hamil lagi ya ...semangat untukmu dan untukku🥺
whoam_i69,Folamil Genio setau saya paling tepat dan bagus d berikan saat usia kehamilan masuk trimester II sampai menyusui...semoga para BUMIL semua sehat 😊
bundaeska,"aku mulai minum folamil genio dari usia kandungan 3minggu alhamdulillah baik baik saja,,malah sampai menyusui masih minum"
novieumboh10,Saya usg pertama hamil 5week baru keliatan kantung aja tapi dokter kasih vit nya folamil genio
bungaeshan,awal hamil anak pertama obat2n sekantong kresek vitamin tambah darah DLL sampe mual alhamdllah anak lahir sehat 🥰
taniavee3,aku pas usia udah jalan 8minggu masih kantong aja kak. aku minumin susu Anmum aja sama minum obat dr bidan. pas USG 13mg udh ada janinnya
bhonitha12,Doktrnya nyalahin produknya g sih pdhl itu belum jd rejeki kakany
ineelritonga,@ekosetiawanspog gimana dok penjelasannya?😅
fitriyaniekowati,ak dr sejak promil dikasih folamil
stennevia,aku pas 7/10 Minggu dikasih folamil Genio ka . kata sodara sodara aku folamil itu bgus kok. setelah folamil Genio aku dikasih yg folamil gold.
lestari644,aku usia 8weeks kmrim dkasih vitamin folamil genio smpe skrg mnum it
sanas086,Aku dari awal hamil dikasih folamil genio kak.. sama obat penguat kandungan.. dikasih vomceran juga buat mual muntah..
apalohkamuu,aku malah disaranin sama apoteker aku suruh minum folamil genio oada trimester 1 dan 2 terus di trimester 3 ganti folamil gold. katanya kalau udh minu
aisyahanandita01,hamil 2 minggu juga dikasinya sama dokter folamil genio . sampai anak ke 3 juga pakainya folamil genio .
carlanewacc,selama hamik vitamin dan obat selalu dr resep dokter g pernah beli2 sendiri
miftahulsyahidah20,"saya dari awal hamil sampe lahiran minum folamil Genio ko, TPI Alhamdulillah anak saya baik2 aja"
rakarafa2528,dri anak pertama smpe ank kedua minum folamil genio tpi konsumsinya pas 3blnan alhamdulillah anakku smua sehat.
rindhafiohananto,ak dri awal tau hamil pas umur 6 minggu sama dokter malah dsuruh minum folamil baru pas masuk 10 minggu sama dokter d tambah vitaminnya
tauruss257,pernah juga dl hamil bru keliatan kantung ny ud di ksih folamil trus mual ak nya gk cocok jd sama sekli gk aku minum 🥺
vianiokti,tp iyasih waktu hamil pertama aku juga di resepin folamil genio di usia kandungan 7w setelah rutin minum itu pendarahan di 12w
i.s.n.a_3n14,"rahimku sensitif, jd awal hamil hanya asam folat,, jalan 4bulan asam folat+penguat kandungan+nulacta 2hari sekali... baru jalan ke 5 dikasih folamil"
raisaputri4882,"yang aku rasain sih klo janin masih kcil sblm 4 BLN keatas jngn terllu bnyk mnum obat""an sih..cukup vitamin penmbh darah mknn bergizi terutama itu ckp"
aquarius020222,Folamil genio sama blackmores pregnancy apa beda nya
mutiaranugraha,folavit jga ckup kak.. sama jangan mau usg transvaginal..pngalaman keguguran 2x soalny gara2 usg transvaginal
niesaniz,ak dr tau hamil minum folamil dan dok 1 gpp ok.. dokter lain gpp tp ktanya lbh baik minum vitamin yg kandungannya sendiri2..
kintanaputry7,Trus yg rekomendasikan vitamin itu siapa mom?
mardiantrii,awal kehamilan smpe TM 2 minum asamfolat...baru folamil genio
kyna.hijab,"kalau keguguran berulang harus cek darah sih, ada virusnya apa engga [weep]"
debby_damanik,Aku dri awal periksa lngsung d ksh folamil genio
tukangseblakkue,"awal kehamilan ada dokter yg cm ngsh penambah darah doank, ada dokter lain yg ngsh penguat kandungan+folamil genio.intinya trgntung kondisi dan dokter"
ayuchayra17,"lah dokter ku dr awal telat haid aja ku dikasih folamil Genio,, sampe skrng usia 6 bln"
mayaardynt,aku dari usia kandungan 8 weeks udh minum folamil genio karna alhamdulillah ngebantu bgt buat redain mual dan kata dokter bagus kok
rinarachma30,"jgn salah paham sama suplemennya ya, ga bahaya cuma kaya belum dibutuhin banget, minum yg pyur asam folat doank pun udah cukup kalo di awal kehamilan"
adevaamahera,"aku dl jg GT Bun awal tau hamil minum itu tp hamil y GK berkembang akhir y d kuret. dan pas hamil lg aku minum folavit, Sem ke 2 aku baru minum folami"
shaufinaamin27,kk ku malah disruh lgsung mnum folamil Genio.. dan gak ada mslah apa apa
ofie.s,semangat 💪 aku pernah di posisi ini. sekarang sudah ada 3 bocil walau diuji lagi 😁 jadi yg hidup memang mulai anak ke 3
ayy608,aku juga pas masih kantong di rahim di kasi folamil genio terus usg lagi krna udah mulai mual parah di sruh berhenti krna folamil mengandung zat besi
ceritakia,"eh maaf nih, justru saat saya blm hamil"" dikasih folamil genio sama bidan saya konsumsi 2 minggu Alhamdulillah saya positif"
ceritakia,dan bidannya jawab yaudah bu udah bagus ifu vit lanjut kan ya bu
maharanialiawati,kegugurannya bukan krn folamil...tp pas sy hamil kedua periksa awal blm ada kliatan janin dsuruh berhenti folamil genionya dl...nanti bbrp kemudian br
maharanialiawati,minum yg folamil genio...tetapi memang takdir calon anakku cuma 6 minggu aj...klo vitamin hamil misal mau minum yg awal mending murni asam folat dann
ayuwandira_95,"aku dri awal kehamilan smpe skrng udh 6bln kehamilan , vitamin yg aku minum sih prolacta for mother., puji Tuhan ank aku sehat 🙏"
nayudra,"Maaf mbak, klu bs tes TORCH aja, soalnya klu folamil genio kyknya enggak. Ak mlh dr sebelum hamil dah minum vitamin ibu hamil krn badanku jd sehat"
dellanurmeilasari,aku dari pas tau hamil USG awal dokter kasih folamil Genio kok nyampe 9 bln
ddsri93,Bukan nya d folamil juga ada asam folat dan kandungan vitamin lain nya ya ? 🥺 Aku lg hamil muda d anjurkan minum itu sma doktr
sebtasebta,"Lah aq bis kuret, promil sm obgyn ku dsruh rutin konsumsi folamil genio malahan selang 5 bulan dr kuret alhamdulillah sekarang lg isi 12 weeks"
siapayaaaa151,"aku yang takut minum vitamin, tanpa anjuran dokter/bidan. lbh baik susu bumil dulu aja kalau blm direkomendasii vit sama bidan/dokter. takut salah"
kembhangkhantipja,asam folat biasanya SDH yg paling tepat obat dr bidan/ dokter biasanya
blaueschmetterling,lho aku sama dokter waktu usg awal 5 minggu di resepin folamil genio malahan 😂
nay_995,Laah Aku ini lagi bayi tabung Dr belum hamil aja udh di resepin folamil genio 😳
husnana635,"😊😊😊aku Sudah pernah keguguran diusia 6weeks Tanpa kuret,dn obat hbis trus promil slma 3 bulan(vitamin)
dikasih asam folat lupa nmnya warnanya"
husnana635,"keungu2 an,krn pas keguguran LDR sm suami dn kbtulan suaminya pulng 3bln kmudian dokter nyaranin untuk minum it meskipun haid😌 dn stlah obt hbis dtg"
marthalilova_9nipar,"aq promil pakai folamil genio, dselag selingi dgn folavit jg. eh pas hamil malah mlas konsumsi kedua obat tsb, krna trasa enek. smpe dr ikut heran."
lennyfitria,gausah ke dr itu lagi. folamil genio itu multivitamin yg udah cukup untuk bumil meskipun masih tm 1. dan ada tambahan lainnya bila diperlukan
elqwba,bukan nya sblm hamil pun disarankan minum asam folat
delliarosadewi,"dari anak pertama sampe ke 3 minum folamil Genio terus ,kata dokter ku malah bagus"
user8178807599454,buat pelajaran aja mbak jgn pernah dengerin anjuran orng lain kecuali dokter kandungan mbak
itsmerida2020,"Ya Allah yang sabar mba, saya jg sudah keguguran 2x skrg sdg hamil lagi 12 minggu.. dlm setahun sy hamil 3x .. agak khawatir krna pernah kguguran 2x🥺"
paozie92,😳ak dr awal minum vitamin folamil genio Alhamdulillah dr anak pertama smpe yg ke 2 ini gak pp
bocileem,loh ak jg blm klhatan kantong janinny dikasih dokter folamil genio dan microgestan (penguat kandungan) biar g keguguran lg
kolor.iijo,"dokter ku cuma kasih folavit pas 6wek.. gk kasih vitamin yg lain.. alhamdulillah sekarang udah 31wek fitamin nya udah macem"".."
mlriafiz_,"sodaraku minum folamil genio dr usia 3bulan juga aman bgt ko bun,kalo aku pribadi konsumsi folamil dr usia 7bulan"
neti_zenzen,"memilih dokter yg baik itu menurut ku penting bngt sih, bukan krna sekedar murah, banyak dokter yg ngga bikin tenang pasien soalnya"
dirahasiakan56,"dlu prtama kali hamil jg susah bgt nyari kantung kehamilan smpk perut di pencet2 sm alat smpk kesakitan&dr blg ""jgn tahan nafas"" trs galama keguguran"
dirahasiakan56,lalu hamil kedua msh penebalan dinding rahim dr nyaranin buat mnum folamil genio tp kata suster nya gaush dlu bli folamil genio krn bkm tntu hamil-
bunanyaaydin,"Pengalaman hamil saya yg kemarin folamil genio dikasi pas trimester 2, trimester 1 doktor ngasih yg hanya untuk tm 1, lupa namanya apa"
nckprtw24,"sampe 3 bulan minum penguat kandungan, folamil pas udah 4 bulanan"
ni17gita,Gw dr 5 mgu dikasih folamil genio sm penguat janin
poppysoebagyo,Aku dikasih resep folamil genio baru pas usia kehamilan 8 minggu
bia01262,Aku dr pas tau testpack positif lsg beli folamil genio. Nungguin 2 minggu baru usg biar kelihatan janin. Aman aja kok😂😂 udah usia 20w ni skrg
nurulchasnah4,kupikir hamil tu mudah ternyata susah😭😭
ge.agatha,"saya malah habis kuret yg ke 2 disuruh SpOGku neruskan minum folamil genio, sekrang udah bulan ke6 pasca kuret tp blm isi lg 😁"
devinovita156,"dari pengalaman aq hamil, dari usia kehamilan 4minggu sama dokternya dikasih obat penguat kandungan dan folamil genio"
simpang_siurr,"coba bun yg keguguran berkali-kali,maaf..klo bsk isi lg cb diurut bun dibenerin perut ma posisi janin..klo didesa masih ada tkg urut yg pinter,klo"
alfianna560,apa kabar aku yg dari awal haml malah dikasih dokternya folamil genio🥺
silviaaa456,aku awal hamil minum Blackmores prenancy buat penguat kandungan jga udh paling bagus dsaranin bidan aku
resii010,menurt aku sih BKN krna obat folamil Genio sih .. aku malah minum itu pas 9 week dan gpp tuh... 🥺
dapurwanarahmi,"sebelum hamil sampai hamil selalu rutin minum asam folat aja, setelah TM2 baru diresepkan vitamin sama dokter"
l.activity,Bukan karena folamil genionya mbak. Coba cek lab lengkap mbak. Semoga mbak diberi kesehatan & kekuatan 🤍
mtikaw,"folamil genio bagus sis, ga ada hubungannya ama keguguranmu. aku sudah keguguran 4x, pdhl negative torch. skg sruh test auto imun 🥲"
dolphino_pino,ku minum folamil sebelum hamil sampek lahiran.. mungkin emang udah takdirnya bun. trs mending bunda kalo hamil lagi pindah dokter aja
annisajumiati,aku juga dikasih folamil genio setelah usia 3 bulan
indahdamaiyanti92,pas aku hamil anak pertama usia 5minggu diresepin folamil genio sama cal 95 jadi anak kedua aku terusin aja beli folamil dan cal 95nya
aqillaputri353,"aku apoteker, prnh kerja sama bareng obgyn.. sering loh awl hamil di ksh folvit ato folamil dn bys nya di tmbah preabor ato utro bwt nguatin kandungan"
ruthdamayanti08,aku minum fg tru keguguran mbak 🥺
se_norita009,"kyknya karna dokternya deh, aku pas awal kehamilan malah langsung dikasih obat folamilgenio dibilang malah isi kandungan obatnya bagus untuk awal"
mamahgavin14,aku dr awal hamil minum folamil genio bun alhamdulillah anakku sehat gk ngisutin jg ..
suci8365,Ak yg sebelum hamil sdah habis 1 botol folamil genio 😳
lililarasati5,sya punya riwayat ke guguran pas tau hmil lg tp msh penebalan dingding rahim sya di saranin minum microges buat penguat dan alhamdulillah..
aaprilyani,"asam folat pada folamil itu bagus sekali karena awal kehamilan yg dibutuhkan hanya asam folat , sayuran hijau dan buah kata dr aku ."
marshaaaa30,Aku dikasih folamil genio sm dokterku di RS Bunda Jakarta kata dokterku bagus minum itu
jajananbundatammy,"prasaan aq minum kaya gini pas 3blan, hrus nya semester 3 ya... anaku aktif bngt tapi skrg ga mau diem... 😂😂😂"
bundahilal14,Saya jg bgt mbak.ada 2 dokter dan salah satunya sama sprti mbaK..Tp alhamdulillah saya periksa lg d dokter lain dan alhamdulillah janinnya sdh kelihat
mixedberry__,Folamil diminum pas blm hamil jg bolehhh padahal 🥺
diahamelia.m,"aku mulai dari 4week belum USG Udah minum BM, alhamdulillah pas USG 9week udah ada janinnya. asam folat bgs bgt utk awal kehamilan🥺"
flshlght,"Folamil genio kan udah ada asam folat, kemarin aku nanya sama bidannya sendiri gpp dan juga gak ada mual juga sih pas minum itu karena kan harusnya"
flshlght,"Kalau kehamilan 5 minggu emang belum bisa keliatan apa2 bunda, biasanya pasti bakalan disuruh kembali lagi di minggu keberapa gitu."
airasilaban,kayaknya itu dokter lulusan baru atau bgmn
itsmarsha05,aku promil pke folamilgenio.. alhamdulillah berhasil. trs tak lanjutin trs sampe habis lahiran
duri_seram,ambil pelajaran kak.. semoga kakak kedepan d kash dedek lg sama alloh dan sehat panjang umur. aamiin semangat kka
cirarigan,Folamil disarankan saat umur kandungn 4 bulan keatas bund
ummua4_1515,folamil Genio benar kata dokter nya d minum bagus tapi ketika janin sudh telihat sekitar 12w
babyviaaaa,Aku awal hamil dikasih gestamin aja
kaniasheillaanggr,aku hamil dua duanya dari awal di resepin folamil Genio...bahkan Sampek hamil tua juga... Alhamdulillah semua baik baik aja..🥰
widyanandalestari,tpi kmaren dokter aku juga saranin minum folamil genio atau blackmores nunggu usia 3 bulan dulu...
vikashiintaa,folamil isinya asam folat. malah baiknya dinkonsumsi 3 bulan sebelum hamil saat merencanakan kehamilan 😌
ikee_cilum,"plies klau nyari dokter hrus bnr2 bikin kita fine.. ak pernh diposisi gtu hamil 14week dibilang g hamil, dibilng terlalu brhrp pndah dokter emng hamil"
saritemu7,padahal kandungan asam folat di folamil genio lebih tinggi lo dari pada black mores dll.
liakodari,"temenku malah di anjurin dr sebelum hamil minum itu bun , riwayat keguguran jga"
rahmasaddam2,saya juga dlu baru 5 Minggu kantong doang. tapi dokter bilang asam folat jangan lupa diminum
mawarshopid,team yg minum obat selalu berdasarkan resep dokter 🖐️apapun itu mau vitamin mau penguat
sfmakeupp,Lah. aku USG pertama telat 3 hari rahim ku masih kosong gak ada apa apa di kasi folamil Genio kok. Alhamdulillah bulan depannya udah ada kantong.
user81558515,itu kan ada besokannya..jadi bukan karena dokter. mungkin faktor lain. coba periksa lebih detail karena sudah 2x keguguran.
wina_nafiantika,"besok kalao hamil lagi sblm periksa nyari info dl dokter kandungan. 😊
semangat kakak!!!"
mayawinarti.81,"aku sbelum hamil mnum folamil smpai lahiran,krena untuk mncegah preklamsi ke 2..."
ratnadewi796,aku pas tau hamil langsung di kasih folamil genio tp kata dr. ku ga apa² aman² saja 🥺
milsyifa,saya pertama USG Uk 6 mgg langsung di resepin folamil genio bu sma dokternya..
racunbykei,"benersih emng, saya waktu hamil dikasih folamilgenio pas hamil 4 bln"
ikaseptia952,aq dri awal ketauan hamil mnum fol.genio smpek mau lairan eh baby jumbo jadinya😂
sheisna98,kaget soalnya aku juga dari awal hamil minum folamilgenio😳🥺 tapi kata bidanku gapapa
gg_018,"awal hanya disarankan folavit ketika janin sudah berkembang dan lengkap bru bisa minum folamil genio,yg penting vit dan susu digenjot tm1 nya"
mayatyas23,"aku kan obesitas nih, dn skrng lagi hamil 22 minggu, dari minggu ke 5 wktu udh kelihatan kantung babynya udh di ksh folamil genio sama dokter ku..."
jesslynwijaya10,folavit aja bundaa
anitaimroatul,kalau promamil gimana ya
1nay98,Tim obat dari bidan 😭😭
irfan_umma,aku baru aja ngalamin gini
eni_uc,lah aq malah d kasih folamil genio dari awal ..😳
cepurit,saya juga minumnya Folamil Genio karna gak cocok dengan pil +Darah. Alhamdulillah sekarang udah 5 month
liameel_,folamil+ttd ya bund?diminumnya waktu kapan aja?
entah901,"dari awal kehamilan ,dr selalu menyarankan dg resep dr saja ,saya ndk brani mnambhkan obat lain ,paling brani susu saja 🥺"
jnp181,"lah aku justru dr pas tau positif di usg baru 4minggu, lgsg ke apotik beli blackmores. biar jaga2 aja soalnya sempet kosong lama"
ineelritonga,@dr.stevenspog gimana dok penjelasannya?😅
diyah.cibi,can asam folat sih disaraninya biasanya. tp keguguran juga bukan karena folamil genio jg
citrahayuningrat,Aku 5minggu cmn dikasih microgest aja krn msh kantung doang blm ada janin. Pas 7 minggu baru dikasih vit kehamilan krn udah ada janin dan detaknya
endut_nguliner,mungkin dokter jadi nasehatin gitu karna sdh bantu usg priksa konsul knp pakai obat diluar resepnya
tutiwidyawati7,aki dr awal usg ternyata bnr hamil langsung dikasih folamil genio alhamdulillah skrng 14week sehat..
abcdfu124,tapi aku waktu hamil 5 minggu langsung disarankan bidan minum folamil genio loh
mamazs02,sy ank prtma smpe ank kdua pas test positif lngsng dksh FG.. Alhamdulillah dah pd gede2..
mrschussyyw,Inget ya ibu” butuh bgt cari dr yg ramah care dan sesuai sama hati bumil biar kesehatan mental kalian kejaga 🥺
buahmanisssss,"Tm1 asam volat aja , tm2 baru dikasih folamil genio sma dokter 🥰"
lia_arst88,"Yg blg awal2 mnum asam folat, folamil genio itu kandungan ny ada asam folat ya. kalo untk folamil gold asam folat nya lebih tinggi dripd genio."
desitalinda07,dokternya gag salah kok. di awal kehamilan seharusnya asam folat. nanti usia kehamilan masuk 8minggu baru folamil Genio.
akubahagia480,folamil ada asam folat diminum awal trisemester. kegugurannya bukan karena folamil deh. aku hamil 2 anak usia 1 n 2 bulan dikasih folamil
leha_1101,"yuk hidup sehat ka . makan sayur dan konsumsi lbh bnyk air minum, jgn makan2an instan, sama minum jamu alhamdulillah aku kuret dua kali juga"
dara_r05,"aku rindu Hamil kembali, semoga Allah mempercayakan buah hati yg sholeh"
miraalfarizi,"aku awal minum folamil genio hmil masuk 5 bln,skrng udah 6,"
drlukluk,"as.folat atau vitamin apapun hanya diperlukan kl asupan tdk cukup. krn biasanya saat awal2 kehamilan,ibu2 suka mual,biasanya asupannya kurang ato"
hanizalwahzia,aku dr awal hamil SMP skrng dksh resep ny SM dokter folamil Genio bun
ammy.abii,"maaf mbak sekedar share pengalaman, saya program jga minum folamin genio lo, trus usg jga dokter juga anjurin lnjutin vit ya n alhamdulillah udh 3th"
anakgumbear,"tm 1 sih minum asam folat sama penguat kandungan itu aja sih kalau aku, udh usia 4 bln baru d kasih vitamin2"
mamamudaa186,"Aku d saranin dokter folamil genio pas dh keliatan janin , nebus obat aja dksi dr dokterny folamilgenio 10bji haha"
oktaviaputriiii,sblm hamil ga konsumsi vitamin macem macem. cuma afolat. stelah itu br ikutin resep dokter.. karna kondisi kita yg beda beda bun. semangat para bumil
nikinonita__,tpi dr aku ngasih folamil genio itu pas udah masuk tm2 .. katanya buat pertumbuhan otak .. kalo pas tm1 dikasihnya vitamin yg asam folat ..
si_diahsa,mungkin beda dokter beda resep... aq awal hamil dikasih folamil yg platinum masuk ke 4bln gnti doc. ksh yg folamil genio.. sehat selalu kak
dagdifamily,"sama, dari awal tau hamil langsung minum folamil, alhamdulillah anak2 sehat semua"
fym800,"bner aku dijawa blum diksh folamil genio umur 5 mgg.. eh pas merantau, di tmtp yg minim dokter kndungan mlh di ksh folamil"
ychaeeunni_,"awal hamil usia 5 Minggu AQ Cman ke puskesmas aja, di Ksh kalsium, tablet tambah darah sama obat mual , trus di saranin minum folavit aja bund.."
geminii12_12,aku juga waktu itu hamil 4 minggu bidan tanya konsumsi apa . folamil genio malah katanya bagus . aku gajadi dikasih vitamin dari bidan😳
meypts_,"ga ada hubungannya keguguran sama folamil genio bund, mungkin faktor lain"
hijabmodern,minum folamil dulu pas udah masuk 7bulan 🥺
lendutz,"sakit banget ya bund...kalo Qt sdh berjuang, & penantian lama ketika ada tanda² trs USG dibilang katanya GK hamil krn hormon 🥺"
mamahelrayyan,kalau udah mnm folamil genio blh mnm asam folat lg ga s?
liameel_,folamil aja udah cukup bund karna kandungan asam folatnya 1mg
sahirazr27,aku selama hamil cmn minum promavit ga aneh2 makanyan yg bergizi cukup
ellen.c.o,"aku hamil 5 mggu mkn folamil genio anak 1 dan 2 puji Tuhan shat, normal, bgus kok, kok sma dr ny ga bole ya pdhl ak jga konsul ama oby mala di rekom"
nadyastenify,gue dr awal hamil mnum folamil genio aman kok😁
anggun_pierro,aku USG pertama pas 6week br kelihatan kantong di ksh folamil Genio .. Alhamdulillah pas 11week janin udh ada sehat...🥰
janisya_zahsy,"aq setiap hamil minum folamil genio, alhamdulillah sehat"" trs anak nya"
gemoy2729,q usia 5 minggu udh minum folamil genio mba
dwipratiwiadn,"iyasih tri 1 aku jg dikasih asam folat aja,khusus asam folat sm makanan yg bergizi. kalo vitamin sejenis folamil bukan gblh diminum,klo awal tkt mual"
takuttambahdewazha,aku tim langsung sakit pas minum folamil genio🥺
raniaxrania18,"Kalau aq sih ya ketika tau + tp blum sempet usg, minum prenagen esensis aja dlu, vit lbh percaya klau dkter obgyn yg resepkan🥰🥰🥰🥰🥰"
kzn422,sy 3x hamil 5 Minggu langsung d kasih folamil Genio sama dokter..karna mabok parah.gak ada makanan masuk.muntah terus..mbaknya yg sabar semoga segera
kennymeiliza,aku dri baru tau hamil lsg mnum folamil. bahkan pas cek dktr pun menyarankan dilanjutkan pakai itu. 🥺
hasanthecat,Aku dr awal hamil 5 weeks udah disuruh minum folamil genio. Sbnrnya itu kandungannya bagus bgt buat bumil jd lbh baik kl dpt dokter gini pindah aja
amanu12348,"tmnku pernh keguguran 2*,trs dia konsul sm doktr dan terpntau smua dr obt dan vitamin ny.alhmdulillah tumbuh sehat slmt smp lhrn"
na2jaboy,benerrr...dokter kndngn saya jg blng gitu kdng kita suka mande2 sndri
alesyiashanaya,Spog sini malah nyaranin folamil genio sejak tm 1
hayouura,aku pas awal usg usia 5w dikasih obat penguat kandungan krna sambil krja. hrga lumayan tpi demi anakku🥺
rianaazhr,Kalo aku pas awal hamil minumnya blackmores ifolic trs pas udh 14 minggu ganti folamil genio gitu 😬😁
tirssyaa28,"folamil genio kandungan asam folat nya kurang ka, mending diawal kehamilan cukup makan bergizi, minum asam folat 500mg, sma penguat kandungan"
_nno92,Folamil genio itu gpp buat persiapan hamil karena ada asam folat dll nya jd kalo nnt ada bayiny udh terpenuhi. Turut berduka ya
gugfuii,"Gue anak 1,2 dan skrg hamil ke 3 minum folamil genio dri tmt 1… malah dd tambah sehat,,, klo keguguran lebih ke takdir sih mba"
febrianirr,"Saya malah sebelum hamil pas lagi program malah di kasih folamil genio, itu kan suplemen"
dinda_chipit,"seperti yg q alami skrg Bun😢.
q sudh Prnh keguguran..
skrg q LG hamil 5minggu,udh cek Bru ad kantong j.😢
Jum'at q ngluarin darah 😢 dokter kash obat"
ndnadineee,folamil isinya afolat gak sih?
evafitria66,aku dari sebelum hamil udh konsumsi asam folat
susan_avelin,dari awal minum folamil genio alhamdulilah udah 5 bulan
nurulmanzila,"aku dari anak pertama sampe anak kedua awal hamil aku minum folamil kok alhamdulilah sampai skg anak aku sehat"" semua"
zr.sep,ak sempat kuret. trus utk mempersiapkan kehamilan selanjutnya dokter menyarankan minum as folat 1mg dan ak minum folamil genio.
sansanti.91,"folamil genio itu multivitamin, sbnernya bukan gak boleh itu bikin mual krn ada zat fe nya, awal hamil kan pasti mual, dtambah minum itu makin mual.."
andaramaheswari,"katanya kalo msh TM 1 cuma butuh asam folat aja buat pembentukan, nanti TM2 TM3 beda lagi vitaminnya,tm3 ada DHA kalsium laktasi gitu"
estikapretty,"saya pernah keguguran 3 kali dan hamil ke 4 alhamdulillah sudah lahiran skrg baby 7bulan dan nyusul hamil lagi, jangan patah semangat mbake"
lusihariati0,"aku dari awal hamil resep dr FG.. gpp pdhl UK masih 4 minggu.. ganti dr aja,, klo aku 😂"
vrasusanto,yang sabar mba aku juga hamil anak ke bb aku 95 kg tus di dokter tahu saya punya riwayat k guguran di kasih penguat kandungan
rizka_v20,aku yg dri hamil 6 week - 20 week minum Folamilgenio Alhamdulillah ga knp2. padahal 6 week blm USG baru USG pas 14 week.
chinthiacrp,"Folamil genio kan asam folat, konsumsi asam folat malah disarankan dari sebelum hamil loh😌"
malanokomala,hamil pertama vitamin folamil genio sampe brojol alhmadulillah itu recomended dokterku. skrg hamil kedua folamil lagi
alvindranurlaelyw,tu dokter lulus koas gak sih???😳 saya hamil 5minggu malah dikasih obat geonino itu pdhl 5minggu baru kantung juga
lala89892,cek lab bun.. folamil gada hubungan nya kok. keguguran berulang mah biasanya virus TORCH silahkan cek darah d prodia atau lab lainnya
evadeviyana,"aku lg promil dksh nya juga folamil genio sm dokter , dokter bilang d minum stiap hr smpe nt hamil bhkan smpe lahiran"
arkayudhistira23,"aku folamil genio dr hamil 4 weeks, alhamdulillah sehat2 aja. sekarang dah 1 tahun usianya, aktif anaknya"
fajriahcucu,aku 2x kguguran 2x kuret jg bun.. udh prnh cek tokso belum?
deefarhany,Aku selama hamil minumnya banyakan folavit tapi alhamdulillah anak lahir sehat
umi_adreena,aku dr hamil pertama udh minum folamil genio. dan ini hamil ke2 juga minum folamil genio lagi. dokternya bilang ga papa lanjutkan saja
primrosesther,Biasany kalo berencana mau punya baby makan i folic dri blackmores
hadukamekame,"aku hamil usia awal bgt gt biasanya cuman ditekenin asam folat, sama penguat dan tambah darh"
sushiymate,"aku waktu usia 5 minggu dikasih penguat janin, abis itu setelah 8 minggu bari dikasih folamil"
kepodehyahaha_,aku dari awal hamil 4 minggu di kasih dr obat folamil + blackmories itu bguss buat perkembangan nya
dewi_paesageng,"sy minus folafit. eh susu esensis 🥺, tp kok g ada garis 2"
nikkykegen,5 minggu tu telat 5 hari ga si? Kalau siklus 30 hari
panggil_erf,mau sharing aja jd diusia khmilan smpai 8week yg dbtuhkan asamfolat 800mg stlh itu 400mg smntra difolamil itu dbgi bnyak vit & mmg bner ya bun itu tdk
__ssdfgh,aku dulu ketauan hamil usia 4 minggu. ada janinnya setitik keliatan... lsg resepin folamil genio kok dan duphaston (penguat kandungan)
lulaalfayds,"pernah dapet dokter gini tapi emang dokter nya pro real food dari pada obat2an, emang beda dokter beda penanganan"
zavierammaralfatih,aku makanya pas hamil sesuai resep dokter aja paling tambahannya beli susu hamil udah..
khodel86,"Awal hamil ak cm dikasih penguat, folamil genio dikasih pas udah masuk usia 10 minggu setelah janin keliatan, tp emg dokter ku jg blg gitu kok"
rinafebriani24,"Kalau keguguran di hamil muda jangan sering naik motor, harus istrahatin dulu. soalnya aku jg hamil pertama naik motor terus keguguran kak, krna kita"
pemilikmatabelo,"aku pas tau garis 2 samar langsung minum folamil genio, dan seminggu kemudian USG usia 5week masih minum folamil sehat² alhamdulillah sampai lahiran"
sundari_sultan,"ya Allah aq malah disuruh dokter minum folamil genio saat blm kelihatan janin msh usia kandungan 5 minggu, sama bgt besoknya aq keguguran 🥺"
tary_ku,asam folat ttimester pertama.folamil genio trimester 2&3🥰
wti_98,"saya dari 6week minum nya folamil Genio dan obat penguat microgest 100mg ,itu udah resep dari dokter ..
Alhamdulillah sekarang sudah 4bulan dan sehat"
scaravii,"minum folamil genio gpp kok walau masih uk awal tp ya gitu mubazir aja kandungannya nnti akan kebuang sia"" krn janin belum mmbutuhkn selain asam folat"
ariandani2,"Sy pertama cm minum folafit yg satu pepel harganya 12rebu smpe 3 bulan, pas minggu sgtu emng jarang yg bs kliatan langsung baiknya USG transvaginal"
nabillaapriza,dari awal hamil pake folamil genio dan dokter juga bilang bagus lanjutin aja vitaminnya
christinewidiawat,tapi hamil di anak pertama dan kedua setelah garis dua lgsg minum folamil genio lnjut gold kok janinku sehat ya??
sepitamagda,Emang bener sih kalau janin masih umur segitu sebaiknya minum vitamin yang dianjurkan dokter kalau udah masuk trimster 2 baru boleh
meymoetzbgt,aku pernah ngeflek baru dikit c langsung ke puskesmas. Dikasih vitamin katanya penguat janin. Eh besoknya malah keguguran keluar darah banyak 🥺🥺🥺
hafiz13113,"qodarullah. hamil kedua kguguran, stlh mnum folamil. pas hamil ketiga sy tnya apa boleh mnum folamil. dokter jawabannya persis dgn ini,"
dyahyah15,makasi infonya kak bisa buat pelajaran nanti
riskadwiyanti14,"aku pertama kali periksa spog dikasinya obat buat nguatin placenta dan rahim soalnya pernah keguguran, dan minggu ke 10 periksa baru dikasi folamil"
rakadewachannel,sy kalo ga cocok sm penyampaian dokter nya pindah dokter smpe menemukan dokter yg nyaman utk sy ajak konsultasi..hamil ke 2. udah 4 dokter
anaksiapaakuya,Folamil genio gak boleh di konsumsi dari awal kehamilan. Lebih baik folavit yang asam folat nya lebih tinggi.
onyx5533,"aku tiap cek ke obgyn,ibu bebas pakai vitamin apapun,krn sy tidak dibayar farmasi manapun,dan kl cek berikutnya cuma tnya ""vitamin masih?""😁"
atetateta,"aku juga pernah keguguran, kata dokterku keguguran itu emang ada kromosom yg gak bagus. karena emang posisinya aku gak kecapean, ga salah makan dll"
huwaidasyari,folamil genio ga bahaya buat bumil … justru bagus.. dr kok bisa ngmng begitu aku 3 anak dr awal kehamilan minum folamil genio ko
aidarmynti,baru 5minggu sdh di saranin dokter folamil genio sm penguat kandungan
ayufhitri,"Aku setelah keguguran di suruh minum folamil genio sampai sekarang hamil sama dokter, tapi belum sempat usg. Moga bayi ku baik” saja🙏🏻"
ikwatusyao,"tp aq waktu USG tau hamil 6 weeks lgsg dikasih folamil genio+ penguat kandungan sama dr obygm nya gpp kok kak , Alhamdulillah sehat skrg 22 weeks"
y_nhiecuyen94,"saya juga kata dokter kandungan ga boleh minum obat vitamin ibu hamil atau susu ibu hamil, kita makan²an yg begizi aja sama es krim aja"
tralala0910,q jg dlu gtu bun dksih tw ma iparku dsruh mnum folamil. tp q tny dlu sm dr.pas usg.ktnya jg gt g bole dlu soalya msih kcil.ttp semngt bun🥰
eonniyeppo0,"Justru bidan ku nyaranin folamil genio , tapi krna udh masuk trim 2 ak ganti BM😂"
ameljumani,"kebanyakan orang di konoha suka ikut ikutan resep dari teman tanpa konsul ke dokter, padahal setiap kehamilan dan masalah rahim itu beda beda"
nasution068,alhamdulilah saya hamil g pernah minum vit ..cukup makan sayur daging ikan bakso dll ...alhamdulilah anak sy sehat.pinter🥰🥰
cuknell765,kak biasanya biar ketahuan positif itu brp Minggu yah
athunkarimah,"Folamil genio malah di anjurkan oleh dokter sy. dr nya bilang itu bagus, kandungannya lumayan lengkap. 🥰 semangat ya bun"
fenidwinatalia03,"setiap dokter harusnya beda onat biasanya, cm kalo mau mnum obat / pindah dokter bawa obat lama untuk ditanyain biasanya gt kak."
fikatulaidiyah,ada dokter spog bilang persiapan kehamilan juga baik hlo minum itu...😳
seshomaru.1,tapi aku hamil 4minggu diresepin folamil genio sama dr nya🥺
syahrul_siddiq9,"folamil genio isinya multivitamin + DHA
ada asam folat 1 mg yg bagus buat pembentukan sel darah merah, dan itu bagus,"
nella_uyeeee,klo q minum apa sesuai resep dokter..gk berani minum tnpa resep..
nv0305,"mgkn mksd dokternya minum penguat kandungan dlu, agar janin kuat dlu, maaf klo salah"
mbak.basreng,ini dokter beda dari yg lain😌 org rata2 awal hamil udah lngsung sruh folamil genio😌
user657467988336,aq minum itu wktu kandungan udah usia 3 bulan bun .. dan dokternya saranin itu sis .
nisalanisa8,Semangat bun.. 3hari yg lalu saya di kuret. Mari semangat dalam proses pemulihan 🥰
dididiitt,@Bidankriwil @Novelita damanik (bidan novel) bubidan baiknya minum apa kalo baru 5 minggu
cemarabiru22,"betul kata dokternya,"
yolanrino18,aku trimester pertama blm di kasih folamil di kasih promavit msuk trimester ke dua smpe ke tiga bru aku folamil
jule02030,aku usia 5 minggu dikasih folavit sm vitamin D3.1000 iu .. trs setelah 9 minggu dikasih folamilgenio sm vitamin D3 itu lg
noona1da,"aku malah di kasih folamil genio sama dokternya ,kan ada kandungan asam folatnya juga, Alhamdulillah gak Kenapa ²"
cheryyyss,Trs mksd dokter nya yg bgus vit apa???
buksyah,lah AQ malah disarankan minum asam folat semenjak tau positif hamil meskipun belum terlihat janinnya karena masih 5 week
zeeka195,Setiap org itu ga bisa disamakan.apalagi soal medis..dokter jg ga asal ngomong pasti..ada tanggungjwb n sumpah dokter..pasti ada alasan.
chokonia26,"Sy br hamil 4 minggu sdh mnn ini, umur 10 minggu keguguran"
biebiefebri,"Aku minumnya pas hamil umur 3,4,5 bulanan sih😬"
ayywlndr6,Aku hamil 4w dikasih folavit sm dokternya
fitriprihatin678,pas saya hamil 7w dikasih asam folat sama suplemen makanan
cowo_lugoe,"istri sy di kehamilan 2 minggu saja dikasih resep obat itu, alhamdulillah anak sy lahir dgn sehat dan normal"
apamaumu_0,kalau di awal kehamilan udah minum blackmores bagus gak sih?
dessyechi8,"aku selama hamil alhamdulillah aman
aku hamil dan anak lahir 2019"
1414tanjung,"aku tm 1 minum folamil genio kok gpp, mungkin bukan karna itu ya"
lindacapaae,Bisa jd janin ny g berkembg mbg bnyk kasus yg sprti itu. Q hamil 4bln g bs ngapain* alhamdulillah d ksih Dr folamil genio lngsug Vit bs aktivitas lg
bubu_ai21,fyi buat bumil folamil genio sngt tinggi as.folat. kl konsumsi fol.genio jgn mnum vit/susu hml yg tinggi as.fol krn klbhn as.fol ada dmpk negatifny
dessy_oktaviani,"Alhamdulillah sekarang udah 38w
dari awal sudah konsumsi FG Alhamdulillah bayiku sehat² aja
dan malah di saranin karena memang FG bagus"
aghnihonim,dulu q dikasih folamil genio hamil usia 3bulan dilanjut sampai menyusui
cipaaa.cipaaa,malah dokterku saranin folamil krna kndungan asam folatnya tinggi mana lengkap lg gk prlu mnum lainya😂 kli tm 3 baru cari yg omega 3 nya tinggi
itsmeanna084,"ada baik nya kita ikuti saran dokter biar bagaimanapun hnya dokter yg tau kondisi badan dan cara penanganan nya ,"
rizkioktaviani89,klo asam folat buat promil rekomendasi merek apa ya yg bagus.. anak pertama gak gak pake promil2an soalnya..
cadel727,folamil kan jk idah keras janin lebih 6bln wah smga ja konsultasi dokter lh hrusny jng dgr omongan tm bny soya kc ijo itu baik pertumbuhan madu juga.
nanonanoninda,Kalo ada riwayat keguguran biasanya selain asam folat dan vitamin dll dikasih juga Duphaston namanya😁
adsetiowinny,aku yg dr awal kehamilan malah diresepin folamil genio sama dokternya😳
ndyken,"Lah aku dr awal hamil sampai 7 blan minum itu, 7 bulan sampai melahirkan minum blacmores pregnant an breafanding alhamdulillah bayi sehat,"
sherlyeven,aq awal cuma minum asam folat aja pas 3 bulan baru folamil genio + asam folat
milimilhajhn,aku tm 1 dksh asam folat bund
lalapoohhy,lahh?? aku pertama usg usia 5mgg di kasih vit yg mengandung DHA sama dokter gapapa tuh😳
retnanihendra,ya Allah sama 🥺
ritaristiani0,aku sama si
amii_intoss,aku trimester awal minum nature plus yg folic acid sama vitamin dr bidan
catatanhatiku2,aku hamil dri umur 8 Minggu sampai lahiran mnum vitamin itu FG Alhamdulillah sehat smpai lahiran.
dtwins77,dari awal kehamilan minum vit asam folat dan penguat rahim.
sindikarizki,"dlu waktu hamil 4 mnggu periksa ke d dr.spog bkn je bidan .. tp sama dr.nya d sruh minun obat it.. Alhamdulillah gk knp"" sehat"
abidsyifa1,sy dlu promil di resepin dokterny mnum vitamin folamil Genio Alhamdulillah sy hamil Ampe melahirkan sht baby nya
echycieproet,saya minum itu dri semenjak hamil 1 BLN kaa
kokodarrell,"sabar ya mom,saya jg kuret 2x dan 3 x keguguran 💪💪☺"
thiena04,sy dr awal hamil smp lhran vit folamil genio alhamdulillah ank sy sehat2 skg mau 3
ptrikrstia_1409,tpi mmg setau ku folamilgenio diminum saat usia kandungan sudah 4 atau 5 bulan karna kan itu mmg utk otak ank semngat saya lgi hamil 8bulan
amihkenan,ak dr sblm hmil mnum folamil ☺️☺️☺️
polisidapur_,Aku dari awal hamil sampe usia kandungan sekarang minum folamilgenio ka ga kenapa napa alhamdulillah kata dokter anaknya sehat
mwgel_18,"penguat kandungan gtu, aku beli dan minum ,d usia 11 week aku USG tp d dokter lain alhamdulilah hasil nya bagus dan baik semua nya 🥺"
bundafaira2,"Aku kmren pas awal2 hamil minum asam folat aja trus pas 2, 3 bln an baru minum folamil genio, sempet cobain blackmories juga smpe ke 8bln"
beautifullgenetic0010,"Tp aku minum folamil genio Dr Wkt masih kantung sj, mancing minum asam folat 2minggu kemudian ada isi bakal janin nya deh 8week"
ichamecha670,ya q jg hamil ni dl waktu 4 mgg kantong aj gk dksih ap2. suruh bnyk mkn bergizi aj. balik lg 2 mgg. alhmdllh USG transvaginal sdh 7 mgg janin ny bags
silviakhilal,"kl br 5 mnggu mnding g ush usg krn blm kliatan ap2 bysax br kntung aj, aq dl hmil ank prtma 2x usg di nyatakan BO. dan di jdwalkn kuretase, aq gnti"
rizauma91,"aku pas be kliatan kantong aja d ksih obat penguat janin dan d mmg pas lg br positif mnm folavite jd dokter bilang lnjut aj g pa2,stlh 2mggu kliatan d"
riavanessa06,Kl aku ketika baru keliatan kantong d ksh penguat rahim
mariazain73,dr awal hml d b kasi dr folmil geio
mwgel_18,"aku hamil ketiga usia 7 week masih kantong aja kata dokter nya klw 2 Minggu LG kembali blm kelihatan juga kita ambil tindakan ,d situ aku hancur"
elybelle10,"aq hamil ke 2, pas usg pertama cuma kelihatan kantong aja sma dkter di kasih vitamin pengembang janin, 2mgg cek lagi, klo gk berkembang di kuret,"
shyrinaf,"maaf bund, klo udh pendarahan gt apa kluar gimpalan jg atau gmn, trus pas di tp apa lngsng negatif.?? q lg hmil skitar 5mngguan udh hmpir 1mnggu"
adifa08,"pengalamanku sih....cari dokter yg awal kehamilan usg lwt transvaginal...dah g ad tuh ntr ketutupan lemak ato apalah,lgsg ketahuan hamil brp minggu.."
ajdla123,lah aku periksa ke bidan udh positif tpi gda kantong dan janinnya ttp minum folamil genio yg pink -
ajdla123,"trs 2 minggu kemudian periksa lagi langsung muncul janin dan kantongnya,"
nissya28zara,"klo aku mah nangis dibilang..
buk rahim nya ketularan lemak😌 aku gndut tp gak prnah di gituin ama dokter.."
r.hamzah22,"aku dri sblm hmil udh rutin mnum asam folat, ps ktauan hmil dr lgsg ksi folamil genio krna kndngan asam folatnya byk+bgus buat janin mskipun d awl hml"
riskyfidimunkhinanti,"aku dulu 8minggu katanya blum masih kantong blum ada janin , aku minum folamil genio , allhamdulillah 10minggu sudah terlihat janinnya"
deikakartika,"hehehhehe maaf,
jd inget wkt usg kemarin sm 5 wk jg, dr nya juga bilang ketutupan lemak nih smp pake transvaginal baru keliatan."
nong_icha23,Mnum folamilgenio brrti 6bulanan janin kali ya
titifitrias,"q periksa 4 minggu ,, Masih keliatan kantongnya aja sudah diresepin folamil Genio Sama Dokter q"
ss14341,Aku juga pas 5 minggu baru gumpalan ajah blom ada kantong nyah tp minum folamil
gloooooooo28,"Skg lagi hamil ank ke 2 usia 8 minggu. Sudah 2x cek usg kalo dri perut gak bisa keliatan, hrus usg dri V. Trnyata mungkin krna kettup lemak ya 🥲"
tiaraakencanaaa,"dapat obgyn kayak gini langsung ga akan datang lagi. yg pertama mana ada rahim ketutupan lemak, trus asam folat dari promil aja udah dianjurkan."
aniandiyani10,"Biasanya kalo awal kehamilan masih kelihatan kantong cuma disuruh minum D3 aja , aku dulu dikasih D3 5000iu , pas 2 minggu kmudian udah ada janin baru"
dea112334,"Aku juga wktu hamil 7 minggu,kantongnya doang yang kelihatan,,dokternya malah ksi vit FG"
eshal.babyshop,"aq hamil muda opname 5x rumah sakit
setelah 4 buln berasa kayak codot sayur buah masuk semua.😂"
anna_mell7,aku pas usg baru 6 minggu langsung di kasih resep folamil sma dokter spog. nya
ummua4_1515,biasnya klo tm1 itu klo gda mual g d kasih obat mual cukup asem folat sama penguat aja #pengalaman otw5anak
abidah151094,"Biasa ya kalau masih kantong, dr SpoG ku dsni srankan minum asalm folat dulu. Baru kalau ada janin. Baru deh mnum itu.."
sriwahyuni7016,pernah 2x BO (Blight ovum) minum apa yg dokter kasih termasuk folamil ini. yg ke3x hamil lgsg cek torch. alhamdulillah negatif dan jg ngikut jsr
luciana_walker,biasa 3 bln pertama itu asam folat yg penting
rzzzzzzznbbbb,"Ga salah dokter, ga salah folamil. Kegugurannya krn apa? Bs jd Hamil kosong/blighted ovum yg artinya kantong kehamilan terlihat namun tidak berkembang"
linda7556,aku yg hamil anak pertama sdh 4 mgg msh kelihatan kantong aja gak ada bakal janinnya.akhirnya sm dr dikasih folamil genio alhmd skg sdah 2 thn anakku.
dedewillda,Biasanya klo blm klihatan usg 2d dokter lsg usg transvaginal buat mastiinnya kalau baru 5minggu
intanchyp11,"aku dr usia 3w cek usg baru penebalan pdhl tp udh diresepin dr folamilgenio, eh sebulan kemudian usg lg alhamdulillah udh keliatan dd nya mashaAllah"
kiaan_dan,aku 5 minggu baru kantong rahim d resepin promavit sama penguat kandungan beberapa hari kemudian pendarahan
ayumuttiara37,aku dikasih prenatal bagus tapi setelah 4bln an
capricorn._.2712,"temen aku keguguran 3 kali karna rahimnya ketutupan lemak, sekarang dia lagi diet buat promil lagi"
dabelyu,"folami genio cuma vitamin, gak bisa menyebabkan keguguran, coba mbanya cek virus toxo atau rubella karna sudah berturut"
sofiyahdede,pindah dokter spog aja bund 🥰
ima0796,"riwayat keguguran itu biasanya karna kromosom yg kurang baik, terus kondisi rahim yg kurang baik, atau riwayat keguguran berulang"
aweeede,lah gue folamil genio usia 5w jg 😳😳
gustiayu_irfan,"halooo, AQ minum folamil Genio dr awal tau hamil, kalo Uda 7 bulan ganti folamil gold mmg untuk perkembangan otak. hadeh"
mabellobekasiutara,klo 2x keguguran itu sdh termasuk kategori kehamilan beresiko dan akan terulang kembali. soalnya ada tmn 3x keguguran dan hamil itupn anaknya mninggal
dnhw0111,coba minum lifepak dan marine omega kak🙏
ravapraditya,waktu sya hamil anak pertama Thun 2014 Sy USG hamil 5bln dokter kasih sya resep vitamin folamil genio untuk perkembangan otak si janin.
alee_kun,tp dokter ny nalar kan blm ad perkembangan otak janin mubazir minum itu obat
mamamuda919,folamil Genio gak mengakibatkan keguguran deh kayaknya...
ayank_murti,"adikku usg,dibilng dokter kebnyakan air ketuban,air ketubannya item,nnt lahir anaknya cacat,ketutupan lemak.adikku suaminya nangis nyampe rumah."
ayank_murti,"adikku stelah dapat kabar itu,langsung kerumah sakit lain tuk usg lgi.malah kata dokternya gpp,sehat bayinya didlm.jdi hati2lah.cari terpercya.🥰"
safitriamalia278,gak sekalian makan nanas+cola+tape aja?
alfi.riani,"biasa nya awal hamil dkasih penguat janin sih,,"
teeyae,jadi keguguran karna apa? folamilnya atau karna rahimnya yg ketutup lemak?
riskijayanti,untk kedepannya setelah tespek positif lgsng minum asam folat sma penguat ya kak😬
mamahshira,"usg pas 4w, ada kantung janin.. diksih ptomavit..."
ekayulipriyatiningsih,serius nanya emangnya kalo yg banyak lemaknya misal perutnya lumayan buncit kalo USG jd susah nyari rahimnya?
ikafarhan_18,semangat kak🥰aku juga pernah di posisi kkak8week keguguran
kikoenaktau717,lemak juga bisa membahayakan tau
rhezajanitra,trimester 1 cukup asam folat
diantripujilestar5,bun bukan salah dr nya aku pernah kaya gitu tp BO. hamil kosong dan keguguran alami.mksh
bayuaryanti0,"sma mba. aku dimarahi spog ku. dr dl ckp folavit, kalsium ama apa gitu, kl kebanyakan obt² ndk jelas akibtnya anak bs autis dll."
yaputri08,Saya kerja di dokter obgyn… folamil genio itu memang untuk perkembangan otak salahsatunya karena ada DHA memang kalau kecil kurang wort it aja lanjut.
zuragan____889,bahkan belum hamil sdh di kasih asam folat...
echafos,baru keguguran kmren liat ini jd sedih lagi😭😭 semoga kita cpt dpt ganti yg lebih sehat dan kuat ya bun🥰
permaisurihatimu,folamil itu isi nya asam folat dll yg berguna utk janin dan sebelum hamil. ganti dokter aja mb. dokter nya aneh
yahitulahhahahahhaa,sama banget bunddd aku pake folamil genio lgsg keguguran harusnya apa dong
iboook22,kak bantu dong jelasin @Ekida
dwi94_,sepengalaman aku kontrol di puskesmas emng smua obat ada tahapan tiap bulan/ trimester nya pas awal hamil cmn di ksh asam folat pas masuk trimester 2
cuk699,"bund bantu Jawab dong,aq hamil 15 mgg BB janin 127 gram normal GK ya rendah GK bun"
18putrimoes,tim blackmores dr awl hamil
linda_19923,klo sya minum folamil usia 4bulan janin
maishaqi,"selama aku hamil 4 kali... trimester 1 minum folavit, pas trimester 2 baru folamil genio sama osifit dha sampai melahirkan..."
dunia_ganesh,"aq dl priksa di bidan, blm kliht janinnya.. trs tanya blh mnm folamil.g, katanya besok aj kl dah kliht jninnya.. srh mkn brgizi sm telur rebus .."
paj772,"awal hamil aku di kasih resep folavit kak, baru kalo 4 bulan ke atas folamil"
esaliyanasari5,"Folamil genio isinya jg as folat, tp ditambah vit2 lainnya. kayak zat besi, calsium dll. Ga ngaruh ke keguguran sih kayaknya"
wanti_kurniawan,"aq dr awal tau hamil minum folamil Genio,pas udah 5 bln nambah minum prolacta sm obat tulang.krna kt dokter aku diusia 5 bln otak bayi sdg berkembang"