User @,Comment Text
deby_putr,gue yg udah ga haid 1 thn 😬
ay_pailaa,Ayo coba periksa aja dulu ya 🥰
18januari.02,samaa
sasqeelofficial,hormon mungkin
desinovitasari1452,kok bisa
erza_scarlet298,SAMA kita
spiaaawlaat,gua gak lancar kadang 1 tahun 4 atau 2 x haid doang
tnylni14,Aku yg udah ga haid 1 thn lebih😬
diahaja086,hah ko bisa smpe se th?
regina_grils6,sama..tpi alhamdulillah ini udh mulai haid lagi😁
endartiapriliyani07,gimana kak biar bisa haid lagi😅
haechangans1,mungkin itu flek
fadhilalo0,aku jga sekarang kalo haid hanya flek aja trus sehari aja
ayunaylap,9 bulan udah 3× priksa ga ada hasil😅 semoga di tanggal 10 ada hasil amin🥺
dptm12,dulu pertama haid gini setahun ga haid lagi setelah setahun haid lagi dn lancar sampai sekarang😅
shafira.e.a.s,aq mlah 3thun gk haid😳😳😳
alyameila355,ternyata aku tidak sendirian😂
wongbanyuwangi14,ternyata aku tidak sendiri🥺
mellyna66,serius😳
apaluhaluu_,trus gimna kak kok bisaa???
.wndaa,sama
rha.arra.rhara,PCOS ?
najma_adibaorlin,karna kamu kecapean kali
inideasf,terapi bekam aja kak
nengchu05,Aku maret april mei belum haid😭
wildha_nia,lah kok sama 😭
nengchu05,Akhirnya aku haid tgl 25😭sakit bnget oii.. semoga kamu cepet dpt ya😘
wildha_nia,Amin ya Allah doain ya kak 🥺
putribandung18,amin kk
arptriaa,woilah ko sama kita😭
nengchu05,Aku udah dpt pas tgl 25..Semoga kamu cepet dpt yaa 😘
arptriaa,"aamiin, hihi makasii"
vita100500,sama kak 😌
nengchu05,"Alhamdulillah aku udah dpt, pikiran udh kmn2 pdhl g ngapa2in😂😂
Semoga kamu cpt dpt juga ya😘"
vita100500,iya kak😌
ansputriaa,samaa
nunna_uarmyhope193,sama weh 😳 . sekarang udahh haid belum kak
nengchu05,Alhamdulillah udah😁🙏
dhe19afi,samaa ..awl nya aq kb 3 bln trus bln 2 aq ganti suntik kb 1 bln bln 3 haid tpi bln 4 5 nggk pdhal rutin kb 🥺
nengchu05,"Aduuhh,, saya ga ngerti kalo bahas kb🤭semoga apa yang mbak inginkan bisa segera di kabulkan ya.."
dhe19afi,ahh jngn dlu ank ku bru 2.5 .😁ini ajh udh takutt jngn sampe 😅
sultrakurniati,sama😭
nengchu05,"Alhamdulillah aku udah dpt,, semoga kamu segera yaa"
by.girlsl,umur kk berapa emamg
mybirthday20mei,kok aku blm haid ya🥺 padahal terakhir haid bulan februari 🥺
wildha_nia,kok sama 🥺 takut kan
siriuscinta,coba rutin minum resep lancar haid zaidul akbar ka .. imbangi pola makan dan istirahat yg cukup. ditambah yoga khusus lancar haid..
spiaaawlaat,zaidul akbar ala kak
rinayaerin,"gw 1× 2 bulan , kenapa ya tolong di jelasin"
najwasyifa52,siklus haid 21-35 hari kak. jadi itu normal
rinayaerin,ouh iya makasih penjelasan nya
danendra11920,aku 30-40 siklusku :(
devihariyanto3,ada yg sama ternyata. aku jg 40 hari siklusnya. pas hamil jadi hitungannya ga pke hpht.
vivivalda0911,Sama kak aku jga gitu
syasyasya22,hitung siklusnya aja dulu kak soalnya aku lupa. ada yg 2 kali dalam 1 bulan tapi normal asalkan siklusnya maksimal brp hari gituh.
syifa_octa,lah gua 2 kali dalam 1 bulan😌
robiatul_adawiyah6,sama
devianidaris,lah sama gue juga telat 3 bulan 😳masa hamil juga🥺masih dibawah umur tapi😌
ay_pailaa,Gak semua yg telat haid itu tandanya hamil ya guyss 🥰
upit.lesania26,"ngga semuanya yang telat haid itu hamil ya Kaka, temenku aja ada yang 4 bulan belum haid dia ngga hamil"
dedefitriyani37,kalo gk berbuat ya gk usah takut hamil aq dulu telat 7 bulan B ajh
putrisucilestari7,aku yg dulu 1 THN ngk haid😅
spiaaawlaat,spil cara memperlancar haid
putrisucilestari7,"dulu gelisa bgt, takut nanti di ngk bisa punya anak, takut ada yg salah sama badan aku, tpi aku berusaha optimis aja,dan banyak doa😅"
spiaaawlaat,ok kak makasih sarannya
ayy072701,skrg udah lancar kak ?
fsaaioficial03,gw pernah GK haid 2 bulan tapi bulan ini gw haid😌
ay_pailaa,Alhamdulillah semoga kedepannya haidnya lancar ya 🥰
kiaaaaa_raa,🗿
fsaaioficial03,knp lu
kiaaaaa_raa,kagak papa gua bengong aja🗿🙏
2803virgo,bener bgt sering telatt sampek berbulan² pdhl blum nikah😅biar dtng bulan lancar hrus apa ya?🙏
ay_pailaa,"Rubah pola hidup yg sehat, Olahraga, jangan stres, jangan begadang 🥰"
anggii335,aku juga pernah
yulitaa5_,"1th dulu aku sering telat haid, bahkan selama 1th 2× haid.. sekarang malah belom ada 1bln haid udah haid lagi, kek cepet banget gtu😌"
ay_pailaa,udah pernah periksa belum?
yulitaa5_,"ga si kak,kata ibu gausah khawatir, dulu orangnya jg gtu tpi gpp"
blackpurple_grt,"kudu buruburu periksa gaksi kalo telat haid tuh, soalnya ada 2 temenku yg salahsatu gejalanya tuh gak haid slama 6bulanan eh gak lama meninggal tp-"
ay_pailaa,"Astagfirullah jadi takut aku 🥺
Alfatihah buat temannya ya."
hahahahhahaaaa2,yang bener?
sitiaisyah13265,"awas lo ka
ucapan do'a"
ay_pailaa,kan itu ucapan dokternya 🥺
sitiaisyah13265,maaf kaka🙏🙏🙏
bilqissafira27,"astaghfirullah, itu kata dokternya maimunah😂😂"
sitiaisyah13265,jadi itu beneran
fahrun_nis,"kalo blm haid lebih dari sebulan mending cek ke spog, takutnya ada pcos/kista dll. soalnya aku juga 2bulan sekali, ternyata pcos"
4septemberultahku2,"aku kemarin telat haid 3 minggu,mau kedokter besok pagi eh sore nya kek air terjun,sederas air hujan😌"
srilestari82221,"aku ga mens udah 3 bulan,, tpi di tespek negatif😭😭"
aquarius963,3 tahun gak haid
alyacahayaaa,"aku udh 4 bulan😳 terakhir haid gw, gw minum air dingin mulu😂"
7g_30yusyifaana,udh nikah blm ka?
wildha_nia,lah trus gmna?
lelyyyy13,"kurangi makan junkfood ya kak . aku dulu gitu . ngurangin makan mie , bakso"
fans_vidatnew,aku 7 bulan ga haid trus aku bilang sama ibu aku eh waktu ibu aku haid pertama jempol kaki sengaja di injek dan besok nya aku haid
pacarmu630,"gw juga tlt kadang 3/4/5+bln tapi gw gk pernah periksa takut penyakit nya ketauan.tpi ge tanya bidan ktanya cumn kecapean+setres, gw rutin minum kunyi"
dindanatalia3971,"hampir sama dinyatakan hamil 4 blan ..untung belum syukuran ,,, masih penasaran d usg lagi hasilnya nihil masih negatif ... pnntian 3 taun pdhl"
finza0405,sepupu saya malah 4 sekali datang bulanx
dewdew812,gue yang gak haid 8bln
sapitri_0412,"pernah kayak gitu juga, tapi sekarang 3 bulan sekali🥺"
sitiraudatulaini,gw yang haid 1×2 bulan terus sekarang gak haid 3 bulan.
wdyarska,"aku juga pernah periksaa trs dibilang hamil sm dokternyaa, panik bgtt😭"
sekarnurlailyinda,gw yang bertahun tahun ga Haid aj ga panik 😅
sityaisah23,ka sebelum nya testpack dirumah gak? hasilnya apa?
lemontee01,aku dari bulan 1
nadinsafitri25,umur kakak berapa?
azl_kemmy,"sama aku juga telat 3 bulan, tapi bulan ini haid cuma 3 hari itupun sedikit sedikit🥺
udah berapa kali ini haidnya 2 bulan sekali,jarang yg lancar"
agilnaaa,"aku terakhir haid pas bulan Januari,itu pun sedikit.tolong gimna biar aku haid lgiii dah cape bngt ovt tiap hariiii🥺🥺🥺"
rsa687,Ya klau ad suami senang lh kk
ay_pailaa,Tapi gimna ya kalau gk ada suami 😂
nurulra121,aku dh 4 bulan blom haid😳
nufus574,"sama,kak aku jadi takutt😳"
dyahhasna25,hadir
pawangemasa23,USG lebih akurat 😏
wifigratis_0,"gue membesar trus sakit, dibawa ke ugd, disangka hamil, pdhl ususnya yg bermasalah"
ibusela30,aku yg gak haid mau dua bulan . tapi b aja krna pernah KB . klo hamil pun ada bpanya 😅😅
ay_pailaa,"Aman kalo ada bapanya
Yg pusing kalo gk ada bapanya 😂"
hestyaurellia,aku juga pernah telat 2 Minggu bidan bilang hamil trs besoknya haid 😂 lawakkk
tya_ananda6,"kita harus rutin haid ya..
klo dlm sebulan ga haid itu bahaya..
kecuali yg udh lansia"
niahfaqih,"aku kmarin tlat hmpir 2buln tespek garis 1 , trakhir samar""
usg aja biar yakin, katanya kaga hamil faktor hormon aja , mungkin ggra stres juga si😅"
oizdaaaaaa,gw 2× dalam sebulan
fxxzrq,maaf sebelumnya alat tespek itu bisa ngetahui kalau kita sakit kalau tanda ya positif . kayak pernh ku baca org bule CwO pakek tespek malah positif
nitaprilipl,perlu perhatian bagi yang belum nikah haidnya tidak teratur segera periksa ke dokter ygy 🥰
user351641545550251,"pernah waktu gadis gk haid hampir 3bln. mamski parno dan bwa ke puskes cek urin. dan hasilnya ""-"" 😂 kata bidan nya, karna kecapekan/stres 😮"
marsel_saputra,jngn kan 3 bulan telat 1 hari ajah hamil..
maharaniiiii2.1,kalo haid bahkan sebulan dua kali di awal sama akhir itu normal nggak?
iyaakuulan,sm yg aku alamin pas periksa di puskesmas mw suntik TT setelah tes urin postif hmil tespek tak ditunjukkan ke ku bhwa grs 2 . mls ke pksmas lagi 😑
yxvw4,gw 10 bulan ga haid
sasqeelofficial,aku 3 bulan belum dapet dong takut ih kolo periksa
ay_pailaa,gpp kog periksa aja biar gk kepikiran 🥰
alyaandini14,"kalo ga usg paling diblgnya perubahan hormon ,tp lebih baik usg biar tau lebih lanjut"
dns_140601,"Aa sama🥺 kmrn ak kek gitu disalah satu bidan desa, tapi gilrn periksa di bidan lain ternyata emng hormon ak gak lancar, faktor nya pola makan & Stres"
zylviani02,klarifikasinya dong kk
siskaefg0,ya Allah dong kak aku malah dah setaun nikah udh promil ini itu udh doa lah sampe nangis nangis setiap hari buat pengen punya anak blum juga punya🥺
yusnita8304,ka cba klarifikasi
muu._3,KK beneran hamil😳
satriyokhanza2,"hati"" gangguan tiroid kaya aku"
abizardathalla,"yah klo gk kb ,telat haid past hamil lah mbakkk"
fatriasava590,@cndrzhr_086
iniiananda,@hilma14_ @jascyaaa @ajgggggg_g lulu eh
thiaraputriayuningsi,😅😅😅
ay_pailaa,Lah Ngapain nongol disini ?😅
amelia025100,@denike_284