Username,Komen
Su Lastri,Walou ank sy dh bnyak tp sy klo lihat org lahiran si Upik sy suka ikut cemut cemut
Puji Riyanti Ibune Kraf,"Alhamdulillah mau merasakan yg ke 5 x nya, semoga diberi kelancaran selancar lncarnya ibu dan debay semua sehat aammin aamminn Ya Robbal alaminn"
Celina Meliala,WAduh bahagianya Ibu nih moga tahun ini saya dapat merasakan bahagianya manjadi sekrang ibu
Hairol Erol,Alhamdulillah..... syukur apa yg ada PD kita diri kita bila kita sudah menjadi seorang ibu ayah jaga  lah ank MU dgn lebih baik dan ceria dan beri didikan dgn lebih luas untuk ank yg selesa.
Meisya Putri,"Alhamdulillah mau merasakan untuk ke 3 xnya, semoga d beri kelancaran saat persalinan dan slalu dlm lindungan Allah SWT  amin"
Melva Tri Asbella,"Jd sedih nnt videonya,teringat 10 tahun yg lalu"
Anicifirgien Anicifirgien,Bismillah. ..smoga bisa lahiran dg normal lagi....Tp kemaren dr bilang kl bayi saya sungsang dan ari2nya turun. ..smoga ada keajaiban Ya Allah
Fanny Rahmadani,"Alhamdulillah 2 anak sy,kedua"" lhr dengan cara persalinan normal..."
Mak Carissa Manik,Duhhh steril dok tali pusat ny sereeeem deh
Mariana Mariana,Semangat bunda
Mitra Seragam Souvenir,Sungguh moment paling mengharukan selain melepasnya menikah nanti
Nunung Nafis,Ko ngadangkak kitu nyah ker abdimah di cikande te kitu da kakina napak
Juliana Juli,Saya ngh terasa kqlau nengo org lahiran saya sering menangis. Terharu. Air mata tiba netes sendiri
Diah Poetri Handayani,Alhamdulillah da merasakan lahiran normal 2 x dan ni mau ke 3 x nya d awal tahun nanti
Uma Fabiana,Ko cepet banget ya. Semoga besok persalinan saya jg secepet itu aamiin
Yarda Kholil,"klo ada bidan dan dokter cewek klo normal knp pake dokter laki2, klo nggk ada sama sekli br pake dr.laki2"
Euis Tika Sopiyani,"Alhamdulillah k 3 anakku lahirnya normal semua,perasaannya juga campur aduk antara senang, bersyukur, kaget dngan berat k 3 anak""ku besar""dan proses lahiran normal.."
Noraini Binti Abu Samah,SAYA DAH ALAMI
Rene Elfarizy,"Hilang rasa malu Krn engkau si buah hati,"
Ita Sr.,Masyaallah saya hpl bulan Juni semoga bisa lahir normal dan di lancarkan di permudahkan
Julmasni Mom's Lyiora Halawa,Saya jdi bertanya tanya apakah saya bisa melahirkan normal nanti y
Anie,ya allah smga tahun ini sy sma suami deberi momongan
Enur Ica,"Sy jg mlhirkn 2 kli normal, trus mlh yg trakhir hrus diSC,ank bwa wtak bda2 bwaan hmil nya,semngt trus ibu2 yg lgi hmil prjuangan mu adalh ibdah!!"
Lilis Nurindachsary,alhmdlilah y allah.smoga  d beri klncaran dan kmudahan juga kamu sehat tak.kurang satu apapun amin ya allah
Tri Juarsih,"Saya mengalami tiga kali melahirkan secara normal, Alhamdulillah"
Vany Vany,Muda mudahan bisa lahiran normal jg amin
Hantu Samawa Lape,Bantu doa bun Saya lagi Nunggu petanda hpl nya Akhir Bulan ini...  Mana lagi suami Kurang Peduli
Tievany Joseph,Ikut tahan napas sambil ngejan
Romlahh Yotama,"Lahh bisaan dengan tenang lahirannya, lahh sya rasain sakit sampe teriak gtw knpa sya segitunya pdahal pas udh lahiran mh biasa aja gk sakit"
Luchi Sri Wahyuni,"Alhamdulilah perjuaangan se,orang ibu sunggu luar biasa tuhan."
Safaras Afar,"Bismillah bulan 8,,semoga seht lncar semuanya...aamiin"
Hilda Reni,Sy hamil anak ke 7..hpl akhir Mei...kenapa deg- deg kan ya...gak kayak anak sebelumnya cuek..lahiran normal semua..klu udh kontraksi langsung ke bidan .beberapa jam kemudian lahiran...klu yg sekarang ada rasa was2 nya.
Panggah Nuku,Doktere lanang ajur
Vjest Gaming,"2 bln menuju kelahiraann anak pertama,,  setelah 5 thn penantiannn mohon doa nya ya"
Norkummala Normala,Senangnya....
Mawar Merah,Ank baru satu udh umur 22 thn..pengeeeeenn skli punya ank lagi ..dn sekarang umur sy msuk 42 thn apkh bisa lgi...
Adelia Indah,Kalo liat orang lairan gini aku kok malu ya. Tapi pas aku lairan ga ada malunya
Susanhaadi,Gk laki2 jg dong bidan ny
Triyana,"YaAlloh ikut klr air mata saking terharunya,,"
Bunga Bunga,"Klo ngeliat yg lahiran bgini ,, air mata tiba² ngalir , gak tau knpa .."
Mba Yani,Doa.in y Bun SMG saya dan suamiku scepatnya d kasih momongan....aminn
Yunita Sambriong,Syukur ibu hebat
NE Gesan,Ya allah semoga persalinan aku nanti berjalan dgn lancar
Ketut Sitiariani,"Saya dah 3x ngerasain lahiran normal,semoga nantk di 4x nya juga normal"
Srisulihatun Sulihatun,Alhamdulillah.
Awanz'e Nichen,Alhamdulilah lahiran saya jg sllu normal.lahiran yg ke 2 anak saya kembar alhamdulilah normal lancar...
Elviani Ikhsan,"Saya masih takut tuk lahiran lagi,krn yg pertama uda ngerasain operasi."
Dinda Erlina,Aku lagi hamil 8 bulan semoga lancar bayi normal dan aku sama dd selamat aminn
Lusia Ha We,Amin
Salam Kenal,"Semoga saya di beri kemudahan untuk lahiran normal,, aamin"
Nur Fatehah Nur Fatehah,Perhh sekali ja teran .saya  kalau teran 2.3 kali xlps gi haha .tapi dh sepasang anak . Alhamdulillah ..dh biasa merasa
Julmasni Mom's Lyiora Halawa,Krn saya mau lahiran akhir tahun
Adina Miranda,Jugaaaaa
Desi Ratnasari,jujur ini dri hati sya mending lahiran cs dr pda normal kya nya skit ga tau lah bingung.
Een Nuraenie Skincare,Dokternya laki2 yah
Matahari Nan Indah,Dok saya pasien praktek dokter......bolehkan SC dirujuk daro doktern
Hairul Yana,Klo dokterx cowok gimana ya.liat rambut aja dosa apalagi?hadeh
Made Okta Ariani,"Minus 7,5 gak dibolehin lahiran normal sama dokter"
Gendhis Rengganis,Baru punya anak 1
Nofia Meza,Apa nggak ada dokter perempuan ya? Atau ke bidan aja biasanya di bidan itu perempuan. Bagaimana pun itu aurat