Username,Komen
Yanie Mey,Brpa hrga operasi?
Jare Gagah,Aku juga ingin di oprasi metode konvensional/ Bpjs... tapi masih pikir2 untuk oprasi. Soalnya masih ada rasa takut
Ira Al Qorni,Bener juga sih klo blm prnh merskn dioperasi membayangkan aja rasax TDK tidur semalaman
Chayra Hermanto,"Ini cerita, jdi Penyemangat untuk para penderita wasir"
Pardede Putra Sonak Malela,"Saya juga dioperasi, dicover ama bpjs."
Aby Shek Kurana,Msih blom bebas jg klo pola makannya d atur jdi klo k pngen yg lain gak bsa
Lala Lili Lulu,"Bang, kmren op nya sudah stadium brpa?"