Username,Komen
Neng EceEk Bininye Babankjujum,Hpht kpn Bun?
Mif Tha,wlaupn sudah msuk pnggul blm tentu sudah siap lahirr... msuk pnggul itu mntukan posisinya bayinyaa sudahh d posisinya/jln labir atau msh sungsang.... bayi siap labir 37-41mnggu
Zianka Hasanatul Laila,Saya anak ke 2 dari 7 bulan udah masuk panggul .lahiran normal di minggu ke 40.
Kitup Tupe,Kadang bidan/dokter kan cuma ngecek/pegang perut aja
Azirah Sumantri,"Iya Bun bnar ni aku jga kmren tgl 8 Bru USG lgi yg ke 2x nya tpi kita dokter nya udh masuk panggul posisinya jga udh bgus trus udh msuk 35-36 week tpi d sruh USG lgi tgl    22 Bun klo black m ada tanda""ktanya"
Adelia Putri,"Sma bun ak juga lahiran perkiran dokterny bulan juli doa in ya bunda""smogh ak lahiran normal:)"
IrohMukti,"Masuk panggul biasanya usia kdngn 7 udah bisa.. Tpi blum tntu siap langsung lahir bund, ttap ada prosesnya lg."