Username,Komen
Putri Ani,"Sy dua kali sc mba kl diruang operasi diajak ngobrol sm dokter dan tim medis jd g tegang tp rasanya kyk ngantuk utk sc pertama pemulihannya agak lama belajar miring setengah mati rasanya g karuan, akhirnya sc kedua konsul dokter minta metode eracs biar…"
Ummu Vanya,"Gak sc doang c,operasi besar jg dulu q gitu,bius setengah badan.Yg gak nahan menggigilnya,dinginnya kyk dikutub,sampe gigi gretek²,sama pasca operasi biusnya naik ke kepala alhasil sakit bgt kepala,bau bius pula.Tp ruangan operasi gak semenakutkan yg o…"
Ningsi Masri,6x aq merasakan dinginnya ruangan itu sprti di fresher....
Myla Ummah SyifaYusuf Fisqy,Sy 3x ngerasain sc . Mdhn sdh yg terakhir hehehe
Huzaipah Lutfhiana,"Baru aja operasi sc tgl 26 maret kemarin.. Anak kedua, sc pertama.."
Evi Puspa Indah,Kalo aku menggigilnya pas setelah oprasi.. pas diruang observasi dibungkus sama slimut listrik. Pdhal dah panas bgt tpq di dlm nya tetap menggigil
Moms Razan,Hadir pernah sc dua x dengan jarak satu taun
Evi Puspa Indah,Q 2x sesar.
Destri Rahmawati,Sc 1x tahun 2016 tgl 3 des