Username,Komen
ChanTy ADja,"Timbang masang infus Skali brdarah za sgtu Marahnya.. w prnh dirawat gara2 pembuluh darahnya ga kliatan trs infusan mampet. mpe berkali2 pindah tmpt x.. malah pasrah za.. lgian klo emosian bgtu mendingan dirawat dirmh za, ga usah dibawa keRS...."
Dewi Purwati,Ank q di infus smapik 30 kali ja q di suruh plng krn gk bisa di infus q diem aja pdhal keRS lain suruh buat laporan tp q gak mau yg penting anku segera di layani di RS lain dan cepet sembuh
Amanda Thea,"Tp ini bukan masalah tusuk infus gaes, ini pas mau lepas infus. Udah sesuai SOP, selesai cabut langsung di gendong. Lepas kapasnya langsung berdarah."
Mamahe Aldy P,Ujung ujung nya paling kata maaf
Mei Bundana Rafka-rasya,"AQ pernah ngalamin ini,anakku pas usia 4 bulan,totalnya 20 lebih tusukan,sampe2 di Bawak ke ruang bedah buat masang infus,akhirnya bisa,itupun pasangnya dapet di kaki...sedih dan nggak tega sebenernya...tapi Alhamdulillah...sekarang anaknya sehat..."
Juli Ani,"Dimana pun siapa pun pasti ada kesalahan yg namanya pasang infus pasti berdarah kl TDK mauberdarah atau anak kesakitan jangan di bawa ke rumah sakit ,semua kita alami kl kita dirawat di rumah sakit jangan emosi dulu di tegur yg bagus jg emosi anak kita…"
Heryyanto Heryyanto,"kemungkinan perawatnya jutek saat berhadapan dgn keluarga pasien. menjadi emosi terpendam, saat ada masalah baru, emosi pun meledak"
Wahyu Hesti,Masang infus kalo berdarah itu wajar pak..karna kan masang lewat pembuluh...bukan di otot... pakk segitunya arogan banget kelakuannya..
Ratusamantha,"Wajarlh bpkny marah itu perawat klu gk bs mnt yg lainlh yg masang jgn d paksa , gara2 salah psg infus jg bs berakibat fatal, dtg mau berobat malah jd parah y emosilh org tuanya, sy pernah ngalami ky gini"
Vivien Thok,Anakku belum ada setahun berulang x gagal diiinfus. Sampai nangis aku liatnya. Naluriku sebagai seorang ibu g tega liatnya. Tapi aku juga g mukul atau jambak bahkan nyeret perawatnya. Lebih pasrah dan berdoa saja. alhamdullilah sampai sekarang sehat walafiat.
Eko Nug,"Saya mencoba memahami bagaimana kondisi psikologis si bapak baju merah saat anaknya sakit, pasti naluri akan melakukan apa saja demi kesembuhannya,.. walaupun tindaknya sangat berlebihan,..."
Legino Ayahnya Sofi,Saya juga gtu.. pernah di infus di tusuk smpe ber x2 tp bkn berarti mereka perawat tu salah.. mereka juga berusaha emg trkadang ad yg susah cari pena/pembulu darah ny yg sangat kcil hingga nal ny pn hrs yg untuk beby..  mereka jga sllu ingin yg trbaik …
Mami Kezia,"Saya pernah begitu .. anak gagal infus sampe darah kemana2, kesel sih liat nya karna ngak tega liat anak nangis,saran aja jika ada perawat seperti itu tolong ketika infus gagal mohon maaf n diberi penjelasan PD keluarga ,, mungkin bapak itu kesel tapi …"
Alley Damayanti,Manusiawi seorang bapak yg menyayangi anaknya .  stressed sdh pasti kondisi pandemi  Mungkin ada rasa traumatis yg mendalam ......sabarrr sabarrrrrrrrr
Nuzila Elmi,"Lagian itu anak mau pulang, makanya ada prosedur  melepas infus. Kalau bnyak gerak terus kapas plesternya copot pasti keluar darah kalau kondisi bekas infus masih baru, apalagi anak 2 tahun ga bisa diem... Mungkin juga si perawat komunikasi terapeutik …"
Rahmat Hendra,"Gk bisa hanya menyalakan pelaku, memang ada OKNUM Perawat yg sangat menyakitkan hati, apalagi kalo kita berobat pakai BPJS, sering sekali kita sebagai pasien tidak dihargai dan pelayanan nya asal-asalan.."
Marwoto Saputro,"Informasikan ke seluruh rumah sakit supaya keluarga ini gk diterima berobat dirumah sakit manapun ,nggk perlu dilayani"
Diianzt Vanzt Houttent,Nyari jalur pembulu darah ituu susah loh ..bahkan yg di tangan aja  belum tentu ada ..bisa di kaki juga naruh infusnya ..
Hariyanti Agustina,"Teruntuk pak botak klo andai kata eh seumpama kamu menang di hukum kamu terbukti tidak salah, tenang pak botak sangsi sosial cibiran jempol netijen lbih yahuuudd lebih ahhh mantap"
Batubara Hartono,Memasang infus itu tidak semudah meniup sempritan boss.!
Vina Yani,"Tidak manusiawi org seperti ini ,,,Berni y sama prempuan aja ,,,ntr d tuntut klrga si permpuan ,,,Bru blng mnta maaf bnyx lh sgala alasan ,,,,,hjaar balik jgn d kasi ampun ,,,dia tu sok jago ,,,klw dia tu ad di daerah kmi ndx pake"
Endah Wulandari,"Dulu pernah ngalamin kek gitu (nginfus SMP berdarah2 plus sambil canda2 sm temen2nya) padahal sy udh nangis2 krn ga tega liat anak sy, mo marah dah gada tenaga, berusaha sabar, tapi beda lagi cerita nya klo ketemu kluarga pasien yg gasabar salah2 yg ada kena jambak."
Abednego,Ya ..mngkin bapaknya ksih syangnya luar biasa..tpi klau bsa di rawat sendiri Pak jgan di bawah ke rmah sakit...
Della Delvira,INFONYA SALAH! YG BENER INI PERAWAT MAU MENCOPOT INFUSNYA KARNA MAU PULANG TAPI KARNA ANAKNYA GABISA DIEM PAS UDAH DICOPOT PLESTERNYA LEPAS DARAHNYA KELUAR DAN SI EMAKNYA SHOK SAMPE LAPOR SUAMINYA. BACA DI LAMBE TURAH
Rya Zafitri,"Sakit gk sakitnya juga bisa tergantung dari siapa yang psang infus klo kurang ahli atau pengalaman rasanya sakit , prnah dirawat waktu ditempat 1 rasa nya luar biasa seperti didorong2 alhasil gk bnr tangan bengkak trs pas dirujuk ke tempat ke 2 pindah …"
Erny Ghea,"Tendang aja telor nya.gak ada otak laki laki kok kasar,ngaku ngaku polisi lagi.emang kenapa kalo lu,polisi itu tuhan kah yg harus di sembah"
Faisal Ramadhan,"Bruhh, pasang infus pasien anak gk segampang dewasa yang bisa di kasih tau, bisa koperatif. Lah anak2 mana bisa."
Candra William,"Ane pernah dapet pengalaman ketika tiang infus bokap yang lagi dalam kondisi antara hidup dan meninggal ga sengaja jatoh ke ketarik sama perawat. Rasanya spontan kesel sampe ke ubun ubun, mau nampol dll. Tapi untung nya masih bisa nahan, karena ga mau …"
Suratman Hamid,"intinya tetap bpk ini salah, namany jg menganiaya org adl kejahatan, seharusny tdk dgn cara sprti itu klw ada kesalahan dri pihak oknum petugas RS, proses hukum sj biar adil"
Sovhia Prinensi,Sy juga pernah opname gr2 muntaber terus diinfus.. sudah lihat susahnya bagaimana masang jarum trus sempat sampe bengkak/ngilu gitu (entah masangnya terlalu dalam atau gimana sy ga tau karna sy awam ttp pengetahuan medis) jd diam aja namanya sy sakit p…
Puryanto Masteng,"Si botak marah pasti ada penyebabnya, kesalahannya dia sampai melakukan tindakan penganiayaan pada perawat tersebut."
ErnaWati Ma'e Setiyarahma,Nunggu video klarifikasi seperti yg sudah sudah cuma dengan kata MAAF
Micha Lumban Toruan,"Saya pernah ngalamin kasus seperti ini, entah perawat yg susah nyari pembuluh darah anak saya (umur 2 tahun) sampai berkali kali dari tangan kanan sampai tangan kiri , terakhir jadi dikaki pasang infus  berdarah pula, saya komplen tpi gak jambak² peraw…"
Endang Burhanudin,Anak saya juga baru ngalamin.kemaren tapi aku biasa biasa aja.sampe harus dirujuk.tapi aku pasrahkan kepada allah alhamdulilah anak aku udah suruh pulang amiin .penyakitnya lngsung di angkat.terimakasih kepada suster yg telah merewat anak hamba
Lulu Mar'El,"Anak saya pernah waktu mau di infus....  Krn udah sehari semalam di igd. Dan baru sampe di RS rujukan Jadi blm sempet di gantiin baju....  Di lepas paksa sama perawat ""sambil bilang...  Amis nian anaknyo buk"""
Benni,"Bs trauma mbk ini dalam bekerja kedepannya,ini harus ada dampinggan buat mental psikologis mbk ini,, dr rumah sakit,, karena beliau bekerja sampai dijambak ama di tarik seperti itu,,klu resiko pekerjaan, setiap pekerjaan pasti ada,klu seperti ini sdh BERLEBIHAN"
Adhitya Firandra Putra,"Masang infus ke pasien anak itu gak segampang masang infus ke pasien yang dewasa, musti feeling yang kuat.. Gak segampang itu pak lu bilang, usut tuntas nih.. Ngerendahin martabat keperawatan, ksihan teman sejawat di kek gituin"
Iyan Fian,"Sebagai pengalaman aja,,,kalo posisi anak udh dehidrasi yg namanya perawat mana aja pasti bakal susah masang infus nya.dulu pas belum tau emang agak kesel,tapi setelah kita cari tau ternyata memang kondisinya kek gitu susah."
Anggrey Pandanarum,"Lain kali klw sakit, pasang sendiri pak infusnya.."
Fransiska Rina,bawa kedukun aja pak gak pake jarum infus....ada hbs bapak marahin dukunnya bapak di santet
Ayu Si Nyonya Febrie,"Serem bgt tu org...  marah krn anak luka sih boleh,, wajar,, tp klo marah nya sampek kyk gtu gag wajar.. Itu suster jg anak org,, klo mak nya gag Terima bisa panjang kn urusannya"
Shin Ta,sejak kapan masang infus gak keluar darah;)
Kus Nan,"Sy yg sdh tua saja sampai ditusuk jarum 5x baru ketemu jalur darahnya.apalagi anak kecil yg blm bisa kita ajak bicara.kita hrs bersbr dgn keadaan ini.utk bpk yg lg emosi sy maklumi,,,toh semua akan berlalu.bpk yg lg emosi itu,,,sy yakin akan menyesal s…"
Catur April Hantoro,"gak bisa hanya dari video ini, sebelum dan sesudah video juga harus dijelaskan baru yang salah harus diberi sanksi.. dari video terlihat sang bapak bertopi sangat arogan, tpi apa sebabnya harus diklarifikasi,jangan2 dia mendapat hal yang tidak semestin…"
Faida Faida,Ini juga bs buat pelajaran para suster YG Masih dlm tahap pembelajaran untuk bener2 klo mau masang infus . Sebab klo cuma Di cucuki Sakit. JD orng tuanya jg merasakan Sakit. Sabar juga untuk ortunya walaupun Sakit Dan Minta Aja suster YG sudah senior u…
Supri Yanto,"Lapor polisi, tindakan penganiayaan, ini negara hukum siapapun yg salah hrs d tindak, jgn ada kata damai biar ada afek jera"
Berkah Permata,"Hmmm...reaksi si bapak berlebihan pak, namanya anak kecil jgnkan disuntik, diperiksa aja sdh nangis teriak2, anak saya pernah kejadian tertusuk jarum suntik dua kali, lantaran meronta saat mau di suntik, alhasil jarum tersebut sampai bengkok, dan itu j…"
Juwardin,Bapa kalau anak nya ngak mau di infus ngak usa bawa rumah  sakit deh...
Den Agus,Ealah.. jenenge di infus iku di jojo dom bosku..
Samsul Kfa,tunggu episode selanjutnya dalam judul minta MAAF..
Upit Suryani,Biasanya yg berdarah ketika psg infus itu kesalahan ada di tbh pasien. Jd tdk mutlak kesalahan perawat nya. Hrs bijak jg melihat permasalahan nya..
Butir Ajjh,Security-nya lupa tugasny gara liat yg gede badan
Ayda,"Anak saya umur dua tahun pernah terkena dehidrasi parah, diurus 4 perawat yang berusaha mencari jalur darah untuk infus, ke 4 perawat tersebut masing² mencari ditangan kiri dan tangan kanan serta kaki kiri dan kaki kanan, lama sekali entah sudah berapa…"
Saeful,"Dulu juga anak saya wakt usia 1thn, si perawat ny buka infusan malah sampai ke gunting dan berdarah. Tp msh hal wajar lah. Perawat juga manusia."
Ade Supendi,Kalau ga percaya sama perawat jangan di bawa kerumah sakit obati aja sendiri pa perawat berusaha menolong kalau. Ada kesalahan jangan emosi begitu pa kalau udah di usut orang seperti bp paling jawabnya minta maap
Na Cha,Dulu anakku msh kecil trs sm suster di suntik dgn rasa takutnya anakku si suster langsung aja maen suntik anakku akhirnya anakku py trauma klu ketemu suster2..tp kita orang bego ya sdh lah..tp sempet sih aq mengucap dlm hati knp sm anak kecil cara nang…
Eny Wiandani,"Keinget 8 thn yg lalu, gara"" G bsa diinfus ditangan kanan & kiri jd mau diinfus dikaki, pas mau disuntik kekaki langsung dong ya kta sepakin perawatnya , dan akhirnya perawatnya ngalah ngelihat pasiennya nangis ketakutan disuntik dikaki , perawat…"
Azmi Adatihara,"Segitunya sih pak,g stiap org pembuluh darah nya d Cari dgn gmpg,kdang hrus  d tsuk ber x x Dan pindah"", Dan sring x Naik Klo d pke buat gerak, bhksn q dlu buat pipis aja darah Naik bwah botol infus."
Bunarto,"Suruh pasang sendiri saja infusnya, dasar bpk arogan, dipikir gampang pasang infus anak balita. Hampir setiap balita sulit dipasang infus, jd tolong dimaklumi suster tsb. Sy yakin dia tak bermaksud untuk mencelakai si balita. Seharusnya si bpk bs menge…"
Imam Jajuli,"Istri saya pas mau lahiran ampe bengkak dan pindah tangan bagi saya gak ada masalah selagi tetap berusaha demi pasien ,"
Raja Tobing,"Memang dilema, tidak semua perawat  mahir memakaikan infus. Apalagi kalo vena pasien tidak terlihat. Maka pihak rs harus siapa tenaga medis yg trampil."
Didi Herdian,"Kesel bolleh, tapi jangan pelampiasan emosi seperti binat*ng (apalagi yg dilawan perempuan)"
Fii Dhi,"Anak umur 2 tahun sgitu memang aktif"" Nya , sama kayak anak ku umur 2 tahun kmrin juga masuk opname, karna sring di buat gerak tangan jadi bengkak, darahnya juga agak kluar jadi menyumbat jalan cairan infus nya, namanya juga anak kecil pasti ya nangis …"
Tak Ada Nama,Biasanya org tua susah bget tuk cari urat yg mau di pasang infus.. Pasienku sampe berulang kali suntik gagal sekali bisa blm genap 4 jam udah bengkak terpaksa copot Dan cari lg. Kurang sabar za anak pasien
Vie Vie,Bnyk yg masih blajar malapraktek.. Emg gk sakit apa dtusuk2 pke jarum.. Saya sempet kesel.. Bisa gk sih sus ksian ibu saya darahny udh bnyk gk bisa2.. Giliran datg yg satunya lgsg bisa.. Duh aplg ank kecil mna tega liatnya.. Jambak aj bu sya klo dposis…
Gunawan Kong,Satpam kurang sigap itu korban udah di Jambak cuma diliatin malahan sempat mundur..mohon pihak manajemen atau biro yg berkaitan evaluasi kinerja satpam yg bersangkutan mengenai tugas utama seorang penjaga keamanan...kasian korban
Antonia Dwi Suryanti,Duh pak arogan sekali pak...seharusnya bs d bicarakan baik2...perwat masang ato melepas infus it sdh ad SOP nya.
Nyeqick Qicko,Apapun itu terlepas ntah crta awal jg bagaimana hingga akhirnya sprti di video.
Sulis Tyo,"Aq juga pernah anaku pas sakit sudah sakit dicublas cubles jarum nggak bisa2 akhire aq marah2 terus nggak jadi dinifus lanhsung keruangan,e sorenya didatangi kepala perawat mau pasang infus dia jamin langsung bisa benar juga di tangani perawat asli sek…"
Dwi Ismi,"Tidak semua tpi ada sebagian sllu aja ada perawatan yg junior, yg kurang paham, yg seniornya kdang sambil ngobrol, kita orang tua betul"" Memperhatikan tu jarum nyucuk ketangan buah hati yg kecil, anak kecil lho, klo anak Bpk itu sdah dewasa, gx mungkin…"
Siti Nur Bariyah,Duh itu kan tergantung pasien nya kadang emang agak susah nyari yg buat d infus saya aja sering bgtu dan kadang smpe pindah beberapa x
Fransiska Rina,bapaknya kaku amat. waktu anaknya sy opaname jg gtu anaknya terllau gendut dan gak bs diam makanya jarumnya suka lepas.tp sy gk panik krn emang anak sy gak bs diam...
Abdul Sukur,"Kl mau suruh pasang sendiri tu infus, hargai profesi org lain...pake otak pak, jgn emosi yg km bawa kemana...NOL"
Keisha Cia,"Lha klo emg pembuluh darah korbang kecil emg sulit,,, klrga saya tergolong punya pembuluh drah kecil,,, jd tiap kali mau di infus rata2 lebih dr 3x bahkan pernah sampai 8x ,,, bukan dr dokternya yg gg pengalaman,, emang dr pembuluh drah pasien yg kecil…"
Marpuah Puah,"Kasar amat pak sama perempuan, anak sy pernah di pasang inpus salah, tgn nya sampe melendung air impusan gak masuk ke urat nya,tapi suami sy tegur nya gak pake marah,"
Edi Kusnadi,Pernaha Anak saya di infus ampe gagal beberapa  kali..
Yoga Irawan,"Jika ini benar terjadi seperti yg di ceritakan , Lbh bagus pasien buaT RS Sendiri , Perawat , Dr juga manusia."
Dian Dili Trisnowati,saya saja yg sdh tua..dcari pembuluh darahny sampe 4 kali g ketemu.sampai2 perwatny keluar keringet..sesekali blg maaf.susah banget.ktny MBlembut banget pembuluh darahnya.akhirny bisa ketemu dcari pake jarum untuk anak kecil..
Rahadian Lucky Ashshidiq,"Kadang pihak rumasakit juga managemen SDMnya kurang diperhatikan. Anak saya aja panas kejang cuma dikasih obag kejangnya aja tanpa penurun panasnya, yaiyalah akhirnya harus rawat inap gegara panasnya gak turun turun. Setelah dipelajari bangke itu oknum…"
Septian Syihab,Kalian tau gak betapa sulitnya memasang jarum infus terutama ke anak2 .. kalo orng dewasa sih gampang pembuluh darah nya keliatan .anak2 kadang sulit nemuin nya . Kalo memamng perawat nya salah gak perlu lah arogan kaya gitu bisa di bicarakan baik baik…
Febrian Dio,Sebagai orang Palembang gua malu banget lihat kelakuan bapak  kayak ga ada cara lain aja buat nyelesaiin masalah nya
Ana Maria Srisunarmi,Suamiku waktu mau d katerusasi jantung d pasang infus sampe 7 c baru bisa n sempat emosi karena sakit tp engga sampe begitu deh
Septia Septia,"Mangkannya ya kl d R**l  pas lagi anak sakit selalu orang tuax g boleh ikut masuk waktu pasang infus, takut gak tega, karena g semudah pasang infus k orang dewasa, kl anak kecil tu lembut banget ,jadi cari pembuluh nya susah, aq dah pengalaman anak sak…"
Eno Tris Sut,"Anak sy prnh sakit di rawat, swktu suntik infus, gk ada darahnya, akhirnya suntiknya pindah lagi di lokasi lain, tpi gak ada darahnya juga,  mau gk mau pindah lgi, sampe 3 kali suntikan , baru ada darahnya, , kasihan mana masih umur 3 tahun,  dalam hat…"
M Yusuf Arifin,bapaknya itu kok sok jago beraninya ama perempuan biarkan aja tu anaknya ndak usah di urus biar di obati sendiri ama bapaknya . anak ku di tubles sampe 3- 5 kali tp saya ndak segitu bngt dasar
Siti Aisyah,"Saya berulang kali nambah dara HB, berulang kali di infus di copot di pasangin LG, ya kdng keluar darah, yg masang kan manusia yg pastix punyk kelemahan dan kekurangan, ingt yg smpurna itu Tuhan, kasian jangan smpy di jmbk seperti tu"
Ifan Suganda,"Kasar amatt, gx bgtu juga x. Sayang anak sih sayang tapi cara2 seperti itu tidak d benarkan dan tidak patut di contoh."
Didik Mhahardikha,Wah bawa2 nama polisi dia.....jd klu mentang2 polisi seenak jidat dia berbuat begitu. ..??? Bukannya malu malah sok banget bawa2 nama instansi....orang kaya gini ga patut jd pengayon masyarakat.....
Yeni Rahayu,Palng nanti ujung2 nya minta maaf ke petugas yg di aniyaya... Nangis2 mohon2... Lagu lama itu.
Neti Herawati,Itu nm y org yg gak tau trima ksih sm aj nolongin anjing kejepit bpk sy aj prnh kya gitu pas jrum infus y d cbut bnyk k luar drah y gak ap ap bpk itu terlalu lbai
Marojahan Sitompul,gak perlu kali lsg ambil tindakan anarkis begitu. kan bs lsg lapor sm pos perawat agar di utus perawat yg benar2 pintar cari urat darah agar keluarga kita jgn tersiksa begitu. gmana kalo keluarga mereka sendiri yg dpt perlakuan spy itu...???
Aisyah Zei Lani,Kita nda tau jelas kronologinya berdarah atau pendarahan kita nda tau berapa kali ditusuk atau berkali kali GK dapat dapat sampai berdarah atau pendarahan Kitakan GK tau kalo masih baru jadi perawat atau tapi blm paham jgn coba2 deh entar malah salah2 …
Teguh Santosa,Yg berbuat paling orang gedean dan pasti gak ada tindakan lihat saja............
Budhi Artana,"Ujung ""nya cuma minta maaf"
Kandvarof Asternelpee Ufavforus,"Klo pun ad ksalahan dr suster ttg hal tsb,it msih ksalahan kecil ttg tsuk/cabut infus..."
Naft Stef,"Bentar lagi juga masuk tv, pelaku nangis2 minta maaf. Sudah biasa di Indonesia begitu"
Nanda Asahra Defi Defi,Buat para ruma sakit jangan mau terima yg keluarganya kalo pasienya di infus takut berdarah
Jo Putri,"Kalo misalkan anak2 ya wajar susah cari pembuluh darahnya... Wajar kalo pasang atau copot infus berdarah, sakit jg pasti ada."
Sab,Tenang di negri maju ada restorative justice..
Titin Suratin,Eallah to pak jare polisi berpendidikan tinggi to kok klh sama yg lulusan tk orang udik pula' aku pernah di rawat mau masukin infus di coblos sampai 9x blm dpt2 biasa wae kok' sampsi biru kabeh klu bisa knp g mbok pasang dewe pakpak
Evrie Ummu Attar Ameera,Terkadang bukan salah perawatnya tp krn anaknya yg banyak gerak dan meronta2..alhasil selalu salah masuk bahkan kdg2 jarum bisa patah
BorSil Johana,"Kalau pun si perawat berbuat salah, kan bisa melapor ke direktur RS nya, kenpa hrs menganiya perawat ? Lebih bijaksana kan, dan siapa tau sbagai permintaan maaf RS ,si bapak dapat discount biaya perawatan...Hadehhh...jadi pengen tau darahnya sebanyak apa sih"
Febby Febriyan,Saya pernah pas anak sya panas smpai kejang d infus
Bram ManTyo,Kalo bisa jalur hukum knp mesti DAMAI ....jgn ada kata DAMAI dan MAAF
Iz,Manusiawi sih marah lihat anak nya kek gt..tp gak perlu pake anarkis juga ..cukup tegur kalau ada yg kurang berkenan..hem semoga tidak ada matre di antara kata maaf
Riany Theresia Cola Koten,Yah namanya pasang infus pasti berdarah la.apalagi kalo vena nya kecil .kalo yg gak mau anaknya di rawat .pasang ajah lu sndri d rmh  sama paraji kek paranormal kek.manusia ga tau terima kasih.
Eva Minerva Sokifa,Aduh yg namanya pasang infus berdarah atau salah itu sudah biasa...krn pembuluh darah yg besar kan kadang muncul tp pas bgt di msukkan jarum infus...selang infus ga mw jalan...akhirnya hrus pasang lain lagi...gue aja ampek pernh 3 kali lepas pasang amp…
Istiq Enha,anaknya bawa kedukun aja pak siapa tau nanti disembur pake aer kembang langsung sehat
Mas Den,"Yg komen mlh curhat ,yg mukul jg salah harusnya negur perawat biar ganti yg senior,yg nyabut infus jg salah pasti dia lg magang  harusya minta dampingi senior.semua salah   udah tau salah semua msh di comen jg  awas pak ntar di vonis corona ribet urusan nya."
Lili Noventina Saragih Simarmata,Kurang komunikasi yg efektif kayaknya mknya bapak tu g tau proses tindakan yg dlakukan ke anaknya....
Selviwulandari,"Suruh obatin sndiri, infus sndiri tu anak nya,, arogan banget,"
Didik Putra,Yg nama nya pasang infus atau lepas infus  pd manusia yg masih hidup atau manusia lg sakit.. pasti berdarah... kalau tidak berdarah itu manusia sudah mati... jd orang awam tp jgn bodoh2 benar..
Ridho Wijaya,Imron Sjamsuri susternya melepas impus main tarik saja sampai bercucuran darah pasien nya yg masih anak anak sudah bagus satpam nya menangani dengan tidak anarkis
Ade Aditya D'Smile,Di infus mah pasti keluar darah...
Joko Purwanto,rawat sendiri aja anak nya ngk usah di bawa ke RS.. emosian bgt lo pak
Hidayatullah,Stress kayanya bapaknya yg sakit bukan anaknya coba kasih biuss biar gak buass liarr sekali membahayakan jika dibiarkan
Aden Raden,"Memeng harus dikasih pelajaran.karna kbiasaan,perawat songong lebih dr dokternya."
Aris Motor,Kalo mencari keadilan harus didengarkan keluhan dari kedua belah pihak
Joko Wahono,Sudut pandang mana kalian lihat broooo....
Rama Khayla,"Giliran bapak tu nanti nya yg sakit,,pada takut deh parawat nginfus nya..."
Ahmad Suba'i,Sebentar lagi klaras Gedang minta maaf
Rani Andriani,"Masang infus anak2 emang gak ribet,,mungkin si anak tangannya ga mau diam tangannya"
Emir Raharjo,Maaf ini yg ambil video siapa ya....bukanya dlm rumah sakit dilarang merekam video Dan memfoto...
Sinta Ulandari,Yahhh saya kemarin 5x dicolok jarum infus baru dapat Krn kurang minum sebelum diinfus harus makan dan minum lebih banyak agar mudah nyari tu pembuluhnya....
Jen Efendi,Berdarah nya bagaimana sich ?? Bukannya biasa aja di infus kalau berdarah..
Kemput Fatamorgana,Nunggu mewek sambil minta maaf
Dwi Riana,"Astaghfirullah,,,klo lepas infus/pasang mmng suka berdarah,,,jgn arogan gitulah dgn perawat sampai jambak sgala,,,y ampun,,,udh bsok2 klo sakit obatin sndiri aj jgn ke rumah sakit,,,sombong skali anda y,,"
Saeful Bahri,Kalau lagi nyerang perawat garang..tar kalau d  tangkap karena penganiayaan pasti lembek gak segarang lagi marahin susternya..ujung2 minta maaf...orang kaya gini mesti d kasib pelajaran
Wahyu Widiantara,Mungkin di kepolisian di ajarin ky gt X...
Ajeng Pita,Masang infus untuk cek advoket nya udh masuk apa belum ke vena nya pasti keluar darah
Agnes Windi Fadilla,Pengen liat yg d bilang smpek berdarah yg kek gimana...
Pedro Rrt,"Ank gwa ja yg umur 2 tahun, pas waktu di rawat"
Iis Jax,Security nya kok kayak gitu gax ada tindakan melindungi sekali malah tangan nya melambai2 gitu memegang tangan tersangka...
Ayhu Irianty,"Macam gk pernah di infus sja tuh bpakx,dmna"" lepas infus pasti berdarah walaupun sdikit"
Arno Oyee,Nunggu vidio berikut nya dngan wajah melaas daan minta maaf...... Sudh tradisi abs aniaya... wajah garaang dan berduwit cukup pake jurus melas urusan kelaas.. Tanpa meja hiijau.... Coba orng kurng mampu...???????
Evi Oktaviana,"Lebih detail nya bukan masang sih, tapi melepaskan jarum infus"
Fitri Ani,Pemirsa yg Budiman coba pahami lebih teliti lagi ya..kata kata dari pelaku  low polisi
Nety Widati,"Kalo kesel pun jgn lah main pukul jambak , keliatan bnget ini bpk sering KDRT, sama perempuan kasar gitu ."
Dortiana Simanjuntak,Kok yg pakai baju safari mendorong perawatnya bukannya menolong
Rivayi Arifanto Hutagalung,Wah parah sih Polisi aja masih dibentak... Makhluk jenis apa itu ya? Enak disundut rokok sekujur badannya nih org..
Anda Utama,manusia congkak plus G*b*** biasanya demen barbar
Devienna Wulandari,Gimana klo kyk anak ku yg jarum nya lepas tertancap
Priincess'Vallen,Sya ampe 5 x tusuk sna sni infus mna judes2 yg pasang tpi mau gmna lgi nmanya bpjs
Sadeli,Pihak rumah sakit doktr prawat emang ga bisa di adili  harus kita adili sn diri emang kadang ngeslin di rumah sakit tuh
Anna Rena,"Setauku klo anak2 memang agak susah anakku dulu sampe pindah2 tangan kanan dan kiri ga bisa akhirnya dapat dikaki, dan yg ditanganpun berdarah, emang anak bapak itu berdarah sampe harus nambah darah apa kok marah2 kayak gitu ato nih anak emas bapaknya …"
Mami Edfyn,Anaknya lasak ga mau diam kayak bp nya arogan
Limbong Margana,Perbuatan ini  kurang bagus harus dilaporkan ke polisi soalya biar ngaada lgi kejadian serupa
Wani,"Itu emosinya baru 20%'.mo liat video slnjutnya,udh di tangkap polisi,apa masih nampak garangnya.,..,"
Nino Sumartono Sanjaya,Aku pernah pas di infus cari pembuluh darah nya susah karena aku gemuk. Jadi ditusuk keberapa tempat di tangan dan akhir nya ketemunya di kaki.. manusiawi lah ini karna mencari pembuluh darah itu gak mudah.
Daun Serai,Orang Seperti Anda Harusnya Di Beri Apresiasi Berupa Hantaman Benda Tumpul Di Sekitar Kepala
Dewii Diion,Lelaki yg Ringan tangan. ..dgn org laen pun bahkan perempuan spt itu ..kog sy mlh kasihan dgn istrinya ya.....
Haris Supebi Anward,Yg sy sesalkan securitynya.. g berbuat apa2.. cuman nobar aja
AD,"Security RSnya knp kaya kurang greget yah, bukannya melindungi malah terkesan membiarkan"
ORien Fitriani,Akibat kecemasan bapak nya juga sih mendahulukan emosi ny ktimbang akal sehatnya. Hmmm
Rega Fajar,"Klo sakitmya DBD emang susah pak, itu pak security bukan yg pakai baju sergam hitam"
Putri Surani,ujung2 nya klarifikasi nangis2 minta maaf si bapaknya... lagu lama'
Ainun Na'im,"Security nya plonga plonga, mau dia Polisi mau dia preman kalau dia salah seharusnya ya di sikat. Goblok banget tuh baju merah."
Rozaq Ahmad,Saya pernah anak saya sampe pindah 2kali ga tega pgn marah tp ya ga gitu juga caranya
Mayang Aulia Mayang Aulia,Mustinya suruh aja yang jambak yang pasang infus jadi sebel liat kelakuannya
Dedy M,Itu bapak yg pkai topi spertinya udah nyiapin meterai 10rb dikantongnya...
Tondi Sipangkar,Ternyata cuma berdarah saat perawat lepas infus anaknya. Barusan cari tau kronologinya di portal2 berita lainnya.
Sunjaya,"Udah karungin aja,,org arogan kya gt g patut diksih kata maaf,,"
Kristiana Joana,Tp kadang emang ada perawat yg kyk GT...yg dsalahkan mlh pasiennya...yg dblng ga mau lemeslah ini itu...pasiene dimarahi...
Muchamad Rifani,Perawat itu manusia bs salah. Aplg mslah cucuk infus g smudah itu cari pmbluh darahnya.
RoRo Febbyana,Tugas sekurity ngapainn cuma nonton??
Azhari Achmad,Pas diciduk polisi baru nangis nangis minta maaf
Lis Syaudah,Di tuntut aja ..orang kya gitu
Edy Haryanto,"Sama pk wnak sy jg pernah ngalamin yg sama,kaki bengkak,infusnya nggak masuk,amatir perawatnya"
Anjas Kopa,Tepuk tangan buat baju merahh
Spectrum ID,"Istriq diambil darah,smp 8x baru dpt, dah istriq takut jarum suntik.. gk tau kesalahan dr perawat atau letak lokasi darah istriq yg susah dicari"
Raditya Parno,Meski dia polisi beneran msk harus sewenang gitu. Hukum aja pak seadil2nya. Biar ndak krg ajar lagi
Gunawan Wawan,Itu lah resikony klu ank2 memang susah tapi y mau gymn lg...harus tetep d infus tapi biasa ny ad yg ahli ny setiap RS ...
PanLara,Nanti liat vidio klarifkasinya apakah bpk masih segarang ini?
Aan Mulyawan,Anakku jam 11 siang ampek sore gak bs dipasang infus dan akhirnya operasi dikaki untuk pasang infus.... Aq aja tanda tanggan kok
Hermawan Agung Wibowo,"Itu orang kaya pinter tapi tidak punya etika, karena merasa sudah bayar dan emosinya yg digedein"
Rifarifa II,Sama adek saya dulu juga gitu suster gk bisa pasang infus sampek berdarah darah dan sakit sekarang tanganya mati rasa
Suhendar Suhe,Tidak mungkin semarah itu kl tidak ada penyebab lain
Atiqah,Itu kok petugas keamanannya diam aja waktu perawatnya lagi di tarik sama yg pake baju merah
Nuryanti Akbar,Aku juga di infus berdarah dan sakit trus pindah ketangan satu nya berdarah lagi trus sama susternya di tarik infusnya di pasang lagi. Wajar x yaa klu di infus berdarah. GK usah pke kekerasan gitu apalagi sama perempuan.
M Tohar Banega,Anaknya dehidrasi kali tu makanya susah di infus.
Elmira Susanto,Suruh pasang sediri klu tidak trima....
Wsu Utomo,Ibu2 Baju merah lagi marah. Ya sampai aniaya perawat. Klu laki2 gak mungkin kyk gtu Berani sama perempuan. Ya bisa d simpulkan sendiri kyk apa orang yg pakai koas merah ini.
Betti Herlika,Diingat wajah nya dan keluarganya jd saat dia sakit surih berobat sendiri jgn dilayani
Korak Putra Irgi,Anak saya yg 14 HR di infus jg keluar darah aq jg gak segitunya ...BLH cemas tp setidaknya di pertanyakn dulu gak perlu pakai ego dan emosi
Baba Noeldesaza,Mana sapamnya ?rumah sakit d bkin tempat ribut emang udh pada sehat.
Afif Wahyu Pratama,paling nangis tua nnti yg baju merah...ujung2nya klarifikasi minta maaf
Muhammad Riza,"Terkecuali anak nya keturunan setan,jin,hantu belau, kalau gak mau berdarah.alias gak punya darah."
Rininta Aphoy Maharani,"Apapun alasannya memakai kekerasan itu salah,  kalo kesal kn bisa ya cuma dibentak atau di marahi dan laporin ke manager rs nya"
Ririk Agus Hariyanto,"Anak kecil kan kan emang susah di infus,pembuluh darahnya kecil,dulu anakq aja tangan kanan kiri diinfus gak bisa²,akhirnya dinfus di kaki"
Ardany Zulfiqar,Wajarlah ortunya marah.... makanya kalau pas lagi pasang infus hrs bener2 fokus.
Bandi,Lu polisi. Gw penjual materai.
Patar Lumban Tobing,"Itu satpam RS ngapain ya, malahan nontonin aje."
Leo Waldiansyah,di coment ini sepertinya pada kagak baca ya ko comentnya masang infus..bukanya kejadian disini saat mencabut infusya?
Fachri Arief,"Makax dituntut perawat yg handal...aplg saat pasang infus..saya bolak,balik rs. Pasti ada perawat  muda yg kerja asal.maaf."
Julian Julian,"sabar bos jangan main pkul z,, klu udh masuk sel u baru nyesel,, ngomng.a khilaf.."
Nanaywolles,Huh..gua rassa perawat nya msh dlm thap belajar..dn biasa nya di bikin uni prktek ke si pasiien....
DestHa,Palingan ujung2 nya mntak maaf kayak yang sudah2
Eka Winahok,Dirmh j dirmh sakit nyusahin orang nanti apa 2 main pukul
Tongeret Janari Tongeret,"Ini masalahnya beda lagi ea, biasanya ribut corona gak henti henti, ini penganiayaan, ada aja ea masalah,"
Anton Gama Al Farizi,Bapa pke baju merah hmmm bngt ga malu ya
Zulpan Aries,Sy di impus 4x cucuk sampai patah2 jarum nya.....sy tenang aja....
Anggun Kayla,"Terkadang perawat yg masih magang di suruh suruh nanganin pasien,hadehhh.... Gak bisa nyalahin siapa yg salah dan yg benar,"
Kenzie Bradley,Sepertinya seorg aparat ya yg bju merah ? Sempat erucap saya polisi
Rsa,tdk mungkin dia emosi kl tdk ada sebabnya.tau sendri gmana pra perawat kita ini.apa lg hadapi pasien miskin waduh
A.M Nurjali,Itu orang udah kaya bang jago... Kita liat kisahnya. Di penjara..nangis nyesel
Yolanda Adnan,Ini sih terlalu
Nakashima Syahputra,Saya salah denger ato gmn ya pelaku bilang klo dia polisi
Lius Kurnelius,"Halah paleng jga kalo di laporin ke polisi ujung2 nya "" Saya minta maaf karna khilaf "" Pret lah permainan anak kecil basi loh"
Abdul Rahmat Rasid,Ngak taj gimana kejadiannya kalo anaknya jatu ampe berdarah bisa bisa jalanna dia bantai sampe ancur atau kebaliaknnya
Herzza Zââ,Saya pernah sampe 5 kali pindah infus aja biasa aja tuh ngga sampe kaya begitu
Abu Tamami,Mungkin perawatnya lelah...tapi ga perlu pake dijambak juga kaleeee....
Rifki,Pertanyaan itu ada security buat apa?
Fatih Ramadhana,Kalo ngga berdarah namanya pasang kabel antena pak
Mitra Chan,Itu security di situ ngapain aj? Percuma ada security kalo kejadian kayak itu dibiarkan.
Muhammad Ulin Nuha,Berdarah itu bisa juga krna anaknya terlalu banyak gerak juga bisa
Suci Aprilia Puteri,Security-nya kek patung manekin
Al Kasyafa,"Pengen liat endingnya, apakah kira2 cukup dengan materai?"
Kukuh Firman Pambudi,Gw yang mau di ambil darah nya pake suntik aja di ulang sampe 4x gara² ga pas di pembuluh darah nya ga selebay itu
De Vhirgie,Dmn2 orang skit kwi py2 judul ny yo sakit ..
Rydo Fiaala,Keluarin anaknya dari rumah sakit.
Sara Pawitra,"Ini akun bikin caption kurang vitamin,,"
Andrea Antonio,Yg punya pengalaman dgn perawat yg ga becus pasang infus baru tau video ini....
Nungky Anggraheni,Bapakku baru meninggal dmn kamu taruk barangku
Andy,Yg sering donor darah bakal ketawa liat nya ni
Bintangibuk,Ya nmanya diinfus pasti kluar darahnya lah pak.... Klo g mau dtusuk cm dpegang2 aj tu bawa kedukun pak...
Ismiyah Mia,Itu sekuriti bukan bantuin planga plongo doang
Karaeng Pirri,"suruh org tuax yg pasang infus.sampah semua,"
Apt Vins,pria bersafari security kah???? kok hanya nonton dan pegang pintu????
Eca Aldjokdja,Nich sekuriti tugasnya apa cuma liat liat aja ngak da tindakan ssama sekali
Den Wo Wara Wiri,Itu securitinya ngapain?kok cm liat aja hadeeh.......
Nungky Anggraheni,Aku msh pny nyawa km pun juga msh pny nyawa dmn kamu bawa barang aku semua
Nungky Anggraheni,Maaf aku gak mau panjang lebar tujuh point saja bawa semua barang aku
Alex Chelsea,Emang klo polisi bisa arogan gitu pak...saya aja dari kluarga besar KOSTRAD biasa aja...harus nya marah boleh tapi jangan main tangan pa lagi ma cewek...laporin ke PROPAM POLDA setempat...jangan mau di 86...atau matrai 6 ribu..PROSES
Aqilah Yunet Setiawan,"kita tunggu berita selanjutnya,dia minta maaf,dimaafkan saja,tapi hukum tetap berlaku,kan tindak penganiayaan"
Fan Panjaitan,Tenangg Materai 6ribu bisa buat nyelesain tuh mslh
Lenon Saputra,klu kularga ku di bikin kaya gitu yng baju merah pasti kan kubalas.
Hendrick Wildan N S,Mudah mudahan pihak rumah sakit melindungi karywan nya dan segera menuntut si bapak tidak punya adab itu
Awong Candra,Itu yg baju item astaga misahin kek tai
Rio,"Btw, itu yang kaos merah bukan anggota, tapi yang baju abu² itu anggota"
Nungky Anggraheni,Aku gk pny mslh sm km dmn brg aku semua tinggal jwb sj
Saputra Kusuma,"Apa gunanya  satpam itu ga melerai diem doang, anjim keringet dingin satpamnye"
Maulana,Untung gw dulu gk marah marah
Nungky Anggraheni,Aku sudah gak punya ortu lengkap knp km masih tancap gak mau berhenti
Putri Lia,Itu yg baju merah yg bilang polisi sy kira yg mukul
Teuku Ardi,"Ada satpam lemah ,goblok , , saya salut sama baoak yang pakek.baju kaos putih , , terima kasih pak , ,"
Satya Ariwahyuni,itu yg baju safari item security bukan sih? security nya ga ada guna amat
Dody Kustanto,Jarum infusnya tusuk dari lehernya apa matanya ajh sekalian dari pada laki ngeselin.
Yusjohanbay,Komunikasi yg kurang baik antara perawat & kluarga pasien .
Dwi Mbendil,"Iki itu pak kapolri ada buah sok sok jagoan tlg di tindakan lanjut i,jangan mentang punya pangkat jabatan semena semena."
Sahman,"Satpamnya nonton , mau narik ngak kena.. malah yg perempuan yg ngejjaga"
Eny Sulistyowati,"SAYA GAK NGERTI URUSAN MEDIS cuma ada pengalaman,saat cucu saya mau diinfus suster SANGAT SULIT mencari nadi cucu saya katanya TERLALU LEMBUT ,3 suster mengatasi hal itu sampai akhirnya diintus dikaki karena disitu katanya LEBIH BESAR.Posisi saat itu c…"
Aldo Tampu Efata Trio,"Nieh sicurytinya nga jelas,malah liatin bukanya nolong.lu sicurity apa""sieh??"
Anunya Kewer Kewer,Ya Allah ya Robb.. Nga boleh gitu pak... Itu perawat petugas yg melayani keluarga kita hormati profesi mereka..klo bpk tdk bisa menghormati dia sebagai perempuan... Hormati umur bapak sendiri.... Klo nga bisa juga bpk istigfar liat kaca klo bpk atau ke…
Royyadih,"Ngaku polisi ,,,,,heeeeh heee"
Willy Samudra,"Almarhum bapak gue cuci darah kadang bisa 3 sampai 5x ditusuk pake jarum tapi gue ga ngomel kyk si monyet baju merah ini.. karna gue paham, cari pembuluh darah emang susah, bukan pekerjaan gampang. Jadi wajar aja suster nya kadang suka salah berkali2 karna manusia biasa"
Yudith Yunanto Tjokrodilogo,"Bsk"" kalau sakit ga ada rumah sakit n perawat yang mau nerima,,"
Abu Nawas,Itu yg pake baju safari siapa? Dan tugasnya apa ya?
Kristiana Mony Sinaga,"Kalau pelakunya orang kaya, banyak duit dan disegani,, akhir cerita sudah pasti maaf saja, berdamai.. nah si korban yg banyak keperluan terpaksa mengikhlaskan itu hanya resiko pekerjaan, masalah trauma hanya dia yg menahan"
Nungky Anggraheni,Aku tuh gk pernah cari musuh knp km musuhhi aku
Hadiantods Hadiantods,"Saya pernah alami, ketika anak saya harus di infus, untuk infus sampai 6 jarum yang di gunakan, karena sudah mencari urat aliran darah nya, banyak darah yang keluar, dan kita sebagai keluarga pasien memaklumi dan berterimakasih kepada nakes, yang denga…"
Guswandi Chaniago,Saya kok gagal fokus sama security nya? Kok gak ada response?
Sigit Hariadi,Kami tunggu Vidio selanjutnya...Vidio ini kan ada bapak2 yg begitu sangat emosi dan sangat oragan. Untuk selanjutnya kita tunggu ceritanya..
Siti Halimah Qb,Semoga anak si bapak itu cepat sembuh dan kelak besar nanti menjadi seseorang yang bekerja di bagian pelayan publik
Apri Candy,Jadi polisi arogan dan bego ko pamer dan bangga
Alby Arrohman,Suruh keluar dan backlist keluarganya untuk masuk RS manapun.
Rimba,Kasian pada mereka pahlawan bagi saya karena mereka berjuang untuk orang banya yg pertama menyelamatkan nyawa orang lain walaupun takdir nya Allah SWT.
Ainun Na'im,Divisi Humas Polri silahkan di bersihkan oknum yg kayak gini.
Hikmat Darmawan,Apapun masalah nya penganiayaan terhadap orang lain melanggar hukum apalagi terhadap wanita pelayan masarakat...bila itu menimpa terhadap anggota keluarga saya ...artinya....perang...!!!!
Diah Hari,Harus tetap di proses Hukum . Keenakan . biarpun mereka pejabat atau orang kaya .Ojo sapenakmu dw .arogan .Tolong Pak Hotman Paris ...Bantu  seadil adil nya .
Saut Sihaloho Brighton,Tidak ada pembenaran apabila seseorang main hakim sendiri terlebih melakukan kekerasan fisik .
Sri Asniwati,Bisa Diselesaikan dengan baik baik.
Juni Hariandi,"Beliau hanya manusia biasa sm seperti kt, jika bener itu terjadi apa kah kita bs menyalah kan sepenuh nya ke perawat, ingat harta, rejeki, jodoh dan takdir hidup mu d dunia blm akhirat"
Naga Mahendra S. W,Bsk ke rs mana pun di indonesia jgn diterima. Biar dirawat sama keluarganya sendiri
Ard,Karna ini masih dalam suasana bulan ramadhan saya saya sekeluarga mengucapkab selamat menunaikan ibadah puasa
Yuli Crhistianty,Yaallah smpe segitu nya pengalaman anakku gendut diinfus ditangan ga ketemu uratnya sampe cabut pasang berkali2.. Akhirnya pindah ke kaki.. Diinfus nya.. Aku pasrahkan sama Allah.. Yg penting anakku ditangani dulu alhamdulillah skrg dah sehat kembali..
Bali Dewata,"Namanya diinfus ya keluar darah lah,dasar bloon, mungkin biasa berobat didukun x   ......jd pas berobat keRS diinfus keluar darah kaget ....klo w digituin langgsung w seret kepengadilan pasal penganiayaan"
ECi UsEumman,Astagfirullah haladzim...
Kang Mawang,Besok buka RS sendiri pak...jadi dokter sendiri......dirawat rawat sendiri...
Hermawan,"Next video ""saya  memohon maaf atas kekhilafan saya karena bla bla bla ,,dan saya berjanji tidak akan mengulanginya lagi"" selesai"
Midaz,sering sih gt...alm bos ane..
Rismauli Hutahaean,Sudah ada unsur kekerasan & penganiayaan...siap2 ya pak
Fahmi Cazorlla,"Walaupun gw gk pduli dngn postingan ini, tpi trimakasih sudah membaca komentar saya dalam hati walaupun hidup klian tidak berguna  ttp mngeluh dan jgn semangat"
Rohs,Dasar arogan  bapaknya rawat sendiri aja dirumah
Allamsyah,"Penjarakan saja orang itu se umur hidup, klw perlu hukum gantung."
Hardianto Ibnu Zakaria,Ah males ngeliat berita kayak begini paling endingnya nanti klarifikasi dengan kata kata yg sudah sangat KLISE yaitu MA'AF KARNA EMOSI dan ujung cerita Kedua belah pihak sepakat untuk DAMAI dan BLA BLA BLA..
Ki Ageng Pandanaran,SIKATTT JNGN DI KASIH AMPUN....!!! TUMAN....!!! tindakan semena2 & sok2 kan..! Kl emg aparat ya harus mengayomi bkn mlh arogan...! Ini negara hukum cokk...! Bkn negara bar2..!
Yosua Andhika Siahaan,Asik...ditunggu video saat buat BAP nya. Jng ada materai dan surat minta maaf
Anfar,"Apapun masalahx,, tdk dibenarkan memukul perawat,, keluarga mestinya bersabar,,, kejadian seperti ini banyak terjadi,  kalau memang gak mau dirawat di rs,, harusx rawat sendiri saja"
Taryono Chimote,"Yang pernah saya alami juga begitu waktu anak saya kurang satu tahun di infus ga dapet gagal, malah mau di infus di kepala saya cuma menangis memohon sama Alloh SWT....akhirnya Alhamdulillah."
Chandra Syahputra,salah bapaknya .kenapa bawa anak nya kerumah sakit.harusnya kedukun klo gak mau kena jarum.klo kedukun paling dikasih minum air putih.gak akan keluar darah pastinya
Papahe Firdan Lano,Baju merah anjim bgt
Hendrico Jansen Manik,Ngga Gt jg kali caranya.... Itu perempuan lhoo .. Cemen amat.. kalo ada kesalahan bisa dilapor ke kepala perawatnya.. saya  aja waktu dipasang infus salah Vena aja paling teriak sakit... Susternya minta maaf.. ngga papa sus...
Susi Jonathan,Tangan bpknya enteng bangett ya main tampar n jambak seorang wanita..bpk lahir dari mana pak
Uteh,"Anak gua kepala nya sampai di botaki cari pembulu darah kaki tangan semua   di suntik suntik sampai  lebih 20 kali   karena ke gemukan sampai nangis g ada suara nya ,sy diam sj cm nangis sejadi jadi nya lihat anak  di gitu  bkn g syg anak tp sy pengen …"
Mas Supriyono,Itu pak saptam diam saja keluar jurus maut .....
Frenthoels El Hazhi,Saran sy supaya anak ga keluar darah infusnya suruh di minumin aja kl ga mau ya tinggal di cekokin aja.
Arie Cuplis,Boleh gak Di palu  trus dicongkel matanya yg pake topi itu.. kalo merasa lebih mampu jng dibawa ke rumah sakit Krn tiap manusia itu uratnya beda2 ada yg mudah ditemukan dan ada yg butuh sabarr..
Apanx Candu Nikotin,"Pengalaman juga sih pernah anak rawat inap diklinik trus masang infusnya sampai 3x belum bisa katanya pembuluhnya nggak kelihatan dan susternya nggak berani coba lagi,,,akhirnya nunggu dokter datang aja,,,paginya setelah di tanganin dokternya satu kali…"
Bagas Praditiya,"Ujungnya juga pake kata2 sakti,""minta maaf"",hadeuhhh warga 62"
Gueido Skill Remington,"Tetap aja perbuatan main hakim sendiri apalagi sampai memakai kekerasan,tidak bs ditoleril.Laporkan proses.!!!"
Septiani Dwi Kartika,"Pasang infus ya pasti keluar darah lah, masa keluar Madu"
Tika Puspitasari,"Siloam RS mahal, merasa sudah bayar mahal mungkin, sementara masih banyak kesalahan, mungkin gara gara itu si Bapak bahagia.."
يوسمان هدايت,Lebay keluarganya..kek yg g pernah salah aja..hukum menanti boss
Okyy Pradana RA,Bos nih ya ane berbagi pengalaman... Anak saya dulu umur 2 tahun mau di infus di pegangin 4 perawat 1 dokter saya sama istri saya... Udah di pegangin susah nya minta ampun karna mengamuk... Intinya masang infus ga segampang anda memasukan nasi kemulut
Riko Saputra,Perawat tidak boleh diperlakukan seperti itu..masalah infus berdarah dll....harusnya disampaikan dengan baik...akhirnya berujung penganiayaan yang terjadi..miris
Iwan Santosa,Kalau punya pasien dan keluarganya main hakim sendiri di usir saja tetapi sebelum pergi di suntik virus covid-19 dulu biar mati.
Wilman Rante,"Sy waktu SD mau cek kesehatan lengkap di tusuk jarum sampai 5 kali sama perawatnya.. Mngkin gugup atau apa perawatnya salah tusuk, sy sampai nangis dan lengan saya bengkak, tapi bapak saya biasa saja.."
Hafid Adirizal,"Apapun masalahnya jangan melulu main fisik, masih banyak cara menyelesaikan masalah jangan selalu emosi yang diutamakan."
Thomas Bambang,Kalau dipasang infus kita harus nyantai biar kondisi tubuh lemas krn kalau sepaneng/tegang ya gitu deh! Giliran ada bag yg ketusuk ya keluar darah
Ari Purwanti,Itu di rumah sakit mana yaa
Eduard Pandia,Buat salah suster itu tp apa ada hak org tua menganiaya SUSTER...
Putriyuli Yuli,Mungkin depresi gangguan mental paling tempramental
Reza Ulinnuha,"Apapun alasannya, yg dilakukan si bapak pelaku merupakan penghinaan terhadap profesi kami....harus ada pertanggungjawaban"
Andi M Iqbal,"Semoga cepet di penjara,dengan muka melas nya"
Ronyboy,Satpamnya malah plototin doang bukannya tolongin
Febri Gunadi,"Klo mau ga kluar darah, infusnya jgan di tusukin ke pembuluh darah pak, tpi di minumin aja ke anaknya"
Joni Jev,Sangat cukup menunjukkan klo anda orangnya temperamen.
Damar Part II,hasil akhirnya seperti biasa
Suprantoko,Marah boleh tapi tidak harus seperti itu saya perawat sdh berusaha sebaik mungkin tapi hasil dan kenyataan bisa berbeda-beda laporkan saja kasus penganiayaan nya
Bah Kyt,"Jangan melihat atau menilai salah apa enggak nya yg perlakuan kasar seperti itu yg harus di tindak tempuh jalur hukum,karena itu tindakan kekerasan,tangkap dan penjarakan."
Mhd Yusuf Pratama,Tinggal nunggu si bapak ditahan dikepolisian atas kasus kekerasan disertai penganiayaan... Selamat anda akan mendekam kurang lebih 4 tahun
Ahmed,Okee...ditunggu video mewek mintaa maafnya ...
Osep Muhammad,ya kalau salah complain sesuai aturan. marah ok. tapi ga pake kekerasan. nanti juga nyesel sendiri setelah masuk bui. baru sadar kalau dia itu kampungan.
Purwanto,Pelaku di laporkan saja ke penegak Hukum selain kasus penganiyaan itu juga penghinaan terhadap Profesi ...sy GERAM lihat nya sama pelaku
Joe Felix SidiQia Putin,Ane dulu Sampe 3 x Ndak bisa...soal nya yg masang infus perawat magang...akhir nya manggil perawat yg senior..langsung bisa...ternyata ane jadi barang percobaan...kan asww..
Herry Sutrisno,Manusia ndak tau diri. Laporkan ke polisi....plng ujung2x minta maaf. Biar masuk bui....ini penganiayaan berjamaah. Biar mampus orng2 sok spt ini.
Dody Chandra,Arogan ...main pukul sama perempuan ..harus di proses ini orng..
Dimaz Bayu Nugroho,Di bulan puasa ini saya memohon agar smua bersabar...
Vrman Al Marsyah,"oh...lo puisi,,,bentar lg ganti oknum"
Kiki Mandasari,"Tidak ada kata alasan benar dalam memukul wanita, itu penganiayaan!!!! Marah boleh, tapi sewajarnya karna manusia. Jgn smpai tangan menjd buas karna emosi."
Ijus Tata,hebat ...tetap hrs di tindak lanjuti...jgn main hakim sendiri
Ros Angel,Ini lah indonesiaku..knapa? Haruskan dengan kekersan.ada sja manusia jenis seperti ini..apalgi jaman sekrang ini.hati dan pikiran sikap dan sifat tidak bisa di kawal
Ayyda,Tu  orang  gilaaa  kali..arogan..bukan  manusiaaa..amit2..tindak  lanjuti
Endang Puspita,Surah infus sendiri.
Yadi Mulyadi Ojos,Paling hg ujung2 tar minta maaf..khilaf biasanya....mudah2n aja jadi pelajaran buat kita semua..emosi tidak akan membereskan masalah.tapi bertambah masalah.maaf sekali lagi
Tata Setiawan,"Pembuluh darah anak kecil itu agak susah,beda jauh dengan pembuluh darah orang dewasa,sangat kelihatan sekali pelaku sok berkuasa!!!!"
Abdul Manan,Klo pelaku minta maaf ya dimaafin tp hukum harus tetap jalan....
Banyu Langit,Saya berharap si perawat punya pendamping orang berpangkat! Biar di bejek bejek tu laki laki yang sudah arogan sama seorang perempuan
Mukarto Riun,Itu bp satpam nya ku melenngo aja.jaga pintu ya
Arki,lebih baik aq diam. krn gak tau kejadian persisnya.
Roni Mambo,Bawa kedukun aja pak... Biar gk d infus
Hendra Fardiansyah,Bawa bawa nama kepolisian. APA gk malu tuh kapolrinya institusi nya di buat jelek namanya?
Elli Suryani,Harus diproses hukum itu jgn main arogan bagaimana pun itu perempuan tak sepantasnya main kasar bapak itu
Rudy Priawan,Saya memahami apa yg bapak rasakan semuanya saya serahkan ke pihak berwenang
M Denny Purba,Pak'Pol..yg masih punya hati nurani.
Poetoe Aza,Paling nnti klarifikasi minta maaf deh tu orang
Mohammad Riski,"Halaaah palingan ujung"" buat vidio klarifikasi kelar dah masalah.kirain hukum cuma bisa di beli pake uang aja.taunya pake vidio klarifikasi juga bisa."
An Ppa Azka,Proses hukum harus jalan Jangan hanya minta maaf
Yandy,Keamananx kok gt....malah kyk ga berbuat apa2
Yosep M,"Jangan ada damai, lanjutkan meja hijau."
Ahmed Busairi Buser,"Kalau saya org tua atau saudara perawat itu, akan saya tuntut sampe ke ubun ubun... Mereka profesional, mereka berpendidikan, mereka bukan babu kalian..."
Benk Harsono Harsono,Mmang klw polisi kau mau apa...sama2 mkn nasi pun kta..saad
Dedi Arianto,"Kalau diliat dari kamarnya jelas ini dirawat di kamar VIP atau minimal kelas 1, kalau orang dah punya uang jabatan atau kuasa apalagi dia bayar pasti berani ""negur"" kaya gitu.. coba aja dia di rawat di kelas 3 pakai bbjs atau kartu miskin pula.. Mana berani kaya gitu.."
Konang Prijanto,"Ketika emosi, dia merasa hebat dan jagoan sehingga bisa menganiaya orang lain..Tapi setelah di Kantor Polisi? Diam, malu seperti orang pesakitan.."
Muhammad Abdul Aziz,Gua polisi??
Fritz Harda,Wih hebat polisi sekarang beraninya ama perempuan
Khyrul Rizal,Nunggu permintaan maaf nya
Keylaanatasya,Jangan kasih kendor pak polisi proses hukum biar kapok
Susi Febrianti,Arogan banget . Itu berdarah apa pendarahan sih? .. Sampe kek gtu nya . Bukanya wajar ya kalau anak kecil ? Tetangga saya juga anak nya pernah kek gtu di pasang infus nya sama yg senior tapi ttep gak bisa akhirnya gak di infus .
Putra Samudra,Suruh masang sendiri klo udah ga bsa percaya sm tnaga medis
Irma Jamillah,Bawa pulang aja pak anak nya. Rawaaaat sendiri
Alysa Agus,Mungki bapak itu uda kesel sama perawatnya.ini juga buat efek jerah perawat
Muhd Ariyadi,Memang susah kita jaman skrg berurusan sama RS.
Dewi Anggraeni,Harus di hukum penganiayaan jangan ujung2  minta maaf
Rizki,Terkadang juga perawat songong mkanya keujadian kaya gitu
Arda Welly,Salut sama bapak yg baju kaos putih..
E S SA,Apa hubungan polisi sama infus
UL,Blacklist saja mereka sekeluarga dari seluruh r.s di Indonesia.
Tjhandra Lee II,Suruh msg sendiri jgn mau kalo d suruh masangin
Yendrizal,Manusia sok jago coba kita posaudara di gitukan ya tunggu aja hukum berlaku kalau tidak ya hukum rimba juga boleh
Arsal Rausanfikri,Kadang perawat juga semaunya
Ahmad Soemidja,Polisi arogan. Copot.. pelindung masyarakat macam apa.. pangkat berdiri dipundak rakyat kok sok2an
Agar Wicaksana,"Suruh pasang sendiri aja , rs manapun ga usah terima nanti di salahin lho"
Aris Ramadhan,Ditunggu klarifikasinya nih seru kayanya . Arrogan sekali sama cewe pak pak
Agus Randa,Tangkap dan penjarakan klu main hakim sendiri.
Ardy Ant,malas membaca jadi plokis..masang infus anak2 gak semudah pasang ke orang dewasa ferguso..ada2 aja kelakuaan nya
Supri,"Terkadang perawatnya belum pengalaman, yg apes pasien jadi praktekan."
Eko Rudy Setiyawan,Matrai masih banyak
Ferdi Kantur,Sabar bos jangan main pukul sajo
Nanda Asahra Defi Defi,.saya.dulu anaku di infus berdarah aku cuma bilang ke sister lain suruh bantu parang infus ga marah2
Ruth Toruan,Yg kaos merah pakein rok sm bh aja.
Rahendro Wahyu Hadi,"Apapun peketjaannya klo Gk pake hati,rasa Dan ikhlas yg Gk ada yg bener......."
Ning Deso Pitu,"Bapak melawan kok tulang lunak,, mentang"" polisi,,,oalaaa,,, badan kekar sekali banting mbak suster keok,,, sabar to pak"
Yunita Piliang,Maklumi aja..
Om Fungky,Ngga sabar nunggu kata2 permohonan maaf
Robinson Pasaribu,Masang infus berdarah itu biasa
Mas Iman Nur Qolbi,"Paling ujung2nya minta maaf, halah taek."
Indriani Oktavia,"""Saya polisi"" angkuh sekali bapaknya, bpak dibayar sama rakyat lohh."
Henri Siregar,"Pas doi bang tampu,"
Guntur Saputra,Siap2 dikandangin lu pak...pekok maksimal
Rahmat Al-Ghazali Pasaribu,Mngkin dokternya kurang praktek waktu sekolah..
Irwan Abbe,"up biar, materai dan maaf lahir batin"
Tri Edge,Biasanya yg masang Infus yg lagi pada belajar/magang..
Tengku Andrian,RS orang kaya..paling ujung2nya minta maaf...
San Veganza,Sudah pernah
Lea Transport,Itu satpamnya bengong aja... D bantu melerai... Ojok iso tebar pesona aja.  Giliran ada masalah malah bengung. Apapun persoalannya harus bisa melerai. Apalagi ada perawat kena GT... Terlepas siapa yg salah. Serba salah juga klo gini. Ntar klo d salahk…
John Gozal,Petarung MMA Heavy Weight Vs Suster Fly Weight
Ahmad Yasin,kalau sayo perawat kami di gitukan dak berdarah belum puas..
Ilham Syah,Bawa² nama POLISI lgi...sampean polisi harus bisa kasi contoh yg baik...itu lawan sampean wanita
Haydar Blade Sport,Suruh dirawat diluar aja
AL'vino G Sebastian,Tdk bisa berkomentar hanya menunggu saja kata maaf bapak ini
Ahmadt Pbg,Terlalu berlebihan..  saya juga punya anak....
Tanjung Naburju,"Jgn mau mba klo cuma minta maaf,, harus dipertanggung jawabkan di jeruji besi... Biar tdk ada lagi Nakes lain yg jadi korban bapak itu."
Zahra,Coba bapak yg menganiaya perawat itu suruh ganti posisi gimn kerja kaya kami baru tahu dia
Bil Tampubolon,Mari kita Cerdik Menilai Sesudah Ada kompirmasi dri ke2belapihak Tapi yg main Tangan Ada Sangsi Hukumnya Apapun Alasannya.
Nyolder Nyofwer,"audah dilaporkan kepolisi,kawal terus jangan mau damai !"
Abd Rohman,"Gue polisi, paling minta maaf beres"
Abby Razta Rockmantiez,woii doski ngaku polisi bilang nya..!! .
Ikha Supriyati,Idiih...gak punya hati...biar Allah yg balas
Jamial Haji,Itu sekuriti di gaji ko ga bisa ngamanin cuma bisa liat kasi aja tu suntik mati gede badan cuma diem aja
Putra Jaten,Gantung aja kalao aparat seperti itu tidak ada gunanya
Lavayanto,"Biaya belajar memang mahal,termasuk belajar menahan emosi.Dipenjara deh."
Ujang Riyanto,cari dan viralkan identitas pelaku. dia harus diproses tapi sebelum itu kita hukum rame rame.
Wahyu Juniarto,Bisa kan pakai kepala dingin?
Darmansyah Tea,"Di buka infus berdarah itu wajarr, orang dewasa aja suka ada yg berdarah apalagi anak kecil yg lg aktif2 nya"
De Li Sa,Arogan banget bapak itu. Kesel aq lihatnya
Boru Ni Debataraja,Berani nya sm perempuan doang...emang kalo aparat knapa...presiden aja gk se songong ni..
Ocy Damanik,"gonikan aja itu pelaku. atau di lagakan sama yg imbang. biar tahu, gimana rasa nya kalau di gitukan."
Budi Hehoxs,"Semua tuhh ambik hikmahe,,biar suster melayaninpasien g ledah ledehh"
Ka Sutte,Saya tunggu kabar mewek muak nya ya om tante
Yanto Yanto,Udah usir ajah tu pasen
Apoymatic Papahnya Zidane,Kalo ga mau berdarah mah Dukun aje bos biar di sembur ntu bocah yg sakit
Ragil,Sabar jgn jadi sok jago. Sekuat2nya bang jago pasti tersungkur nanti
Meilia Susan,Dikira psang infus cma nempel di kulit
Dwi Lestari,"Bodoh sekali keamanan rumah sakit itu,,,,g bisa cm ngatasi satu orang,,,,,,klo gua jadi pimpinan satu udah aku pecat langsung,,,,,"
Yayan Mulyana,Part 2 pasti berisi klarifikasi dan penyesalan
Rasya Kencur,"Halah,.. susternyaa aja kurang ajar,.. emang kebanyakan suster kurang ajar kok"
Mustofa,"Meskipun kamu benar ,hai keluarga pasien,tapi kamu tetep salah,karna kamu menganiaya secara jelas dan sadar,kalo memang benar dia polisi,pecat aja,nggak becus ngayomi"
Muhammad Naufal,Di sudan sering terjadi
Yossy Karnadhy,Kita liat endingnya ........
Eddy Suharto,Paling minta maaf dan kilaf
Anang Fauzi,Rumah sakit itu ngeGaji security buat apaan yak?
Brian Putra,"Yg jadi pertanyaan kenapa satpamnya diem aja disitu, maju mundur gk berani ambil tindakan lihat perawat sampai nangis"""
Zurdhan Gombloh New,BIAR GAK USAH DI INFUS BIAR MATI SEKALIAN KAN BERES
Harry Aksara Yasa,Yang belain bapak ini fix anda sakit jiwa
Benni,"Security rumah sakit,,, security CABE-CABEAN NAMPAKNYA"
Ridho Wijaya,Pasien wajib menunutu perawat itu
Armya R Ya,Satpam nya pondan
Zack Pae Wulan,Anaknya suru obatin sendri aja dah
Cintäku Lhuayů Söebélum Bhérkembång,kalao emang benar ucapanya maka hancur citra polisi hanya karena orang berhati buas.
Lina Nurmalita,Apapun itu mslh jgn maen hakim sendiri semua ada etika nya...
Raden Adnan,Itu cara cara premanisme yang harus diusut tuntas
Bang Reno,Suruh bawah ke RsHewan aja anakny.dasar Ortu BUNGUL...
Rie Asyarie,"Akhir cerita selesai dg kata ""M A A F "" .."
Ragiel Ramadhan,Gue Polisi...
Aprilia Shafira Halimatussa'ban,"Kontrol emosi,,,suster hanya karyawan yg melakukan perintah atasanya,,"
Angga Yan Raharja,Yg namanya anak kecil dicoblos2 blm tentu dapet infusnya.. Kecuali anakmu diajari macul..
Liank Syah,"Seram bangedd """"""  ,,di tunggu Vidio klarifikasinya"
Try Rizky Zeb,"Dak Tek otak,,badan besar otak kurang,infus sendiri anak nya sendiri"
Widhi Atmoz,"Suruh pulang jgn di layani, bapaknya penjarakan"
Bagus Najuwa,Naluri seorang ayah...
Wahyu Allianz,Laporan sj k kantor polisi dan jgn smpe materei 10 rb bsa membuat si kaos merah bebas dr jerat hukum
Endik Soesanto,Part 2 sdh keluar blom ne
Jaye Agung Agung,Jangan emosi dong pak ingat ini bulan suci .seharusnya  menahan napsu sabr .
Raden Kusuma,Tugas keamana mana.. langsung pegang aja...
Vïñ Ťîêrrâ,Trus klo dia polisi bisa gitu ya marah² jambak² orang.. ya ampun.. susternya jg sdah nangis²..
K-rim Benzema,"Ujung2nya cuma minta maaf,dah kelar urusan,,,"
Dibo Boboy,Ditunggu video ejakulasi nya
Kurniawan Abdy,Nunggu episod. Yg klarifikasi
Robert Kenedy Ginting,"Terkadang apa yang kita lihat,tak sesuai dengan kejadian .."
Ade Ahmad Sabari,Njir mentang2 polusi
Pe Cin Ta Brazzers,"Udah jangan bertele tele, tes urine visum buat laporan kelar."
Areez Tfc,"Kan ada namanya teguran, ada prosedur utk komplain. Sy kira kita semua bangsa yg beradab. Bkn bar bar"
Erwin Triyanto,Ujung2nya minta maaf....
Aby,Ada beberapa yang tidak bisa di ajak hukum negara karena ego nya.
Chris DreGd,Manusia kok senangnya marah2 trus ya
Haris Iskandar,"Mohon pencerahan nya pak kapolri, jika oknum anggota polisi seperti ini....???"
Sunarko Narko,Udh ky anak paud aj klo dilihat yhhhh
Rudi Ziyaads,Polisi ga bermoral....ga pantas dan sudah tidak jamannya lagi bro
Dewa Ananda Wijaya,Lah yang d masukin jarum infus kan pembuluh darah.. wajar dong kalo keluar darah.. kalo gax pass masuk ke pembuluh darah malah fatal..
Khodel Res,"Gk segampang yg bpk kira,,,wajar berdarah"
Opank Oded,Mungkin dulu bnyak bolos pas praktek.....
J Wahyu S,"+62 beberapa orang. gratis aja galak, apalagi bayar wkwkwkkw"
Ependi Damanik,Serba salah kalau gini.. terkadang juga para Rs sukak buat emosi dengan dan tidak menenpat kan para perawat di posisi yg benar2 di pahami..
Budhi Santoso,CINA SDH BANYAK TINGKAH SKRG
Blendrang Tewel,Bentar lg mewek2 minta maaf
Arifuddin,polisi begini yg merusak namax polisi
AnugrahRaka Pratama,Ujung Ujung ny gek minta maaf..
Jakarevo Si Kiroen,Tolong min bapaknya itu di pertemukan dengan aku
Kencana,KAOS MERAH.. ANDA TIDAK PANTAS ANIAYA WANITA. MIKIR..!!
Iskandar Zulkarrnin,Lanjut ke meja hijau
Dhanny Ramdeey Rama,Sing jelas yg namanya kekerasan iku yow melbu penjara. Kecuali minta maaf terus di maafnooo
Eka Wati,"Jaman skarang banyak para dokter"" yg membunuh pasien tp mn tnggung jawab nya"" sakit biasa di bilang covid di bawa ke rs mesti mati di tempat q bnyak tu sga sja orang kayak gitu kena azap dri allah"
Prasetyo Bayu P,"Yg pulisi kaos putih pemirsa, bukan yg marah2"
Ari Eko,Nunggu part 2
Dedek Arpy,Pasti perwatnya bilang saya maafkan..
Agus Susiono,Sesalah2nya perawat bapak jelas ttp salah krna sprti itu.
Alfa Mandala,Yg sabarrr mas.ojo di bikin emosi nnt menyasal kemudian.
Devid Santoso,Salfok sama security
Andre Awan,Pas udah minta maaf kelar kasus nya
Samsul Hadi,Suruh pasang sndiri saja.
Poppy Pratiwie,Pelakunya kaos merah : Jason Tjakrawinata
Nugraha Putra Ciamis,Woy dikira pasien elu aja gak kebayang cape cape kerja tapi di gituin
Sulis Tyanto,Halah paling ujung²nya klarifikasi minta maaf... tuh si bapak
Mohammad Abdur Rohim,Infus sendiri aja lu
Ahmad Roijad Pulungan,Infus sendri aja d rumh
Fahmi Batavia,Lebay bapak baju merah bertopi.. kalo ga ngerti diem aja pak bos.. ga usah maen kasar.. jangan mau damai.. penjarakan.. saksi banyak... Biar kapok.. pake BPJS aje maen kasar
Heaven Stricke,Gitu yg laki2 ya tdk brani untuk menolong perawat nya
Putra Pertama,"Kalo gak ada api ngk mungkin ada asap, ini kejadia jadikanlah sebagi pelajaran untuk perawat dan pelajaran buat kita semua."
Rheza Alfianda,Udh di tangkap kok pelakunya
Arieghan,Palingan klarifikasi nya saya meminta maaf atas perbuatan saya...
Armando Armand,Yang pasti hukum pidana tuh
Rudhy Retro,Selamat datang di negri +62.....
Rohman Saleh,Klo masangnya di hidung ente... Enek dul...... Hadeh
Mamas Imbil,Buat korban...tuntut dan duitin aja tuh polisi
Ezen Ali,Menunggu video seterusnya
Dave Ong,Ujung2 nya mewek minta maaf
Joint Tarigan,Makanya tiap pekerjaan perlu profesionalisme
Arimbi Arimbi Cyantik,Penjarain aja biar tau rasa .itu penganiayaan
Fitri Ani,Nunggu video berikutnya sibotak..kalo ada sertakan dikomentar.
Mbudi Junkiez,"Kepada bapak aparat mohon ditindaklanjuti nie org stresss, inget perawat itu wanita..ganti tu pake BH ame rok.."
J Samosir,Suruh pindah aja..pidana tetap
Jhon Mambas,"Penyidik tdk perlu berkeringat  akan hal ini, Bukti Videoo Jelas, Saksi Buanyak. Tinggal Gasss. Stop Arogansi Aparat, Ingat, Yg Gaji Kau Siapa ??"
Edward Chandra Palangka Raya,Bapakya itu di kasih obat bius aja keterlaluan
Rifky Hendrito,"Bntar lagi jg minta maaf,,bilang nya khilaf"
Feri ZK,Indonesia makin kesini banyak orang gak jelas kayanya.. Makin banyak orang arogan makin banyak orang belaga gila..
Mellyy Mellyy,Hukum saja ditolong mlah kayak gitu
Susi Rani,Arogann bngt sih yah pasang inpus ya pasti berdarah kadang Vena nya susah juga wajar lah ..smeena menaa
Ahsan Alkholikin,Hasil sekolah suap
G-Heru Cokro Takashi,Kaos merah.... Masukan dulu... Dinginnya malam.
Kherry Kher,"Masya Allah,maha benar netizen dengan segala pendapatnya. Hihihi"
Romi Firnando,Cc Persatuan Perawat Nasional Indonesia
Iwan Fitrawan,Bentar lagi ada yang muncul dengan video muka melas...
Ras Irvan,Palingan tandatangan matre selesai.
Edoe Baterek,"Pasti orang kaya baru, kalau ngk orang yang jarang ke rumah sakit karena takut keluar uang,"
Adang Yasgati,"Tenang banyak duit, dgn cakap maaf, masalah bersih tak bernoda seperti pemutih"
Sukandi Ji,emang kenapa kalau polisi?
Firdiaz,"Nih materai, 10rb sekarang"
Luky Soebrata,Wajar ortu korban ma polisi ada jabatan jadi sekendak ati
Mauliani Titin,Pak satpam nya takut makanya cuma diliatin
Ihwanun Mudhofir Hariri,Satpamnya kok diem tau keributan gitu langsung sigap harusnya
Khodijah,Satpam nya ngapa woilah
Tizhy,Awas aja kalau cuma minta maaf doang.
M Tohar Banega,Harus di proses hukum ni orang.
Prayitno,Wani ne karo suster wedok
Pace Yen,Coba langsung di penjara nnti minta maaf muka babingung lagii sudahh aman
Budi Arman,kadang suster banyak gak becus juga...
Paijin,Tetep satpamnya yang salah.. ngapain malah diem aja dia
DhoniPrtm,Anak magang mungkin:v
Zhen Zen,Mungkin pak polisinya lg banyak cicilan yg belum kebayar dan akhirnya si perwat jadi sasaran amarahnya....sabar mbak....
Asep Supriyatna,Klo emng mampu nyembuhin gausah kerumah sakit. Kasih aja bodrek perawat lah jd sasaran
Herman Herman,Itu security. Nya kok ngak guna gitu...
Chika Alfaris,i jahat kali kok Sampek di Jabak Jabak
Fikri Maulana Yusuf,Itu satpam diem aje cewek digituin
Tokogrosir Lokasari,"BANG JAGO 2021...BERANI NYA CM SM LANSIA, BALITA, CEWEK."
MenDrova Alfred,Satpamnya mental tempe  suruh pake rok ja
Tata Supriatna,"Saya p****i,,,terus harus arogan,,wadidaw ngeri kali"
Surani Rani,Ursmat jkcil.jarum g masuk bnyak kreteria seperti itu
Benny Dwirianto,"Tdi ngakunya aparat! Benar apa tidak ya! Klo benar, berarti si bapak itu somplak"
Essy R,Itu scurity klhtan Kya takut
Rohandi Youlie,Saya Masyarakat biasa..hehe
Erwan Da Widiatmoko,lah gimana ga ada yg ngelerai
A Bhay Disana,bentar lagi ada yg butuh materai...
Hessel Herman Pandeyate,Rata2 yg komen belum baca berita deh...
Ditri,gile ya ngaku polisi terus main kasar gitu.masih makan nasi jangan sok keras..
Rere Dhona,Marah wajar tapi jagan main tangan dan menggatas namakan jabatan.ini negara hukum pak!!
Eka Wati,"Itu bukan dokter tp dokter abal"" itu"
Erick Wahyu W,"Mau polisi mau apa, harus ya buat tauladan yg baik, selesaikan dg baik, apa lagi aparatur negara..."
Eidy Lo,"Bang jago ee bang jago,,pecat sekuritynya yg bahkan ga berani msk kamar buat mencegah bang jago!!proses bang jago sampai akhir,,ga boleh ada damai!!"
Widi Yeni Artha,Sudah buat inform konsen belum?...
Dy Dy,Ntar lagi permintaan maaf aja itu ato di luar pelaku di dorr.. sok arogan aja
Herawaty Ompusunggu,Entah apa guna security yg baju hitam ini..
Jack Win,"boleh tau Akun fb,ig nyaaa...   bls pliss."
Jauyan Priyadi,Securitinya baru ganti kelamin kayaknya..
Malik Firdaus,"Satpam nya pecat aja,, hasil nembak sertifikat ya gitu. Ga bisa ngapa""in disaat ada kejadian tak terduga yg mengganggu keamanan"
Teten Meshow Samuel,Produk Revolusi Bantal
Oemar Walidi,Gitu aje repot....klau bs lanjutkan.......
Oktavianus La'bi,Yg pakek safari apa satpamnyaya?? Klo satpamnya kerja gk becuss.
Septian Bagus,"Bntar lagi keciduk dan minta maap,ahh basiii"
Mira Steven,Kalau dia polisi emang kenapa..mentang2...gitu
Agoes Cahyono,vidio kurang lengkap dan jelas
Muhammad Khobir,istrinya kompor komporin... meledak dah tu kompor...
Nofrie Chaniago,Kalo keluarga nya sakit lg
Toyib Erdogan,Satpam a kok diem ja tu ketakutan
Krismas Romulo Pakpahan,Lahh...kog arogan gitu??
Mybonsai,ciri ciri orang berdarah dingin
Handoko Columbus,Gak gitu2 juga x klo merasa polisi.kekerasan ada uud KUHP  nya lo
Raihan N Alif,"Orang gerti k pura2 bodox ,gk lemos"
Halimah Halimah,"Satpam,a itu kenapa?"
Akbar Naufal,Cuk satpamnya liatin doang
Yanie James,Heranya tu sekuritinya mlh diam aja heran
Indra S.,Siapkan meterai rp10.000
Maulana Pasterdai,Saran saya Pecat security nya
Abu Tamami,"Bentar juga ada video klarifikasi,minta MAAF,udah,selesai,kan polisi..."
Budi Nugroho,Paling males liat yg sok kreak bawa2 kerjaan nya apa.. Apa dia gak tau asal viral selesai sudah
Jun Forman,Waduh'bpk gmn sih namanya di infus ya pasti berdarah pak.
Liana Kecemol,Ini kronologi nya OPO to
Kenziro,Bapaknya panik..karena ketakutan lihat darah..
BangJack,"Yaa maklumlah mentang2 ngakunya polisi, kalau dah ngaku polisi semuanya diam...polisi looo....dilawan"
Resansius Resan,Eh  aku priksa gula darah dan suntik vaksin korona juga berdarah nananya juga ditusuk
Rudy Massing,Satpam juga tidak ada reaksi apa apa
TahLis MuhamMad,Infus saja sendiri di rumah lu...
Hery Hery,Palingan sibpk ujung²nya minta maaf...
Widy Suprapto,Ada yg punya foto wajah penganiaya perawat.
Bambang Rocky Soetanto,Security-nya yg pake safari di pecat aja masa hanya jd penonton doank
Dikie Joob Id,Ko berita nya sipang siur sih...ada yang memasang impus ..ada pula yang mencopot impus ...jadi media mana yang akurat tuh ....?????????
Papah Farel,"Hati"" om..."
San Siro,Di tunggu video Penyesalannya..!
Vicki Aries Dinurya,Keras... Lor tapi kalau sdh terciduk nangis .. Lembek
Juwita Salbi,Mgkin dy udah bayar mahal tapi pelayanan ga sesuai yg dy harapkan... Dtunggu klarifikasinya
Tiara Ambar,"Mentang""polisi yg nama ya si infus ya kluar darah pa aneh"
Hendri Hendri,Jangan ada kata maap. .....HUKUM DIA YG ANARKIS
Ka Mami,Lawan mana pengaman nya lemah banget
Edoy Doy,Apa yang dilakukan susternya dari awal sampai akhir harus jelas jg. Semua harus tau sebenarnya apa yang membuat bapak pasien ini se-emosi ini.
Firmansyah,Disini baru saya faham bedanya masuk umum dgn BPJS
Firman Faiz Hidayat,Fungsi semeriti apaan ? Badan doang bongsor
Axelsenrizal,mau polisi mah klo di tempat umum kita sama rata...
Azka Agastya,Satpam e jian ra guna
Ronny Mnda,"Suruh dia pasang sendri infus,binatang...dia pikir gampang ..dasar biadap."
Glenn Korah,"Woiii,,,Lo Gak Ada Ahklaak.!!!"
Fhaoel,"Blacklist aja tuh sekeluarga, jgn boleh berobat di RS mana pun,...biar diinfus"" sendiri, diobat""i sendiri,.."
Chin's Wijaya,"Bentar lagi ganti, gua OKNUM!!! Wkwkwkwk"
Mamengzah Jurukunci Kuburankidul,Di tusuk jarum y berdarah bego y kterlaluan hahhahaa
Asep Saputra,itu scurity nya ko diem aj sih
Andi Harun Razman Al-Bugisi,Satpam nya melawak kah ini?
Ka Mami,Wah duh s penjarakan  penganiyaan
Robbi Thedja,Makanya anaknya jgn sakit jadi ngga usah di infus... ngatur2 perawat.. proses
Nungky Anggraheni,Aku membawa barang indri dmn barang aku semua
Na Na Na Sampit,Yg baju item item itu satpam kh bukan.. Ko diam gt..
Roman Kobel,Itu yg mukulin polisi?
LaLa LaLa,Kesyel sm satpamnya juga
Abu Tamami,"Oh,itu polisi ya?"
Nungky Anggraheni,Aku gak punya hutang dan janji sama kamu kenapa kamu membawa barang aku
Ahmad Ramadhan Mursalin,Tuntut penjara n pencemaran nama baik nominal tanpa batas
Said Saifulloh,Lucu amat ngeliat bpk2 ini.....biasa ke dukun kayanya
Rony Rea Reo,Wooowww oknum polisi kok sperti it
Dodik Gomblo,Sekuriti kek kebo diam aje.
Wahyu Hidayat,perawat gajinya gak seberapa tapi pasien nya merasa raja
Nana Putra P,Mnding gk usah di tanganin tuh kluarga
Nungky Anggraheni,Gak perluh menyatukan aku sama amir
Gunawan Gombret,Gini jadi nya kalo jadi polisi hasil bantuan orang dalam
Opendry Marbun,Gak diperlakukan sama gak asik
Nungky Anggraheni,Aku gak mengambil barang kamu kenapa barang aku kamu ambil
Kurnia Sandy,Suruh impus pake pistol
Dian Gaul,Satpam
Nungky Anggraheni,Aku mohon kali ini saja aku repotkan kamu dimana barang aku semua
Indra Slamet,Kita tunggu kata kata Maaf sambil nangis dari si laki laki Cemen yg sok jago....
Uchiha Dhudy,"nga usah dirawat anaknya, biarkan ajha mati, susah amat, orang bgitu nga usah ditolongi, biarin dia yg obatin anaknya"
Nungky Anggraheni,Apa aku pernah pegang barangmu enggak kenapa kamu pegang barangku
North,Nunggu minta maaf nya
Bayulfashlan,Orang mana tuh.???
Sugeng Wiyono,coba kedukun aman kg diinfus
Steven Richard,"Percuma lapor polisi... Toh bapak nya yang ngeroyok polisi juga... Paling suruh damai... Bawa ke komisi perlindungan wanita, komnasham, ama ke polri biar bisa kena sanksi..."
Fahrul Didi,Gue gemes Ama satpam Nye
Asparin Rin,Macem binatang dan tak punyak akal iti si botak
Bonsai Alam,Emang kalau lo polisi bisa berbuat semena mena sombong sekali anda
Raden Adnan,Satpam RS nya kenapa gak bertindak tegas
Nungky Anggraheni,Tolong jawab dgn jujur dmn kamu taruk brg aku semua
Stya Fermana,Suruh bawa ke dukun aja. Jangan ke rs
Mohammad Rizki,Malu maluin nama bawa polisi
Ila Widara,Yg pake baju dongker diem aja tuh
Eckha Rockabilly,Ga ush pake klarifikasi biar kapok
Idris Kancill,tulah klo lulus hasil sogok
Rangga Adit Levi,Ya sakit bukan kita yang minta....
Achmadyazid,durasi jambaknya kurang Lamaa
Atiex Atux,Org nya menyesal tp mo gimna lagi nasi sudah jadi bubur buat pelajaran untk yg lain juga jangan main pukul seenak udel e dewe krn negara kita negra Hukum
Rinjani Herman,Aku loh kemarin darah di tangan sampai moncorot kayak geni sakit nya luar bisa dan suster nya kasar aku diyem aja.
Lingga Terate Sie,Hallo pak....
Nyayu Ayuu,Dah dilaporin
Dwi,Dia polisi kah? Kok Ngomong 2 polisi
Paimo Solo,Trs kl elu ngaku aparat.Lu bs pukuli orang??Tuntut sj.Biar dipecat
Re Ya,Aku diambil sample darah nya sampai lebam gini aku gak Marah
Farid Ari Purnawan,Dan akhirnya
Paimo Solo,"sj,+pasal penganiayaan.Coba elu mau apa?"
Refli,Otw ditangkap klo ga minta maaf nih
Supri Yanto,Padahal masih lucu lucunya sudah hilang ...... kasihan netxen +62
Alif,Pelkunya segera di tangkap aja .lalu di tonjok 100 x
Sara Pawitra,Pelaku udah pake baju baru weee
Khodijah,Tendang tytyd nya gemazzz saya liat nya
Wijaya Saputra,"Yg goblok itu security nya, sudah tau ada insiden kaya gitu malah diem aja...."
REVANZKY AZHURA ID,Di tolong ko kaya ajing..dsr kewn liarr tuh pasien.
Klinik Afiyah,
Klinik Afiyah,
REVANZKY AZHURA ID,Klo q yg jd perwat nya ku cekik tuh ank psien mpe modar di tolong gk tau diri bget
Klinik Afiyah,
Lyn Hws,"Lelaki baju merah nie, seharusnya di cek dulu, mungkin dia ada sakit mental, maklumlah musim pandemik, banyak orang sudah gila. Terbaik bpk celana pendek telah menolong dan meleraikan. Satpam di rumah kan aja karena ngga ada fungsional nya. Staff peraw…"
Dodi,
Ichfar Ippank,Uknum Polisi yg tolol tdk m'beri contoh mrusak Citra instansi pke sebut² pdhl tdk dlm tugas
Eny Wiandani,"Keinget 8 thn yg lalu, gara"" G bsa diinfus ditangan kanan & kiri jd mau diinfus dikaki, pas mau disuntik kekaki langsung dong ya kta sepakin perawatnya , dan akhirnya perawatnya ngalah ngelihat pasiennya nangis ketakutan disuntik dikaki , perawat…"
Fauzi Fauzi,
Yere Mias,Itu SECURITY nya ( pakai safari ) knp bnyak diam knpa TK ada aksi nya.
Yohanes Alexsia Wisang Anarkhy,yg pakai baju merah itu manusia apa bintang ? harimau saja mau nyerang mangsanya ngendap2 ..tapi Baju merah ini mengalah kan buas nya harimau ..lansung nyerang  brutal liar dasar otak binatang. .. paling2 minta mf mslh selesai.. bangsat banget
Aqiilah Vino,"Anak gue juga pernah di infus,sampai berdarah waktu mau disuntik,tapi gue ga sampai segitunya,gue berpikir mungkin dokternya bego,makanya gue maklumin,yg Jambak rambut susternya itu tidak dibenar kan,tp itu hal yg spontan dilakukan karena orang tua pas…"
Amely Lie,Kaya ny biaasa deh kl madalah infus berdarah mah..mungkin bpk nya lg bnyk pikiraan jd stres
Farhan Farid,"Sy pernah ngalamin 10 thn yg silam,mau Pasang infus di tangan  sampai suntik berkali-kali kasian anak saya sampai berdarah."
Muchammad Adha Yuliatmoko,Besok2 kalo dia sakit langsung suntik mati aja
Shopie Hana,Huufff sya juga kdg bentak suster nya juga .krna kondisi ank sya gimna ya .sya lgsung menangis. ..tpi bbrpa saat lgi sya minta maaf lgi..dan suster nya bilg iya buk .sya Pham sya juga seorang ibuk
Dadan Darusalam,"Anjing tuh bapak2 goblok . Ga segitunya kali . Ngejambak perempuan ampe sgtunya , klo pun tuh perawat salah , harusny komplain ke atasanny . Bukan main fisik . Ap lg sama wanita .."
Jaya Barandal,Dokter emang harus di gituin wong dia bayar ko. Yang pakai BPJS pun harus bgt kalo mereka ga mau ladenin/ga becus ladenin.suruh jadi dukun urut AE jgn jadi perawat)dokter.
Sumantri My,"""Yang baju merah jangan sampai lepas"" (alm.kasino)."
Mul Jr.,
S Pradiptya,Lucu liat yang pake baju safari... Bukannya nenangin/ngelerai malah nonton
Ayu Fransiska,"Kalau cabut infus, pasang infus gak mau berdarah... Besok besok berobat ke paranormal aja pak"
Lilis Haris,
Aldy,Garang2 dahulu.. ketangkap ciut... Bawa aja pulang ke rumah trus infus dan rawat sndri.. itu mah udah mending.. susternya udah berusaha ... Kalau kelalaian yg berakibat fatal mah keg kejadian yg prnh gw nnton wajar marah2...
Faeyza Fikri,
Ozge Serkan,"Goblok ni org wajar klu di ifus diccuk dom keluar darah,, klu a tendang burung bpk bju merah biar tau rasa'ny sakit.. jgn dim'f kn penjara'kn"
Etha Yopanus,ga lama minta maaf tapi anak orng dah d jambak2 .. pasang infus aja sndri bikin emosi liat
Purnama Putra Wayan,Klo gw dsana ud tempeleng tu bapak2 biar alam sadarnya kembali
Merry Tambunan,"Geram x nengoK nya bahh,, jijik x liat laki2 kasar"
Gede Agus,Kalo suda begini dh biar si  kluarga itu aja yng masang impus kalo emang bener bisa kasi conto tolol
Safrel Kana Loem,Teguran mgn prl tapi ngk segitu ny x
Gelandangan'e Lemah Wangi,Ni mah tolol klo gk mau berdarah suruh pasang sendri aj.
Fizka Gar,Perawat perawat belajar. Asal masuk kan jarum. Yg dikira dia nya boneka semua pasien ini. Coba coba. Kena batu nya kan
Irwan Hardi,Klo emg salah perawatnya gausah maen tangan jg goblok. Badan doang gede berani sm cewe
Enggar El-Rappha,"Kalo ga berdarah bukan pasang infus namanya tapi pasang perban, tapi apa iya harus di pukul dan dijambak cuma karena gitu doang? Anak lu masih hidup loh. Perdarahan karena infus ga bakal bikin anak lu mati kalo pasang nya di RS."
Tama,Mana ada masang infus g berdarah...goblok nya ini orang
Hanii,Lainya
Hanii,Odah
Rifal Rizky,Suster yahudi
Hanii,Yg
Hanii,Ada
Lavie Wildan Drummer,"Apapun alasan anda, anda bersalah memakai kekerasan."
Putra Dairi D'crack,Cak ela...
Yunike,kegoblokan yang harus tersiar sampe seluruh nusantara. Kapok kamu halomelisa21. Bodoh nggak tertolong. Sekolahpun percuma sudah tua.
Dhito Oziel Alvaro,Sekarang bisa lu ngomong gw polisi...abis Vidio ini viral..ente jadi mantan polisi..apakah harus seperti itu jadi aparatur negara.viral
Firmansyah Prasetyo,Sok jagoan matiin saja org spt itu dasar otak anjing babi
Mas Yayang,"Apapun alasanya,yg baju merah itu bajingan."
Shan Uwongoku,"Byk sekali perawat dak becus kerja.. aq 2x mengalami hal seperti ini di 2 RS yg berbeda, alasannya anaknya gendut tp ketika dokter nya dtg ga pake lama langsung bisa tu.. emang dasar perawatnya aja goblok"
Iyon Ayae Sheina Sheina,"Kalo main kasar sebetulnya semua orang bisa,"
Fhardoshe Imura,"Beraninya Sama perempuan,,sok kayak taik...gaya mu kayak taik.."
Edward Chandra Palangka Raya,Jangan cuman di penjara bapakya itu udah pasal penganiayaan itu bodi besar otak babi
Doremi Tralala,"Gua jual materai bos, jamin beres"
Nurirahmawati,Percma ada sekuriti
Ronny Afrisal,Securitynya kok ga ada sikap
Aquaplant Waru,Info lengkap lihat ig info komando ato lambe turah
Gooners Yuthiee,enak ni data nya disebar biar ga ada rumah sakit yang nerima itu keluarga . namanya cari infus berdarah mah wajar . bloon bloon
Muhammad Jariah,Brengsek ini orang.... Suruh pasang infus sendiri saja...
Jak Ramaa,"Dulu juga ada kejadian seperti itu pas mau di pasang infusan.a . Infusannya ga masuk""Ke pembuluh darah sampai bengkak tangan.a"
Zulkarnain Fuad,Bentar lg paling tu mati suami istri
Tanpa Nama,"Rawat sendiri anakmu pk,blaclish dr semua rs biar modar sekalian,nggak mghargai prawat emang lho kira apa di pukul di jmbak ngash mkn kagak.dasar setan braninya sama prempuan"
Mekz Khamis,kurang ajar yang pake baju merah
රධ,"ujung""nya klarifikasi minta maaf gitu aja trus bngst"
Kasih,Kalo tak becus jangan mau jadi perawat mbk...
Danoe Maksum,Biasa orang kaya.
Rajo Langit Timur,kurangya kesadaran dan mungkin dia orang kaya tp goblok.bravo suster.
Ade Bayou,Gede badannya mainnya jambakan kaya eike
Abdi Way,pasti ada sebab karna akibat...
Danil,Ujung a mintak maaf ini kan di +62
Deant Ahmad,Ga harus kasar seperti itu dooong..ANJIIINK
Yogi Pranata's,"Video kok setengah"""
Aris,BANG-SAD kao !!!
AF Gaming,ga lama LG mewek itu ketangkep sitolol
Daun Talas,Satpam nya pengecut wkwkwkwk dasar payah dasar lemah
Arz Alqaidah,tolong yang baju merah itu di kaplok cangkemee
Clay,Pelakunya wajib cacat tuh..
Wida Sajalah,Lebay bgd ortu nya goblok
Empu Sanibin Kunir,"satpam e kok bego yg baju hitam , seharusnya Satpam bisa mengatasi situasi gawat seperti itu."
Afkar Algivari,Paling jijik sma yg sok jago pgn gw bakar hiduo hidup
Umar Csm,"Klo udah maen kasar lapor polisi aja, penjarain"
Adi N,like baju merah topi putih
Jasiman JazZii,Aku rela membatalkan puasa demi nonjok tu muka
Ahmad Alfan,Itu satpam buat apa kok cuma plonga plongo aja...
Asw Lu Emng,Dih Botak Tengil
M Ikhsan Ihwani,Arogan nya terlalau
Adek Ardi,
Rinalusiana,Laki laki gak punya hati
Hary Merah Putih,Bagus pak hajar saja klw menjengkelkan
Sudarmono Marbun,M.A.A.F
Hary Merah Putih,"Pokoknya mmng dokter dan perawat mmng br3ngsek,mmng tidak semua tp kebanyakan perlakuan mereka seperti setan.emosi benar gua."
Bo'THa,Anjing lo boss.
Hary Merah Putih,"Mmng pihak rumah sakit melayan orang seperti binatang,padahal bayar.biar kapok tu dokter sekalian.p3rawatnya yng suja suka mmperlalkan oasien dg tidak sopan"
M Ade Syahputra,Begok tuh....
Van Diesel,Usut terusss ..
Putra,"Security nya ,aduh"
Khotimah Nuroshop II,Sombong bner bwa bawa jabatan
Antiko Ferry,Triyani
Umardi Darmawi,Kalo arogan kandangin aja dikantor polisi...emang kalo emosi tu anak bisa langsung sembuh...intinya yaaa sabaaar..biarkan mereka/perawat itu bekerja.. mereka lebih memahami pekerjaan nya...kalo anda merasa pinter & kaya..bawa ja ke RS elit ato buat RS …
Dharma L Wijaya,Ada apa dg satpam nya
Robert Kaliku,Semoga keluarga nya yg sakit........ cepat mati
Ahmad Prakoso,.
Muhammad Lutfi Aba,"2tahun 8bln penjara,,, semoga saja penegakhukum propesional dlm kasus ini...tolong Amin-kan..."
Sitimba Laut Sitimba Laut,Security nya buat ap itu
Dea Al Kamal,Mkanya rekrut org yg bner
Nungky Anggraheni,Tuhan bantu aku utk mengatasi manusia satu ini
Heni Yusmaniar,CATAT KELUARGA INI KLAU BERURUSAN LAGI KERUMAH SAKIT JANGAN DITERIMA
Evayanti Naiggolan,Di bina lagi jgn terulang lagi...
Amorfath,njing
Ndan Jun,"Saya tunggu berita selanjutnya he..he. .., distasion Tv"
Nungky Anggraheni,Pakem 9
Bang Win,Tunggu berita selanjutnya ...min...
Arif Prianto,"Satpam lucu, gak guna"
Liez Hadi,
Nungky Anggraheni,Biar hdpku tenang dan hdpmu jg tenang
Dino Wongso,Gak punya adap
Ragiel Agiel,Ntu satpam diem bae
Nungky Anggraheni,Tuhan itu tau baik buruk seseorang
Tjhandra Tjatoer Darmawan,Dasar bobi
Yulianto Yufina,Bicarakan dan tindak dengan cara yang baik
Raja Iqbal Bungsu,sikurity diam waaee
Anton Manurung,P
Anton Manurung,P
Arsyad Sijaya,Andai dia saudaraku apapun pangkatmu
Sasaji Nukus,Ujung² e juga materai beres
Meii,
Jimmy Revelino,"orang lain"" kita gak tau"
Kristian Duemeo,Tunggu meterai selanjutnya.
Syobur Fajar,Ah tolol !
Ika Rahayu,Malualuin orang kantor lagi berantem
Ade Irma Suryani,Sapamnya bodoh
Jiencha PupujPuji Kaze R,Materai materai
Djulin,"Semoga hukum tidak buta melihat peristiwa ini... perempuan telah dianiaya,"
Kip Lee,Maklum ..
Risky Ainur Yahya,Pasti pasien bpjs.  Pelayannanya nol
Saadin,Tangkap !!!
Aan Afiudin,Perasaan rumah sakit punya scurity ya
Zain Arif Campreto,.
Budi Ono,Polisi itu katanya y
Denny Kodox,tempramental..
Fauzy Bilqis Al Azhar,Ngaku2 polisi lagi
Pa'Ester Tinambunan,Manusia biadab
Panjoel Soak,P
Dzaki Al'fathah,Satpam penakut di piara..
Reck Kondra,"Anjing nih orang, kalau kamu polisi berharap kamu di pecat"
Neldy Dominggos,Satpam nya penakut tolloolll pecat satpam katro
Zhoan Kae,Up
Yan Micko Bartion Part II,Up
Yan Micko Bartion Part II,Up
Yan Micko Bartion Part II,Tangkap ..
Yan Micko Bartion Part II,Up
Hari Santosa,Mat
Enkzell Bz,Security nya OOooon
Junior,Penjara menanti mu
Santibr Simanjuntak Sa,
Sam's,Scurity mana security
Alamsyahcepper,"Lapor kn,tdk punya etiak Luh"
Iskandar,"Jagan mau di ajak Damai sama pelaku, Tempuh jalur Hukum"
Fawzhan Ozhy,paling ujung2nya minta maaf...
Jokowahyono,Security malah nanton
Adjad Bo,Proses hukum lebih bagus
Moekhliez Ragiel Poetra,Viralkan
Eko Rini,"# Lain kali kl bapak ini n keluarganya sakit...jangan bawa ke rumah sakit...tusuk sendiri aza pak,beli infus n obat di apotik.PERAWAT JUGA MANUSIA.#"
Ida Nur Momy Niko,Laporin aja kepolisi orang kaya bgtu.. Itu manusia apa setan ya
Pelita Warna,Endinge mediasi
Okta Dwi Setiawan Tata,Brani smo cewek...banci itu orang.
Qiqi Anisyah,Security nya diem aja . Gimana
Efni,Visummmmm
Dwi Sumarwan Sumarwan,Ko dia bilang sia polisi ya
Ibnu Sutowo Lks,Miris.
Nanda Bayu,NARASINYA SALAH
Heppy,Gilaaaa
Tarmu Sugeng,Orang kaya
Rizal Boy,bagus
Muhamad Rudi Anton,Srang  serang
Anjhu Tambss,Makanya layanin lah pasienmu dengan senang hati dan ikhlas karna kamu tu dibayar.
Miftakul Khoirun Anwar,Pak Satpam tolong lah
Tut Van Hoten,Meterai 6000 ne
Samsul,Terciduk mewek nih
تنطوي,Ditunggu klarifikasinya min
Halimah Halimah,Satpamsatpaaaaam
Ay Umayah,
Lukmanul Hakim,"Tolak kluarganya di rumah sakit manaapun, biar tau rasa!!!"
Soni Cahyono,Tangkap...
Raden Bumi Dan Seisinya,Ya Allah semoga anaknya meninggal aminnnnn
Ary Abl,Nanti juga mewek
Nur Aminah Syam,
Maya Pasaka,Nanti di polisi baru jelas
Sultan,Tai anjing anak dajjal...!
Ahmarly Aries,Viralkan...orang seperti tidak bisa diterima dirumah sakit manapun...
Akhmad Dzulfikar Wibisono,Kasian Perawatnya.
Lisda Wilyanti II,
Torro Brown,Jangan kasih damai...Supaya kedepan ada pelajaran untuk orang yg kayak gini...hukum maksimal
Ali Muktar,Semoga pasien baik2 saja dan di sembuhkan dari penyakitnya... Aamiin
P Salu,Tangkap
Hendri Hendri,Jangan di ampuni.... Mendidih
Ocha Nya Adhie,kapookkk...
Gunawan Kong,
Kustianah Kustianah,Up
Jiwa Bumi Rantau,Arogan
R Harun Arasyid R,polisi ihh ngerii
Elrin S,viralkan...biar dimasukan dlm penjara
R Febrian Ach,Hmm
Budi Subhani Novoselic,
Boy'scout Barry's,No comment karna sedang tidak ditempat…
Adhi Nugroho Latief,Pemukulan termasuk tindakan yg kriminal
Robinson Barus,"Polisi pula  ,wau gak berubah"
Robinson Barus,Manusia egois .
Azhari Nasution,P
Frido Ahmad Budian,Mentang mentang plokis ..seeeeh
Musrifah,kasian banget aku liatnya
AL Ali Iskandar,Jgn memaki siapapun karena kita tdk di posisi mereka
Jumsi,Sesuatu itu pasti ada sebab
Xampret Asololey,Up
Ifoel Benz Ifoel,Manusia angkuh...
Erick Wahyu W,Up
Erick Wahyu W,Up
Erick Wahyu W,Up
Erick Wahyu W,Up
Erick Wahyu W,Up
Erick Wahyu W,Up
Erick Wahyu W,Up
Liu Zu Bun,Polisi ternyatah
Muhammad Ramadhan,"coba lwan kopassus brni g,pling jg lo g pnya kontol"
Philemon Liman,Lahh itu ada security diem bae ya
Lingga Terate Sie,Saya jg polisi pak ......pakek ngaku2 polisi lah dia
Erikson Pakpahan,Sdh di tangkap belum
Andi Rifan,Beraninya sama perempuan babi ini!
Wak O N O,Anjengnya itu yg baju merah !!!
Gin Wnt,"Satpam bingung...,,hadeh"
Rohmat Ghozali,Polisi jd bebas
Bayu Aji,Situasi yg berat
Dens Tea,"Nanti juga damai saling memaafkan,,,"
Safar Ziko,Kox sya yg jd emosi ya
Kiplii,Klarifikasi Minta maaf selesai
Teguh N,Ditunggu video clarifikasinya
Antoni Putra Zhakiez,BENER LAPORIN JANGAN SAMPAI ADA KATA DAMAI......
Kusuma Landy,Kasus in aj
Muhammad Ramadhan,Lwan koppassus brani g anjing polisi
FiLsa Aji Prakoso,Up
Soponyono,Arogan ..
Della Delvira,
Ayuusri,
Dani Saputra,bos ya udah gila itu ya
Saefudin Saefudin,Tidak bisa komen ah semoga saja urusannya selesai dengan damai
Mamong Dewe,Polisi kok arogan
Yovie Iskandar,Security nya takut
Joni Sijori,"Jujur saya sebenarnya nggak mau komentar, tapi nggak enak sama yang bikin status. Kan dia nulis status ini udah capek. Ya udah aku komenin aja biarpun Cuma singkat. Tak perlu panjang lebar biar yang baca nggak pusing. Kesel juga kan baca komen terlalu …"
Candy Dey,Seru ya
Imam Hafidz,SECURITY TOLOL BEGO CUMA JAGA PINTU BLOON
Lahabo'o,Menyimak para senior berkomentar
Cuk Baju Kokot,wajar j
Kaesang Bagus Pranadja,up
Kaesang Bagus Pranadja,up
Kaesang Bagus Pranadja,Up
Kaesang Bagus Pranadja,Up
Kaesang Bagus Pranadja,Up
Alfatih Bari,Lg2 arogan
Bayu Budi Haryanto,"Ready materai promo 50% kaka , silahkan di order . Senin harga naik ya"
Sujud Susanto,Dahsyat
Noval Anggara,Waw....
Deny Setiawan,Security-nya Cemen amat itu...gblk
Mas Arif Ilhami,Betulll itu udah betullll itu
Her Her,Indonesia... Indonesiaa...
Sutrisno Doank,"Sabar, bulan puasa"
Wisnu Abdilah,norakk
Dstam Candra,Angkuh sekali and awahai lucknut
Prabu Chipy Guntur Sakety II,UP
Tanaka,jangan d pasang biar mampus
Muhammad Saad,laporkan saja ke polisi
Buddy Wae,Puasa..  Puasa..  !!!
Santoso Teguh,ditunggu konspirasinya
Cind Arofiu,Puasa puasa oyyy
Membo Membo,Berat securitynya...
Ahmad Maulana,
Hery,Sedia Materai 6000...
Nayla Khairunnisa,Ramadhan .....moga semuanya baik baik saja ....
Joko S,JANGAN CUMA MINTA MAAF DN MATERAI .....
Anang Wibowo,Arogan sekali yah...
Neng Lia Amor,Kasian mba perawat ny
Suriadi Bella,Security-nya gak guna
Amil Emha,No materai.. no damai.. proses hukum..
Salam,Tunggu part selanjutnya dong
Ayu,
Omat Ayahnya Faqih,Nunggu berita selanjutnya
Ronal Rhafael Rhafy,Paling materi 6000
Ela,Heuduh inget pak ini bln puasa
Mauliani Titin,Jahat
Kurniawan Septa,Itu securitynya plonga plongo
Abdul Karim,"Arogan pak, berlebihan anda"
KT Awix,Dasar mahluk Arogan
Sibon Bae,Itulohhhh orang2 yg berotak Dangkalllll
Widhi Atmoz,Penjara kan
KT Awix,Keterlaluan
Zhi Ahmad Zabadi,Ya Allah beb  kamu jgn sampai begitu yaa
Ki Moustopo,itu petugas kemanannya malah diem bae..
Slam Marvin,Bodo amat
Selamet Riyono,Up
Pak'e Fiki,Sok hebat
Paijin,Up
Paijin,Up
Paijin,P
Paijin,Up
Arifin Zi,
Paijin,Up
Paijin,Up
Bang Pandy,Scurity
Ishaq Maulana Al Kahfi,Laporin aja biar tau yg salah
Mukhlis Dt Hitam,Manusia sombong ..laporkan mbak jangan mau damai...mentang2 polisi ....kurang ajiar.
Wahyu Brebes,Securtynya ngapain pea
Ridwan,Laporkan tindakan penganiayaan. .
Azka Jaya,Viral kan aja
Hermansyah Al Farizi,"Waduh Arogan sekali sibapak,!"
Wiiand Wiiand,I
BurHam AnDreaz,Up
Risma MaRlina,Mungkin ada sebab nya hingga sperti itu ..
Likex Ahmad,Gue Polisi ?
Syarif Naba,Jngan datang ke rumah sakit klau tdk mau lihat darah.......
Rino Oki,Satpamnya lulusan mana itu
Sazlina Mdsalleh,Kurang ajarr
Galih Trianggara,AROGAN
Devana Humaedi,Masukan penjara.. JNgn kasih damai..
Danz Danil,Te elling jelma th
Mas'ud Khamsanie,Sekuriti nya diem baeeee
Taufik Bin Latief,security diem aja
Adiyanto,Sapamnya cement..
Eko,Up sampai disanksi
Dina,Up
Dina,Up
Heri Andry,Ntr jg klarifikasi minta maaf
Abdul Wahid,Klarifikasi
Dheo Kumala Wongso,Mudah2an di pecat
Dheo Kumala Wongso,Up
Safrel Kana Loem,Polisi begok x
Antiq Poenya,Up
Antiq Poenya,Up
Antiq Poenya,Up
Andika Prayuwana,
Permen Komix,MAAF
Ignas,Semoga YANG NGAKU POLISI itu lekas  diterima disisi Tuhan . AMIIIIIN
Ismoyo Haryadi,BAGUSSS....
Om Davit,Arogan..kandangin.!!
Hermawan Iwans,Laporkan
Fahmi,Ohh anggota
Johnkiss,Satpam
Ade Aris Setiawan,Mantap
Krismas Romulo Pakpahan,Security diam saja
Sapta,Satpamnya cmn nonton
Ahmad Agus Riyadi,Up
Ahmad Agus Riyadi,Up
Meilia Susan,Adeuhh
Bhakti,Ngaku pulisi?? Perilaku begitu ke perempuan?? Dasar Psikopat
Fa'cal Jr,Mari kita ramaikan
Ahmad Fahli Monek,oh jd kalo polisi semau nya ya
Dedy Yulianto,Slmt berbuka puasa
Mas Ilham,Umbulke
Yunita Rumondor,"Sakit jiwa,jgan sampai cuma materai"
Dziko Kholid,Sekuriti tolol diem doang
Wahyu Scl Singosari,Gue polisi
D̶̲͉̋̒̈́̉̄͑͗̀̏̏ͅę̵̯̦̩̟̤͉̳̜̌̾d̶̡̛̛̛̛͈̼̱̼̟̹͈́̂̅́́͠i̶̧̧̺̥̺̪̙̱̪̰̎̈̄ ̷̮̭͕̱͇͓̭͇͈͈͐͊̌̂̂͐͂̉̿͠O̶͉̐͊̏́k̷̢̿̾͊͝ţ̷̲̔a̸̢̯̮̬̤͔͉̰͒́ H̶̨͔̫̪̘͎͍̣̓̃̐͋̌͝͠͠ȩ̸̻̺̳͈̞̱̹͍̃̐͛͛̋̽̔ͅr̵͉̳͍̠̘̱̈̅̒̏͛̃̅̚͜ͅm̵̡͎͇̤̰̺̬͒̍͗̾̿͘̕a̵̞̳͆͂̇͌ẁ̸͎͝ẳ̸̹̲̹͍̪̈́̐̇͝ͅn̵͙̻̦̯͕̹͎̪̖̉͐̔͊͜,Waw
Wanly Franciscus Bakkara,Ditunggu kelanjutannya
Findriatno,Sedih
Habib Ali Wardaya,Tengil gaya lo..so aparat tai lo
Faksi Satrianayudha,Satpam nya diem aja haduh
Angga Jak Lah,up
Wanly Franciscus Bakkara,Up
Paruhum Dominicus,Paling2 materai solusinya. Wkkwwkk
Yongki Septa Dørkṩscreamoe,Tindak lanjuti secara UUD
Dadan,Up
Aziz Abdul Ngashim,Gw polusi
Denz Rangga,"sok jago, ANJIM"
Ari,Guwe pramuka
Nikolay Buyunk Petrenko,Satpamnya planga plongo doang ..
Fitra Syafitra,Sombong amat
Yogi Haryanji,Astagfiraullah
Fendi Pradana,Mentang2
Iqbal Zulfikar,"""gua polisi"""
Aulia Lia Bebwhitec,"Kurang ajar,, sakit hari klo liat yg bgni beraninya sama perempuan,, semoga d hukum yg setimpal"